{"type": "FeatureCollection", "features": [{"type": "Feature", "geometry": {"type": "Point", "coordinates": [106.72204, -6.152756]}, "properties": {"jenis": "halte_non_brt", "nama": "Halte Kertapawita", "jenis_asli": "Reguler", "sumber": "Halte Dinas Bina Marga"}}, {"type": "Feature", "geometry": {"type": "Point", "coordinates": [106.733151, -6.15463]}, "properties": {"jenis": "halte_non_brt", "nama": "Halte Sekolah Harapan Jaya", "jenis_asli": "Reguler", "sumber": "Halte Dinas Bina Marga"}}, {"type": "Feature", "geometry": {"type": "Point", "coordinates": [106.733242, -6.154938]}, "properties": {"jenis": "halte_non_brt", "nama": "halte SDN 02", "jenis_asli": "Reguler", "sumber": "Halte Dinas Bina Marga"}}, {"type": "Feature", "geometry": {"type": "Point", "coordinates": [106.735363, -6.154717]}, "properties": {"jenis": "halte_non_brt", "nama": "Halte daun sisi Selatan", "jenis_asli": "Reguler", "sumber": "Halte Dinas Bina Marga"}}, {"type": "Feature", "geometry": {"type": "Point", "coordinates": [106.741931, -6.154912]}, "properties": {"jenis": "halte_non_brt", "nama": "halte Sahabat", "jenis_asli": "Reguler", "sumber": "Halte Dinas Bina Marga"}}, {"type": "Feature", "geometry": {"type": "Point", "coordinates": [106.749101, -6.15564]}, "properties": {"jenis": "halte_non_brt", "nama": "Halte Jembatan gantung", "jenis_asli": "Reguler", "sumber": "Halte Dinas Bina Marga"}}, {"type": "Feature", "geometry": {"type": "Point", "coordinates": [106.757502, -6.156931]}, "properties": {"jenis": "halte_non_brt", "nama": "Halte R.T Thamrin Taman Kota", "jenis_asli": "Reguler", "sumber": "Halte Dinas Bina Marga"}}, {"type": "Feature", "geometry": {"type": "Point", "coordinates": [106.754759, -6.15639]}, "properties": {"jenis": "halte_non_brt", "nama": "Halte ABC", "jenis_asli": "Reguler", "sumber": "Halte Dinas Bina Marga"}}, {"type": "Feature", "geometry": {"type": "Point", "coordinates": [106.726842, -6.154222]}, "properties": {"jenis": "halte_non_brt", "nama": "Halte Rawa Buaya Kali Mokervart 2", "jenis_asli": "Reguler", "sumber": "Halte Dinas Bina Marga"}}, {"type": "Feature", "geometry": {"type": "Point", "coordinates": [106.726066, -6.153765]}, "properties": {"jenis": "halte_non_brt", "nama": "Halte  Rawa Buaya", "jenis_asli": "Reguler", "sumber": "Halte Dinas Bina Marga"}}, {"type": "Feature", "geometry": {"type": "Point", "coordinates": [106.717322, -6.153885]}, "properties": {"jenis": "halte_non_brt", "nama": "Halte Halte Depan Pelangi Indah Canindo", "jenis_asli": "Reguler", "sumber": "Halte Dinas Bina Marga"}}, {"type": "Feature", "geometry": {"type": "Point", "coordinates": [106.773207, -6.162488]}, "properties": {"jenis": "halte_non_brt", "nama": "Halte SMP Islam Taqwa", "jenis_asli": "Reguler", "sumber": "Halte Dinas Bina Marga"}}, {"type": "Feature", "geometry": {"type": "Point", "coordinates": [106.773127, -6.162674]}, "properties": {"jenis": "halte_non_brt", "nama": "Halte di Jl. Daanmogot (di depan KFC)", "jenis_asli": "Reguler", "sumber": "Halte Dinas Bina Marga"}}, {"type": "Feature", "geometry": {"type": "Point", "coordinates": [106.688511, -6.159459]}, "properties": {"jenis": "halte_non_brt", "nama": "Halte Sebelah Jl. Warung Gantung", "jenis_asli": "Reguler", "sumber": "Halte Dinas Bina Marga"}}, {"type": "Feature", "geometry": {"type": "Point", "coordinates": [106.688511, -6.159459]}, "properties": {"jenis": "halte_non_brt", "nama": "Halte Sebelah Jl. Warung Gantung", "jenis_asli": "Reguler", "sumber": "Halte Dinas Bina Marga"}}, {"type": "Feature", "geometry": {"type": "Point", "coordinates": [106.92526, -6.12726]}, "properties": {"jenis": "halte_non_brt", "nama": "Halte TPU", "jenis_asli": "Reguler", "sumber": "Halte Dinas Bina Marga"}}, {"type": "Feature", "geometry": {"type": "Point", "coordinates": [106.92297, -6.12024]}, "properties": {"jenis": "halte_non_brt", "nama": "Halte SMA 52", "jenis_asli": "Reguler", "sumber": "Halte Dinas Bina Marga"}}, {"type": "Feature", "geometry": {"type": "Point", "coordinates": [106.92435, -6.14957]}, "properties": {"jenis": "halte_non_brt", "nama": "Halte Kelurahan", "jenis_asli": "Reguler", "sumber": "Halte Dinas Bina Marga"}}, {"type": "Feature", "geometry": {"type": "Point", "coordinates": [106.92029, -6.13208]}, "properties": {"jenis": "halte_non_brt", "nama": "Halte Taman", "jenis_asli": "Reguler", "sumber": "Halte Dinas Bina Marga"}}, {"type": "Feature", "geometry": {"type": "Point", "coordinates": [106.921867, -6.135239]}, "properties": {"jenis": "halte_non_brt", "nama": "Halte SMU 75", "jenis_asli": "Reguler", "sumber": "Halte Dinas Bina Marga"}}, {"type": "Feature", "geometry": {"type": "Point", "coordinates": [106.92234, -6.14168]}, "properties": {"jenis": "halte_non_brt", "nama": "Halte Pasar Sukapura", "jenis_asli": "Reguler", "sumber": "Halte Dinas Bina Marga"}}, {"type": "Feature", "geometry": {"type": "Point", "coordinates": [106.93905, -6.10312]}, "properties": {"jenis": "halte_non_brt", "nama": "Halte Kecamatan", "jenis_asli": "Reguler", "sumber": "Halte Dinas Bina Marga"}}, {"type": "Feature", "geometry": {"type": "Point", "coordinates": [106.89314, -6.17503]}, "properties": {"jenis": "halte_non_brt", "nama": "Jl. Perintis Kemerdekaan", "jenis_asli": "Reguler", "sumber": "Halte Dinas Bina Marga"}}, {"type": "Feature", "geometry": {"type": "Point", "coordinates": [106.85768, -6.126293]}, "properties": {"jenis": "halte_non_brt", "nama": "Jl. Danau Sunter Barat Depan Taman BMW", "jenis_asli": "Regular", "sumber": "Halte Dinas Bina Marga"}}, {"type": "Feature", "geometry": {"type": "Point", "coordinates": [106.87859, -6.1386]}, "properties": {"jenis": "halte_non_brt", "nama": "Jl. Danau Sunter Utara (Halte Agung Karya)", "jenis_asli": "Regular", "sumber": "Halte Dinas Bina Marga"}}, {"type": "Feature", "geometry": {"type": "Point", "coordinates": [106.8596, -6.138315]}, "properties": {"jenis": "halte_non_brt", "nama": "Jl. Danau Sunter Utara Ruko Paradise (Halte Pelayaran)", "jenis_asli": "Regular", "sumber": "Halte Dinas Bina Marga"}}, {"type": "Feature", "geometry": {"type": "Point", "coordinates": [106.87187, -6.137634]}, "properties": {"jenis": "halte_non_brt", "nama": "Jl. Danau Sunter Utara Depan Kantor Kelurahan (Halte Kelurahan)", "jenis_asli": "Regular", "sumber": "Halte Dinas Bina Marga"}}, {"type": "Feature", "geometry": {"type": "Point", "coordinates": [106.857305, -6.1244]}, "properties": {"jenis": "halte_non_brt", "nama": "Jl. R.E Martadinata Pertigaan Jl. Baru Ancol Pengadilan", "jenis_asli": "Reguler", "sumber": "Halte Dinas Bina Marga"}}, {"type": "Feature", "geometry": {"type": "Point", "coordinates": [106.8633, -6.1319]}, "properties": {"jenis": "halte_non_brt", "nama": "Jl. Danau Permai  Depan Hotel D RCICI (Halte Nirwana)", "jenis_asli": "Regular", "sumber": "Halte Dinas Bina Marga"}}, {"type": "Feature", "geometry": {"type": "Point", "coordinates": [106.892922, -6.112465]}, "properties": {"jenis": "halte_non_brt", "nama": "Jl. Yos Sudarso RT.5/RW.2, Koja, North Jakarta City, Jakarta (Halte Kebon Bawang)", "jenis_asli": "Regular", "sumber": "Halte Dinas Bina Marga"}}, {"type": "Feature", "geometry": {"type": "Point", "coordinates": [106.89296, -6.11612]}, "properties": {"jenis": "halte_non_brt", "nama": "Jl Yos Sudarso Samping Jalan Bugis", "jenis_asli": "Halte Reguler", "sumber": "Halte Dinas Bina Marga"}}, {"type": "Feature", "geometry": {"type": "Point", "coordinates": [106.91612, -6.12611]}, "properties": {"jenis": "halte_non_brt", "nama": "Jl. Kramat Jaya Seberang Swalayan Ramanyana", "jenis_asli": "Halte Reguler", "sumber": "Halte Dinas Bina Marga"}}, {"type": "Feature", "geometry": {"type": "Point", "coordinates": [106.90772, -6.1294]}, "properties": {"jenis": "halte_non_brt", "nama": "Jl. Plumpang Semper", "jenis_asli": "Halte Reguler", "sumber": "Halte Dinas Bina Marga"}}, {"type": "Feature", "geometry": {"type": "Point", "coordinates": [106.82677, -6.13509]}, "properties": {"jenis": "halte_non_brt", "nama": "Jl. Mangga Dua Raya Depan Bank Shinta", "jenis_asli": "Reguler", "sumber": "Halte Dinas Bina Marga"}}, {"type": "Feature", "geometry": {"type": "Point", "coordinates": [106.83108, -6.131167]}, "properties": {"jenis": "halte_non_brt", "nama": "Jl. Pasir Putih Seberang Hotel Bintang Mas/ Pompa PU", "jenis_asli": "Reguler", "sumber": "Halte Dinas Bina Marga"}}, {"type": "Feature", "geometry": {"type": "Point", "coordinates": [106.84735, -6.12659]}, "properties": {"jenis": "halte_non_brt", "nama": "Jl. Pasir Putih Dekat TL Pintu I Masuk Ancol", "jenis_asli": "Reguler", "sumber": "Halte Dinas Bina Marga"}}, {"type": "Feature", "geometry": {"type": "Point", "coordinates": [106.81789, -6.13109]}, "properties": {"jenis": "halte_non_brt", "nama": "Jl. Lodan Raya Depan Universitas Bunda Mulia", "jenis_asli": "Reguler", "sumber": "Halte Dinas Bina Marga"}}, {"type": "Feature", "geometry": {"type": "Point", "coordinates": [106.82472, -6.13176]}, "properties": {"jenis": "halte_non_brt", "nama": "Jl. R.E Martadinata Depan hotel Alexis", "jenis_asli": "Reguler", "sumber": "Halte Dinas Bina Marga"}}, {"type": "Feature", "geometry": {"type": "Point", "coordinates": [106.8437, -6.12828]}, "properties": {"jenis": "halte_non_brt", "nama": "Jl. R.E Martadinata Depan Ancol", "jenis_asli": "Reguler", "sumber": "Halte Dinas Bina Marga"}}, {"type": "Feature", "geometry": {"type": "Point", "coordinates": [106.83555, -6.12968]}, "properties": {"jenis": "halte_non_brt", "nama": "Jl. R.E Martadinata Depan Ancol", "jenis_asli": "Reguler", "sumber": "Halte Dinas Bina Marga"}}, {"type": "Feature", "geometry": {"type": "Point", "coordinates": [106.79261, -6.1372]}, "properties": {"jenis": "halte_non_brt", "nama": "Jembatan III Depan Sekolah AL-Muchlisin", "jenis_asli": "Halte Reguler", "sumber": "Halte Dinas Bina Marga"}}, {"type": "Feature", "geometry": {"type": "Point", "coordinates": [106.79246, -6.13333]}, "properties": {"jenis": "halte_non_brt", "nama": "Jembatan III Samping RPTRA Dharma Suci", "jenis_asli": "Halte Reguler", "sumber": "Halte Dinas Bina Marga"}}, {"type": "Feature", "geometry": {"type": "Point", "coordinates": [106.79613, -6.13681]}, "properties": {"jenis": "halte_non_brt", "nama": "Jl. Bandengan Utara Dekat Flyover Bandengan Utara", "jenis_asli": "Halte Reguler", "sumber": "Halte Dinas Bina Marga"}}, {"type": "Feature", "geometry": {"type": "Point", "coordinates": [106.79212, -6.1376]}, "properties": {"jenis": "halte_non_brt", "nama": "Jl. Teluk Gong Raya Depan Bank BTN", "jenis_asli": "Halte Reguler", "sumber": "Halte Dinas Bina Marga"}}, {"type": "Feature", "geometry": {"type": "Point", "coordinates": [106.77539, -6.11588]}, "properties": {"jenis": "halte_non_brt", "nama": "Jl. Muara Karang Depan Bank Danamon", "jenis_asli": "Halte Reguler", "sumber": "Halte Dinas Bina Marga"}}, {"type": "Feature", "geometry": {"type": "Point", "coordinates": [106.80972, -6.1265]}, "properties": {"jenis": "halte_non_brt", "nama": "Jl. Ikan Kakap Dekat pintu masuk/ keluar Pelabuhan Sunda Kelapa", "jenis_asli": "Halte Reguler", "sumber": "Halte Dinas Bina Marga"}}, {"type": "Feature", "geometry": {"type": "Point", "coordinates": [106.8044, -6.12644]}, "properties": {"jenis": "halte_non_brt", "nama": "Jl. Muara Baru Depan Rumah Duka Heaven Muara Baru", "jenis_asli": "Halte Reguler", "sumber": "Halte Dinas Bina Marga"}}, {"type": "Feature", "geometry": {"type": "Point", "coordinates": [106.820328, -6.168377]}, "properties": {"jenis": "halte_non_brt", "nama": "Halte Betawi Keramik", "jenis_asli": "Halte Reguler", "sumber": "Halte Dinas Bina Marga"}}, {"type": "Feature", "geometry": {"type": "Point", "coordinates": [106.810796, -6.16597]}, "properties": {"jenis": "halte_non_brt", "nama": "Halte Betawi Minimalis lantai Keramik", "jenis_asli": "Halte Reguler", "sumber": "Halte Dinas Bina Marga"}}, {"type": "Feature", "geometry": {"type": "Point", "coordinates": [106.82085, -6.176204]}, "properties": {"jenis": "halte_non_brt", "nama": "Halte Betawi Minimalis", "jenis_asli": "Halte Reguler", "sumber": "Halte Dinas Bina Marga"}}, {"type": "Feature", "geometry": {"type": "Point", "coordinates": [106.817964, -6.179967]}, "properties": {"jenis": "halte_non_brt", "nama": "Halte Betawi Keramik", "jenis_asli": "Halte Reguler", "sumber": "Halte Dinas Bina Marga"}}, {"type": "Feature", "geometry": {"type": "Point", "coordinates": [106.867044, -6.179772]}, "properties": {"jenis": "halte_non_brt", "nama": "Halte Betawi Minimalis", "jenis_asli": "Halte Reguler", "sumber": "Halte Dinas Bina Marga"}}, {"type": "Feature", "geometry": {"type": "Point", "coordinates": [106.841737, -6.146852]}, "properties": {"jenis": "halte_non_brt", "nama": "Betawi Minimalis", "jenis_asli": "Halte Reguler", "sumber": "Halte Dinas Bina Marga"}}, {"type": "Feature", "geometry": {"type": "Point", "coordinates": [106.866784, -6.170669]}, "properties": {"jenis": "halte_non_brt", "nama": "Betawi Keramik", "jenis_asli": "Halte Reguler", "sumber": "Halte Dinas Bina Marga"}}, {"type": "Feature", "geometry": {"type": "Point", "coordinates": [106.83238, -6.144534]}, "properties": {"jenis": "halte_non_brt", "nama": "Betawi Keramik", "jenis_asli": "Halte Reguler", "sumber": "Halte Dinas Bina Marga"}}, {"type": "Feature", "geometry": {"type": "Point", "coordinates": [106.825083, -6.188658]}, "properties": {"jenis": "halte_non_brt", "nama": "Halte Betawi Keramik", "jenis_asli": "Halte Reguler", "sumber": "Halte Dinas Bina Marga"}}, {"type": "Feature", "geometry": {"type": "Point", "coordinates": [106.805121, -6.193995]}, "properties": {"jenis": "halte_non_brt", "nama": "Halte Betawi Minimalis", "jenis_asli": "Halte Reguler", "sumber": "Halte Dinas Bina Marga"}}, {"type": "Feature", "geometry": {"type": "Point", "coordinates": [106.80072, -6.200263]}, "properties": {"jenis": "halte_non_brt", "nama": "Halte Betawi Minimalis", "jenis_asli": "Halte Reguler", "sumber": "Halte Dinas Bina Marga"}}, {"type": "Feature", "geometry": {"type": "Point", "coordinates": [106.864348, -6.187499]}, "properties": {"jenis": "halte_non_brt", "nama": "Halte Betawi Minimalis", "jenis_asli": "Halte Reguler", "sumber": "Halte Dinas Bina Marga"}}, {"type": "Feature", "geometry": {"type": "Point", "coordinates": [106.796469, -6.206444]}, "properties": {"jenis": "halte_non_brt", "nama": "Halte Betawi Minimalis", "jenis_asli": "Halte Reguler", "sumber": "Halte Dinas Bina Marga"}}, {"type": "Feature", "geometry": {"type": "Point", "coordinates": [106.79784, -6.20745]}, "properties": {"jenis": "halte_non_brt", "nama": "Halte Betawi Keramik", "jenis_asli": "Halte Reguler", "sumber": "Halte Dinas Bina Marga"}}, {"type": "Feature", "geometry": {"type": "Point", "coordinates": [106.842764, -6.146393]}, "properties": {"jenis": "halte_non_brt", "nama": "Betawi Minimalis", "jenis_asli": "Halte Reguler", "sumber": "Halte Dinas Bina Marga"}}, {"type": "Feature", "geometry": {"type": "Point", "coordinates": [106.831127, -6.18937]}, "properties": {"jenis": "halte_non_brt", "nama": "Halte Betawi Keramik", "jenis_asli": "Halte Reguler", "sumber": "Halte Dinas Bina Marga"}}, {"type": "Feature", "geometry": {"type": "Point", "coordinates": [106.808536, -6.204172]}, "properties": {"jenis": "halte_non_brt", "nama": "Halte Betawi Mmimalis", "jenis_asli": "Halte Reguler", "sumber": "Halte Dinas Bina Marga"}}, {"type": "Feature", "geometry": {"type": "Point", "coordinates": [106.842665, -6.179505]}, "properties": {"jenis": "halte_non_brt", "nama": "Betawi Keramik", "jenis_asli": "Halte Reguler", "sumber": "Halte Dinas Bina Marga"}}, {"type": "Feature", "geometry": {"type": "Point", "coordinates": [106.814927, -6.191998]}, "properties": {"jenis": "halte_non_brt", "nama": "Halte Betawi Keramik", "jenis_asli": "Halte Reguler", "sumber": "Halte Dinas Bina Marga"}}, {"type": "Feature", "geometry": {"type": "Point", "coordinates": [106.83283, -6.199944]}, "properties": {"jenis": "halte_non_brt", "nama": "Halte Betawi Keramik Panjang 10 Meter", "jenis_asli": "Halte Reguler", "sumber": "Halte Dinas Bina Marga"}}, {"type": "Feature", "geometry": {"type": "Point", "coordinates": [106.846301, -6.17478]}, "properties": {"jenis": "halte_non_brt", "nama": "Betawi Keramik", "jenis_asli": "Halte Reguler", "sumber": "Halte Dinas Bina Marga"}}, {"type": "Feature", "geometry": {"type": "Point", "coordinates": [106.834095, -6.166586]}, "properties": {"jenis": "halte_non_brt", "nama": "Betawi Keramik Panjang 10 Meter", "jenis_asli": "Halte Reguler", "sumber": "Halte Dinas Bina Marga"}}, {"type": "Feature", "geometry": {"type": "Point", "coordinates": [106.844286, -6.18455]}, "properties": {"jenis": "halte_non_brt", "nama": "Betawi Keramik", "jenis_asli": "Halte Reguler", "sumber": "Halte Dinas Bina Marga"}}, {"type": "Feature", "geometry": {"type": "Point", "coordinates": [106.797748, -6.203549]}, "properties": {"jenis": "halte_non_brt", "nama": "Halte Betawi Minimalis", "jenis_asli": "Halte Reguler", "sumber": "Halte Dinas Bina Marga"}}, {"type": "Feature", "geometry": {"type": "Point", "coordinates": [106.795235, -6.193215]}, "properties": {"jenis": "halte_non_brt", "nama": "Halte SMP 88", "jenis_asli": "Reguler", "sumber": "Halte Dinas Bina Marga"}}, {"type": "Feature", "geometry": {"type": "Point", "coordinates": [106.795415, -6.192716]}, "properties": {"jenis": "halte_non_brt", "nama": "Halte Komplek Koramil", "jenis_asli": "Reguler", "sumber": "Halte Dinas Bina Marga"}}, {"type": "Feature", "geometry": {"type": "Point", "coordinates": [106.782319, -6.191129]}, "properties": {"jenis": "halte_non_brt", "nama": "Halte di jl. Budi Raya (di depan SMA 78)", "jenis_asli": "Reguler", "sumber": "Halte Dinas Bina Marga"}}, {"type": "Feature", "geometry": {"type": "Point", "coordinates": [106.764149, -6.158611]}, "properties": {"jenis": "halte_non_brt", "nama": "Halte Green Garden sisi Selatan ( Halte Masjid ),jl.daan mogot", "jenis_asli": "Reguler", "sumber": "Halte Dinas Bina Marga"}}, {"type": "Feature", "geometry": {"type": "Point", "coordinates": [106.777911, -6.164337]}, "properties": {"jenis": "halte_non_brt", "nama": "Halte Citra Kreasi Makmur,Jl. Daan Mogot Raya", "jenis_asli": "Reguler", "sumber": "Halte Dinas Bina Marga"}}, {"type": "Feature", "geometry": {"type": "Point", "coordinates": [106.787493, -6.166593]}, "properties": {"jenis": "halte_non_brt", "nama": "Halte Sebrang Citraland", "jenis_asli": "Reguler", "sumber": "Halte Dinas Bina Marga"}}, {"type": "Feature", "geometry": {"type": "Point", "coordinates": [106.787115, -6.166871]}, "properties": {"jenis": "halte_non_brt", "nama": "Halte 3  Mall Citraland samping JPO,", "jenis_asli": "Reguler", "sumber": "Halte Dinas Bina Marga"}}, {"type": "Feature", "geometry": {"type": "Point", "coordinates": [106.779163, -6.164972]}, "properties": {"jenis": "halte_non_brt", "nama": "Halte di Jl. Daanmogot (di depan Bengkel Bridgestone)", "jenis_asli": "Reguler", "sumber": "Halte Dinas Bina Marga"}}, {"type": "Feature", "geometry": {"type": "Point", "coordinates": [106.722346, -6.153076]}, "properties": {"jenis": "halte_non_brt", "nama": "halte timbul Jaya", "jenis_asli": "Reguler", "sumber": "Halte Dinas Bina Marga"}}, {"type": "Feature", "geometry": {"type": "Point", "coordinates": [106.698047, -6.158912]}, "properties": {"jenis": "halte_non_brt", "nama": "Halte Sebelah  Komplek Kodam", "jenis_asli": "Reguler", "sumber": "Halte Dinas Bina Marga"}}, {"type": "Feature", "geometry": {"type": "Point", "coordinates": [106.6981, -6.159006]}, "properties": {"jenis": "halte_non_brt", "nama": "Halte Sebrang Komplek Kodam", "jenis_asli": "Reguler", "sumber": "Halte Dinas Bina Marga"}}, {"type": "Feature", "geometry": {"type": "Point", "coordinates": [106.699665, -6.158497]}, "properties": {"jenis": "halte_non_brt", "nama": "Halte Samping Gg. Bali 2", "jenis_asli": "Reguler", "sumber": "Halte Dinas Bina Marga"}}, {"type": "Feature", "geometry": {"type": "Point", "coordinates": [106.699991, -6.158548]}, "properties": {"jenis": "halte_non_brt", "nama": "Halte Sebrang Gg. Bali 2", "jenis_asli": "Reguler", "sumber": "Halte Dinas Bina Marga"}}, {"type": "Feature", "geometry": {"type": "Point", "coordinates": [106.709257, -6.155805]}, "properties": {"jenis": "halte_non_brt", "nama": "Halte Dekat Tanah Pertamina", "jenis_asli": "Reguler", "sumber": "Halte Dinas Bina Marga"}}, {"type": "Feature", "geometry": {"type": "Point", "coordinates": [106.709479, -6.155887]}, "properties": {"jenis": "halte_non_brt", "nama": "Halte Dekat Damoci", "jenis_asli": "Reguler", "sumber": "Halte Dinas Bina Marga"}}, {"type": "Feature", "geometry": {"type": "Point", "coordinates": [106.715257, -6.154854]}, "properties": {"jenis": "halte_non_brt", "nama": "Halte Pesakih", "jenis_asli": "Reguler", "sumber": "Halte Dinas Bina Marga"}}, {"type": "Feature", "geometry": {"type": "Point", "coordinates": [106.704796, -6.15642]}, "properties": {"jenis": "halte_non_brt", "nama": "Halte Dekat Polri", "jenis_asli": "Reguler", "sumber": "Halte Dinas Bina Marga"}}, {"type": "Feature", "geometry": {"type": "Point", "coordinates": [106.704978, -6.156603]}, "properties": {"jenis": "halte_non_brt", "nama": "Halte Jembatan Hipli", "jenis_asli": "Reguler", "sumber": "Halte Dinas Bina Marga"}}, {"type": "Feature", "geometry": {"type": "Point", "coordinates": [106.703295, -6.157242]}, "properties": {"jenis": "halte_non_brt", "nama": "Halte Sebrang Pertigaan Peta Selatan", "jenis_asli": "Reguler", "sumber": "Halte Dinas Bina Marga"}}, {"type": "Feature", "geometry": {"type": "Point", "coordinates": [106.718617, -6.183619]}, "properties": {"jenis": "halte_non_brt", "nama": "Halte Yasa Husada", "jenis_asli": "Reguler", "sumber": "Halte Dinas Bina Marga"}}, {"type": "Feature", "geometry": {"type": "Point", "coordinates": [106.820213, -6.139784]}, "properties": {"jenis": "halte_non_brt", "nama": "Halte Jl.Pangeran Jayakarta sisi kiri", "jenis_asli": "Reguler", "sumber": "Halte Dinas Bina Marga"}}, {"type": "Feature", "geometry": {"type": "Point", "coordinates": [106.724606, -6.166278]}, "properties": {"jenis": "halte_non_brt", "nama": "Halte Depan SD 09 Duri Kosambi", "jenis_asli": "Reguler", "sumber": "Halte Dinas Bina Marga"}}, {"type": "Feature", "geometry": {"type": "Point", "coordinates": [106.722121, -6.171851]}, "properties": {"jenis": "halte_non_brt", "nama": "Halte H selong", "jenis_asli": "Reguler", "sumber": "Halte Dinas Bina Marga"}}, {"type": "Feature", "geometry": {"type": "Point", "coordinates": [106.815774, -6.137928]}, "properties": {"jenis": "halte_non_brt", "nama": "Halte Beos (Jl.Jembatan Batu)", "jenis_asli": "Reguler", "sumber": "Halte Dinas Bina Marga"}}, {"type": "Feature", "geometry": {"type": "Point", "coordinates": [106.81608, -6.138057]}, "properties": {"jenis": "halte_non_brt", "nama": "Halte di SMP 22/SD 06 (Jl.Jembatan Batu)", "jenis_asli": "Reguler", "sumber": "Halte Dinas Bina Marga"}}, {"type": "Feature", "geometry": {"type": "Point", "coordinates": [106.921813, -6.219996]}, "properties": {"jenis": "halte_non_brt", "nama": "Jl.Buaran III", "jenis_asli": "HALTE Reguler / BUARAN", "sumber": "Halte Dinas Bina Marga"}}, {"type": "Feature", "geometry": {"type": "Point", "coordinates": [106.93437, -6.23652]}, "properties": {"jenis": "halte_non_brt", "nama": "Jl. Pondok Kelapa Raya dekat Bimbel KSM", "jenis_asli": "HALTE Reguler / PONDOK KELAPA", "sumber": "Halte Dinas Bina Marga"}}, {"type": "Feature", "geometry": {"type": "Point", "coordinates": [106.910903, -6.221198]}, "properties": {"jenis": "halte_non_brt", "nama": "Jl. Duren Sawit", "jenis_asli": "HALTE Reguler / DUREN SAWIT", "sumber": "Halte Dinas Bina Marga"}}, {"type": "Feature", "geometry": {"type": "Point", "coordinates": [106.941999, -6.248881]}, "properties": {"jenis": "halte_non_brt", "nama": "Jl. Kalimalang dkt Gang Manggar", "jenis_asli": "HALTE Reguler / H NAMAN", "sumber": "Halte Dinas Bina Marga"}}, {"type": "Feature", "geometry": {"type": "Point", "coordinates": [106.898771, -6.227307]}, "properties": {"jenis": "halte_non_brt", "nama": "Jl. Pahlawan Revolusi dpn Ditjen Anggaran", "jenis_asli": "HALTE Reguler / DIRJEN ANGGARAN", "sumber": "Halte Dinas Bina Marga"}}, {"type": "Feature", "geometry": {"type": "Point", "coordinates": [106.923903, -6.220359]}, "properties": {"jenis": "halte_non_brt", "nama": "Jl. Perumnas Raya smpng Jl. Delima", "jenis_asli": "HALTE Reguler / PERUMNAS RAYA", "sumber": "Halte Dinas Bina Marga"}}, {"type": "Feature", "geometry": {"type": "Point", "coordinates": [106.927415, -6.216211]}, "properties": {"jenis": "halte_non_brt", "nama": "Jl. I Gusti Ngurah Rai", "jenis_asli": "HALTE Reguler / TANPA NAMA", "sumber": "Halte Dinas Bina Marga"}}, {"type": "Feature", "geometry": {"type": "Point", "coordinates": [106.908454, -6.246839]}, "properties": {"jenis": "halte_non_brt", "nama": "Jl. Kalimalang, Putera I", "jenis_asli": "HALTE Reguler / PANGKALAN JATI", "sumber": "Halte Dinas Bina Marga"}}, {"type": "Feature", "geometry": {"type": "Point", "coordinates": [106.934358, -6.239461]}, "properties": {"jenis": "halte_non_brt", "nama": "Jl. Pondok Kelapa", "jenis_asli": "HALTE Reguler / PEMADAM", "sumber": "Halte Dinas Bina Marga"}}, {"type": "Feature", "geometry": {"type": "Point", "coordinates": [106.921553, -6.240344]}, "properties": {"jenis": "halte_non_brt", "nama": "Jl. Raden Inten II Kec. Duren Sawit", "jenis_asli": "HALTE Reguler / TAMAN DUREN SAWIT", "sumber": "Halte Dinas Bina Marga"}}, {"type": "Feature", "geometry": {"type": "Point", "coordinates": [106.876027, -6.231318]}, "properties": {"jenis": "halte_non_brt", "nama": "Jl. Kalimalang", "jenis_asli": "HALTE Reguler / BILLY MOON", "sumber": "Halte Dinas Bina Marga"}}, {"type": "Feature", "geometry": {"type": "Point", "coordinates": [106.891028, -6.229399]}, "properties": {"jenis": "halte_non_brt", "nama": "Jl. Cipinang Indah", "jenis_asli": "HALTE Reguler / CIPINANG INDAH", "sumber": "Halte Dinas Bina Marga"}}, {"type": "Feature", "geometry": {"type": "Point", "coordinates": [106.918049, -6.220673]}, "properties": {"jenis": "halte_non_brt", "nama": "Jl. Buaran/Jl. Raya perumnas (Nurul Fikri)", "jenis_asli": "HALTE Reguler / NURUL FIQRI", "sumber": "Halte Dinas Bina Marga"}}, {"type": "Feature", "geometry": {"type": "Point", "coordinates": [106.926614, -6.247952]}, "properties": {"jenis": "halte_non_brt", "nama": "Jl. Kalimalang seberang Giant", "jenis_asli": "HALTE Reguler / KAV.MARINIR", "sumber": "Halte Dinas Bina Marga"}}, {"type": "Feature", "geometry": {"type": "Point", "coordinates": [106.912058, -6.247702]}, "properties": {"jenis": "halte_non_brt", "nama": "Jl. Kalimalang Seberang Mulia Teknik", "jenis_asli": "HALTE Reguler / KAV.AGRARIA", "sumber": "Halte Dinas Bina Marga"}}, {"type": "Feature", "geometry": {"type": "Point", "coordinates": [106.910672, -6.247349]}, "properties": {"jenis": "halte_non_brt", "nama": "Jl. Kalimalang Cipinang bali", "jenis_asli": "HALTE Reguler / MEGATAMA", "sumber": "Halte Dinas Bina Marga"}}, {"type": "Feature", "geometry": {"type": "Point", "coordinates": [106.911917, -6.24777]}, "properties": {"jenis": "halte_non_brt", "nama": "Jl. Kalimalang -Mesjid Almuqorobin", "jenis_asli": "HALTE Reguler / KAV. AGRARIA", "sumber": "Halte Dinas Bina Marga"}}, {"type": "Feature", "geometry": {"type": "Point", "coordinates": [106.942132, -6.249441]}, "properties": {"jenis": "halte_non_brt", "nama": "Jl. H. Naman, Kec. Duren Sawit", "jenis_asli": "HALTE Reguler / H NAMAN", "sumber": "Halte Dinas Bina Marga"}}, {"type": "Feature", "geometry": {"type": "Point", "coordinates": [106.92383, -6.219334]}, "properties": {"jenis": "halte_non_brt", "nama": "Jl. KRT Radjiman sisi Barat, Kec. Cakung", "jenis_asli": "HALTE Reguler / SMKN 48", "sumber": "Halte Dinas Bina Marga"}}, {"type": "Feature", "geometry": {"type": "Point", "coordinates": [106.899111, -6.242605]}, "properties": {"jenis": "halte_non_brt", "nama": "Jl. Kalimalang Pusaka Nusantara", "jenis_asli": "HALTE Reguler / BOROBUDUR", "sumber": "Halte Dinas Bina Marga"}}, {"type": "Feature", "geometry": {"type": "Point", "coordinates": [106.880153, -6.193001]}, "properties": {"jenis": "halte_non_brt", "nama": "Jl. Pemuda, UNJ", "jenis_asli": "Reguler/Halte UNJ", "sumber": "Halte Dinas Bina Marga"}}, {"type": "Feature", "geometry": {"type": "Point", "coordinates": [106.879262, -6.196848]}, "properties": {"jenis": "halte_non_brt", "nama": "Jl. Rawamangun Muka, Seberang UNJ", "jenis_asli": "Reguler/HALTE UNJ", "sumber": "Halte Dinas Bina Marga"}}, {"type": "Feature", "geometry": {"type": "Point", "coordinates": [106.890333, -6.20775]}, "properties": {"jenis": "halte_non_brt", "nama": "Jl. Cipinang Baru Raya, Depan Korsik", "jenis_asli": "Reguler/Halte Korsic", "sumber": "Halte Dinas Bina Marga"}}, {"type": "Feature", "geometry": {"type": "Point", "coordinates": [106.904959, -6.19776]}, "properties": {"jenis": "halte_non_brt", "nama": "Jl. Raya Bekasi Depan SDN Jatinegara Kaum Kec.  Pulogadung", "jenis_asli": "Reguler/Halte SDN Jatinegara Kaum", "sumber": "Halte Dinas Bina Marga"}}, {"type": "Feature", "geometry": {"type": "Point", "coordinates": [106.897917, -6.198278]}, "properties": {"jenis": "halte_non_brt", "nama": "Jl. Layur, Kec. Pulo Gadung", "jenis_asli": "Reguler/Halte Layur", "sumber": "Halte Dinas Bina Marga"}}, {"type": "Feature", "geometry": {"type": "Point", "coordinates": [106.897171, -6.201003]}, "properties": {"jenis": "halte_non_brt", "nama": "Jl. Layur Simpang Jl. Perhubungan Kec Pulogadung", "jenis_asli": "Reguler/HALTE BANGUNAN STASIUN BUS LAIN", "sumber": "Halte Dinas Bina Marga"}}, {"type": "Feature", "geometry": {"type": "Point", "coordinates": [106.885139, -6.202167]}, "properties": {"jenis": "halte_non_brt", "nama": "Jl.Persahabatan Utara", "jenis_asli": "Reguler/Halte RS Persahabatan", "sumber": "Halte Dinas Bina Marga"}}, {"type": "Feature", "geometry": {"type": "Point", "coordinates": [106.894434, -6.210159]}, "properties": {"jenis": "halte_non_brt", "nama": "Jl. Raya Bekasi Timur", "jenis_asli": "Reguler/HALTE DPN SMK KEMALA BAYANGKARI 1", "sumber": "Halte Dinas Bina Marga"}}, {"type": "Feature", "geometry": {"type": "Point", "coordinates": [106.890503, -6.211233]}, "properties": {"jenis": "halte_non_brt", "nama": "Jl.Bekasi Timur Logistic, Gang Subuh", "jenis_asli": "Reguler/Halte Gang Subuh", "sumber": "Halte Dinas Bina Marga"}}, {"type": "Feature", "geometry": {"type": "Point", "coordinates": [106.888824, -6.193639]}, "properties": {"jenis": "halte_non_brt", "nama": "Jl. Pemuda smping SPBU", "jenis_asli": "Reguler/Halte Balai Pustaka Baru", "sumber": "Halte Dinas Bina Marga"}}, {"type": "Feature", "geometry": {"type": "Point", "coordinates": [106.88662, -6.27634]}, "properties": {"jenis": "halte_non_brt", "nama": "Jl. Halim Golf depan SMA 67 Kec. Makasar", "jenis_asli": "Halte Reguler / SMU 67", "sumber": "Halte Dinas Bina Marga"}}, {"type": "Feature", "geometry": {"type": "Point", "coordinates": [106.899111, -6.242605]}, "properties": {"jenis": "halte_non_brt", "nama": "Jl. Kalimalang Pusaka Nusantara", "jenis_asli": "HALTE Reguler / BOROBUDUR", "sumber": "Halte Dinas Bina Marga"}}, {"type": "Feature", "geometry": {"type": "Point", "coordinates": [106.89134, -6.24931]}, "properties": {"jenis": "halte_non_brt", "nama": "Jl. Mahhfilindo dekat Masjid Darul Huda Halim Kec. Makasar", "jenis_asli": "Halte Reguler / Masjid Darul Huda", "sumber": "Halte Dinas Bina Marga"}}, {"type": "Feature", "geometry": {"type": "Point", "coordinates": [106.88848, -6.2513]}, "properties": {"jenis": "halte_non_brt", "nama": "Jl. Manahua depan Pasar Kec. Makasar", "jenis_asli": "Halte Reguler / Pasar Mini", "sumber": "Halte Dinas Bina Marga"}}, {"type": "Feature", "geometry": {"type": "Point", "coordinates": [106.8917, -6.25664]}, "properties": {"jenis": "halte_non_brt", "nama": "Jl. Rajawali depan RS Angkatan Udara Kec. Makasar", "jenis_asli": "Halte Reguler / Ruspau", "sumber": "Halte Dinas Bina Marga"}}, {"type": "Feature", "geometry": {"type": "Point", "coordinates": [106.87599, -6.26527]}, "properties": {"jenis": "halte_non_brt", "nama": "Jl. Cililitan Besar dpn Intirub", "jenis_asli": "Halte Reguler / Intirub", "sumber": "Halte Dinas Bina Marga"}}, {"type": "Feature", "geometry": {"type": "Point", "coordinates": [106.729931, -6.219019]}, "properties": {"jenis": "halte_non_brt", "nama": "Halte Murni", "jenis_asli": "Reguler", "sumber": "Halte Dinas Bina Marga"}}, {"type": "Feature", "geometry": {"type": "Point", "coordinates": [106.820671, -6.139904]}, "properties": {"jenis": "halte_non_brt", "nama": "Halte Jl.Pangeran Jayakarta sisi kanan", "jenis_asli": "Reguler", "sumber": "Halte Dinas Bina Marga"}}, {"type": "Feature", "geometry": {"type": "Point", "coordinates": [106.735373, -6.22005]}, "properties": {"jenis": "halte_non_brt", "nama": "Halte Kelurahan Joglo", "jenis_asli": "Reguler", "sumber": "Halte Dinas Bina Marga"}}, {"type": "Feature", "geometry": {"type": "Point", "coordinates": [106.723041, -6.220435]}, "properties": {"jenis": "halte_non_brt", "nama": "Halte El Shinta", "jenis_asli": "Reguler", "sumber": "Halte Dinas Bina Marga"}}, {"type": "Feature", "geometry": {"type": "Point", "coordinates": [106.726806, -6.21914]}, "properties": {"jenis": "halte_non_brt", "nama": "Halte Pemadam", "jenis_asli": "Reguler", "sumber": "Halte Dinas Bina Marga"}}, {"type": "Feature", "geometry": {"type": "Point", "coordinates": [106.746493, -6.131379]}, "properties": {"jenis": "halte_non_brt", "nama": "Halte Kelurahan kapuk", "jenis_asli": "Reguler", "sumber": "Halte Dinas Bina Marga"}}, {"type": "Feature", "geometry": {"type": "Point", "coordinates": [106.804447, -6.196998]}, "properties": {"jenis": "halte_non_brt", "nama": "Halte Salfator", "jenis_asli": "Reguler", "sumber": "Halte Dinas Bina Marga"}}, {"type": "Feature", "geometry": {"type": "Point", "coordinates": [106.804852, -6.196243]}, "properties": {"jenis": "halte_non_brt", "nama": "Halte Brimob", "jenis_asli": "Reguler", "sumber": "Halte Dinas Bina Marga"}}, {"type": "Feature", "geometry": {"type": "Point", "coordinates": [106.805146, -6.195017]}, "properties": {"jenis": "halte_non_brt", "nama": "Halte Bus Petamburan", "jenis_asli": "Reguler", "sumber": "Halte Dinas Bina Marga"}}, {"type": "Feature", "geometry": {"type": "Point", "coordinates": [106.805301, -6.193536]}, "properties": {"jenis": "halte_non_brt", "nama": "Halte RS. PELNI", "jenis_asli": "Reguler", "sumber": "Halte Dinas Bina Marga"}}, {"type": "Feature", "geometry": {"type": "Point", "coordinates": [106.808441, -6.188713]}, "properties": {"jenis": "halte_non_brt", "nama": "Halte SDN 03", "jenis_asli": "Reguler", "sumber": "Halte Dinas Bina Marga"}}, {"type": "Feature", "geometry": {"type": "Point", "coordinates": [106.778207, -6.213424]}, "properties": {"jenis": "halte_non_brt", "nama": "Halte di Jl. Raya Kebayoran lama (di depan menara prima)", "jenis_asli": "Reguler", "sumber": "Halte Dinas Bina Marga"}}, {"type": "Feature", "geometry": {"type": "Point", "coordinates": [106.776065, -6.216193]}, "properties": {"jenis": "halte_non_brt", "nama": "Halte di Jl. Raya Pos Pengumben ( di depan SD Islam Al Falah)", "jenis_asli": "Reguler", "sumber": "Halte Dinas Bina Marga"}}, {"type": "Feature", "geometry": {"type": "Point", "coordinates": [106.772936, -6.197501]}, "properties": {"jenis": "halte_non_brt", "nama": "Halte di Jl. Raya Kebon Jeruk (di depan SMP 229)", "jenis_asli": "Reguler", "sumber": "Halte Dinas Bina Marga"}}, {"type": "Feature", "geometry": {"type": "Point", "coordinates": [106.77864, -6.198998]}, "properties": {"jenis": "halte_non_brt", "nama": "Halte di jl. Raya Kebon Jeruk( di depan Paud Ar Rahmah)", "jenis_asli": "Reguler", "sumber": "Halte Dinas Bina Marga"}}, {"type": "Feature", "geometry": {"type": "Point", "coordinates": [106.773261, -6.185339]}, "properties": {"jenis": "halte_non_brt", "nama": "Halte di Jl. Kebon Raya (didepan Kelurahan Duri Kepa)", "jenis_asli": "Reguler", "sumber": "Halte Dinas Bina Marga"}}, {"type": "Feature", "geometry": {"type": "Point", "coordinates": [106.761793, -6.188781]}, "properties": {"jenis": "halte_non_brt", "nama": "Halte di Jl. Kedoya Raya (di depan TPU Rawa Kopi)", "jenis_asli": "Reguler", "sumber": "Halte Dinas Bina Marga"}}, {"type": "Feature", "geometry": {"type": "Point", "coordinates": [106.759403, -6.173915]}, "properties": {"jenis": "halte_non_brt", "nama": "Halte di Jl. Kedoya Raya dpn SD 01 pagi", "jenis_asli": "Reguler", "sumber": "Halte Dinas Bina Marga"}}, {"type": "Feature", "geometry": {"type": "Point", "coordinates": [106.760023, -6.170944]}, "properties": {"jenis": "halte_non_brt", "nama": "Halte di Jl. Kedoya raya dpn TPU Gadog", "jenis_asli": "Reguler", "sumber": "Halte Dinas Bina Marga"}}, {"type": "Feature", "geometry": {"type": "Point", "coordinates": [106.78553, -6.175667]}, "properties": {"jenis": "halte_non_brt", "nama": "Halte di Jl. Kedoya Raya (di depan Alfamidi)", "jenis_asli": "Reguler", "sumber": "Halte Dinas Bina Marga"}}, {"type": "Feature", "geometry": {"type": "Point", "coordinates": [106.765204, -6.163868]}, "properties": {"jenis": "halte_non_brt", "nama": "Halte di Jl. Kedoya Raya (Pesing) di depan Pasar Kedoya", "jenis_asli": "Reguler", "sumber": "Halte Dinas Bina Marga"}}, {"type": "Feature", "geometry": {"type": "Point", "coordinates": [106.758007, -6.177039]}, "properties": {"jenis": "halte_non_brt", "nama": "Halte SPBU di Jl. Kedoya Raya di depan Pom Bensin Pertamina", "jenis_asli": "Reguler", "sumber": "Halte Dinas Bina Marga"}}, {"type": "Feature", "geometry": {"type": "Point", "coordinates": [106.761838, -6.187524]}, "properties": {"jenis": "halte_non_brt", "nama": "Halte di Jl. Kedoya Raya (di depan RS Cendana)", "jenis_asli": "Reguler", "sumber": "Halte Dinas Bina Marga"}}, {"type": "Feature", "geometry": {"type": "Point", "coordinates": [106.761228, -6.180655]}, "properties": {"jenis": "halte_non_brt", "nama": "Halte di Jl. Kedoya Duri", "jenis_asli": "Reguler", "sumber": "Halte Dinas Bina Marga"}}, {"type": "Feature", "geometry": {"type": "Point", "coordinates": [106.769246, -6.207246]}, "properties": {"jenis": "halte_non_brt", "nama": "Halte di Jl. Raya kelapa dua dpn SD 01 pagi", "jenis_asli": "Reguler", "sumber": "Halte Dinas Bina Marga"}}, {"type": "Feature", "geometry": {"type": "Point", "coordinates": [106.785605, -6.188504]}, "properties": {"jenis": "halte_non_brt", "nama": "Halte Komplek Pajak", "jenis_asli": "Reguler", "sumber": "Halte Dinas Bina Marga"}}, {"type": "Feature", "geometry": {"type": "Point", "coordinates": [106.784506, -6.188284]}, "properties": {"jenis": "halte_non_brt", "nama": "Halte Pusdiklat", "jenis_asli": "Reguler", "sumber": "Halte Dinas Bina Marga"}}, {"type": "Feature", "geometry": {"type": "Point", "coordinates": [106.788528, -6.189425]}, "properties": {"jenis": "halte_non_brt", "nama": "Halte Kemanggisan", "jenis_asli": "Reguler", "sumber": "Halte Dinas Bina Marga"}}, {"type": "Feature", "geometry": {"type": "Point", "coordinates": [106.794346, -6.189677]}, "properties": {"jenis": "halte_non_brt", "nama": "Halte Kemanggisa Utama (Arah Ke Plaza Slipi)", "jenis_asli": "Reguler", "sumber": "Halte Dinas Bina Marga"}}, {"type": "Feature", "geometry": {"type": "Point", "coordinates": [106.794261, -6.18982]}, "properties": {"jenis": "halte_non_brt", "nama": "Halte Kemanggisan Utama (Arah Tugu Manggis)", "jenis_asli": "Reguler", "sumber": "Halte Dinas Bina Marga"}}, {"type": "Feature", "geometry": {"type": "Point", "coordinates": [106.72396, -6.188997]}, "properties": {"jenis": "halte_non_brt", "nama": "Halte Kembangan Selatan", "jenis_asli": "Reguler", "sumber": "Halte Dinas Bina Marga"}}, {"type": "Feature", "geometry": {"type": "Point", "coordinates": [106.728086, -6.149143]}, "properties": {"jenis": "halte_non_brt", "nama": "Halte SD 05 pagi", "jenis_asli": "Reguler", "sumber": "Halte Dinas Bina Marga"}}, {"type": "Feature", "geometry": {"type": "Point", "coordinates": [106.727969, -6.151004]}, "properties": {"jenis": "halte_non_brt", "nama": "Halte Puri Agung", "jenis_asli": "Reguler", "sumber": "Halte Dinas Bina Marga"}}, {"type": "Feature", "geometry": {"type": "Point", "coordinates": [106.780296, -6.18065]}, "properties": {"jenis": "halte_non_brt", "nama": "Halte Jl. Lontar Raya", "jenis_asli": "Reguler", "sumber": "Halte Dinas Bina Marga"}}, {"type": "Feature", "geometry": {"type": "Point", "coordinates": [106.823, -6.14917]}, "properties": {"jenis": "halte_non_brt", "nama": "Halte Jl.Mangga Besar Raya sisi kanan", "jenis_asli": "Reguler", "sumber": "Halte Dinas Bina Marga"}}, {"type": "Feature", "geometry": {"type": "Point", "coordinates": [106.745667, -6.1976]}, "properties": {"jenis": "halte_non_brt", "nama": "Halte Superindo", "jenis_asli": "Reguler", "sumber": "Halte Dinas Bina Marga"}}, {"type": "Feature", "geometry": {"type": "Point", "coordinates": [106.728663, -6.144563]}, "properties": {"jenis": "halte_non_brt", "nama": "HALTE PUSKESMAS CENGKARENG", "jenis_asli": "Reguler", "sumber": "Halte Dinas Bina Marga"}}, {"type": "Feature", "geometry": {"type": "Point", "coordinates": [106.727787, -6.147966]}, "properties": {"jenis": "halte_non_brt", "nama": "HALTE BSI JORR W1 SISI BARAT", "jenis_asli": "Reguler", "sumber": "Halte Dinas Bina Marga"}}, {"type": "Feature", "geometry": {"type": "Point", "coordinates": [106.730399, -6.13782]}, "properties": {"jenis": "halte_non_brt", "nama": "RSUD Cengkareng", "jenis_asli": "Reguler", "sumber": "Halte Dinas Bina Marga"}}, {"type": "Feature", "geometry": {"type": "Point", "coordinates": [106.73132, -6.140608]}, "properties": {"jenis": "halte_non_brt", "nama": "halte Carefour", "jenis_asli": "Reguler", "sumber": "Halte Dinas Bina Marga"}}, {"type": "Feature", "geometry": {"type": "Point", "coordinates": [106.729501, -6.143263]}, "properties": {"jenis": "halte_non_brt", "nama": "HALTE UNIV. SATYAGAMA, JORR W1", "jenis_asli": "Reguler", "sumber": "Halte Dinas Bina Marga"}}, {"type": "Feature", "geometry": {"type": "Point", "coordinates": [106.72786, -6.156951]}, "properties": {"jenis": "halte_non_brt", "nama": "Halte Depan pasar", "jenis_asli": "Reguler", "sumber": "Halte Dinas Bina Marga"}}, {"type": "Feature", "geometry": {"type": "Point", "coordinates": [106.727571, -6.163865]}, "properties": {"jenis": "halte_non_brt", "nama": "Halte SMP 264 ( ini SMP NY berapada di dalam )  halte ini posisi setelah putaran rawa buaya arah puri kembangan", "jenis_asli": "Reguler", "sumber": "Halte Dinas Bina Marga"}}, {"type": "Feature", "geometry": {"type": "Point", "coordinates": [106.732841, -6.189027]}, "properties": {"jenis": "halte_non_brt", "nama": "Halte Puri Indah Raya 2", "jenis_asli": "Reguler", "sumber": "Halte Dinas Bina Marga"}}, {"type": "Feature", "geometry": {"type": "Point", "coordinates": [106.780024, -6.181931]}, "properties": {"jenis": "halte_non_brt", "nama": "Halte di Jl. Patra di depan SMA Katolik Abdi Siswa", "jenis_asli": "Reguler", "sumber": "Halte Dinas Bina Marga"}}, {"type": "Feature", "geometry": {"type": "Point", "coordinates": [106.945891, -6.184695]}, "properties": {"jenis": "halte_non_brt", "nama": "Akan dibongkar,terkena pelebaran jalan", "jenis_asli": "Reguler/HALTE MASJID", "sumber": "Halte Dinas Bina Marga"}}, {"type": "Feature", "geometry": {"type": "Point", "coordinates": [106.923359, -6.190463]}, "properties": {"jenis": "halte_non_brt", "nama": "Masih 1 Lokasi sama reg 16", "jenis_asli": "Reguler/Halte Madrasah", "sumber": "Halte Dinas Bina Marga"}}, {"type": "Feature", "geometry": {"type": "Point", "coordinates": [106.922444, -6.200222]}, "properties": {"jenis": "halte_non_brt", "nama": "Jl. KRT Radjiman sisi Timur, Kec. Cakung", "jenis_asli": "Reguler/Halte Pengarengan", "sumber": "Halte Dinas Bina Marga"}}, {"type": "Feature", "geometry": {"type": "Point", "coordinates": [106.923158, -6.188134]}, "properties": {"jenis": "halte_non_brt", "nama": "Jl. KRT Radjiman sisi Barat", "jenis_asli": "Reguler/Halte SDN Rawa Terate", "sumber": "Halte Dinas Bina Marga"}}, {"type": "Feature", "geometry": {"type": "Point", "coordinates": [106.923325, -6.187918]}, "properties": {"jenis": "halte_non_brt", "nama": "Jl. KRT Radjiman sisi Timur", "jenis_asli": "Reguler/Halte SDN Rawa Terate", "sumber": "Halte Dinas Bina Marga"}}, {"type": "Feature", "geometry": {"type": "Point", "coordinates": [106.940845, -6.212598]}, "properties": {"jenis": "halte_non_brt", "nama": "Jl. Dr. Sumarno simp Jl. Penggilingan", "jenis_asli": "Reguler/Halte Dr Sumarno", "sumber": "Halte Dinas Bina Marga"}}, {"type": "Feature", "geometry": {"type": "Point", "coordinates": [106.923114, -6.190256]}, "properties": {"jenis": "halte_non_brt", "nama": "Jl. Rajiman, Madrasah", "jenis_asli": "Reguler/Halte Madrasah", "sumber": "Halte Dinas Bina Marga"}}, {"type": "Feature", "geometry": {"type": "Point", "coordinates": [106.922458, -6.194898]}, "properties": {"jenis": "halte_non_brt", "nama": "Jl. Radjiman, Pasar  Pulo Jahe", "jenis_asli": "Reguler/Halte Pulo Jahe", "sumber": "Halte Dinas Bina Marga"}}, {"type": "Feature", "geometry": {"type": "Point", "coordinates": [106.955657, -6.203764]}, "properties": {"jenis": "halte_non_brt", "nama": "Jl. Pulo Gebang dpn SD Pulogebang 01 PG, Depan Kantor Pos", "jenis_asli": "Reguler/Halte Pulo gebang", "sumber": "Halte Dinas Bina Marga"}}, {"type": "Feature", "geometry": {"type": "Point", "coordinates": [106.955287, -6.186651]}, "properties": {"jenis": "halte_non_brt", "nama": "Jl. Raya Bekasi dpn Fuji Film, Gempol", "jenis_asli": "Reguler/Halte gempol Baru", "sumber": "Halte Dinas Bina Marga"}}, {"type": "Feature", "geometry": {"type": "Point", "coordinates": [106.865032, -6.31991]}, "properties": {"jenis": "halte_non_brt", "nama": "Jl. Raya Bogor sblh ILP", "jenis_asli": "Halte Reguler / PANGUDI RAHAYU", "sumber": "Halte Dinas Bina Marga"}}, {"type": "Feature", "geometry": {"type": "Point", "coordinates": [106.867331, -6.331911]}, "properties": {"jenis": "halte_non_brt", "nama": "Jl. Raya Bogor seberang Khong Guan", "jenis_asli": "HALTE Reguler / DPN KHONG GUAN", "sumber": "Halte Dinas Bina Marga"}}, {"type": "Feature", "geometry": {"type": "Point", "coordinates": [106.88275, -6.35162]}, "properties": {"jenis": "halte_non_brt", "nama": "Jl. Raya Cibubur lapangan tembak dpn Bank Lippo", "jenis_asli": "Halte Reguler / Lapangan Tembak", "sumber": "Halte Dinas Bina Marga"}}, {"type": "Feature", "geometry": {"type": "Point", "coordinates": [106.864694, -6.318627]}, "properties": {"jenis": "halte_non_brt", "nama": "Jl. Raya Bogor, Pool Mayasari", "jenis_asli": "Halte Reguler / Pool Mayasari", "sumber": "Halte Dinas Bina Marga"}}, {"type": "Feature", "geometry": {"type": "Point", "coordinates": [106.863723, -6.326667]}, "properties": {"jenis": "halte_non_brt", "nama": "Jl. Raya Bogor", "jenis_asli": "Halte Reguler / Gong Seng", "sumber": "Halte Dinas Bina Marga"}}, {"type": "Feature", "geometry": {"type": "Point", "coordinates": [106.86865, -6.23662]}, "properties": {"jenis": "halte_non_brt", "nama": "Jl. Otista Raya dpn FFN, GOR", "jenis_asli": "Reguler/HALTE PFN", "sumber": "Halte Dinas Bina Marga"}}, {"type": "Feature", "geometry": {"type": "Point", "coordinates": [106.87789, -6.23929]}, "properties": {"jenis": "halte_non_brt", "nama": "Jl. D I Panjaitan, Penas", "jenis_asli": "Reguler/HALTE PENAS KALIMALANG", "sumber": "Halte Dinas Bina Marga"}}, {"type": "Feature", "geometry": {"type": "Point", "coordinates": [106.86067, -6.21172]}, "properties": {"jenis": "halte_non_brt", "nama": "Jl. Matraman Raya, Seberang Polres Jak Tim", "jenis_asli": "Reguler/HALTE SEBRANG POLRES JAKTIM", "sumber": "Halte Dinas Bina Marga"}}, {"type": "Feature", "geometry": {"type": "Point", "coordinates": [106.88078, -6.22676]}, "properties": {"jenis": "halte_non_brt", "nama": "Jl. Basuki Rahmat, Pasar Inpres", "jenis_asli": "Reguler/HALTE Ps INPRES", "sumber": "Halte Dinas Bina Marga"}}, {"type": "Feature", "geometry": {"type": "Point", "coordinates": [106.86967, -6.21536]}, "properties": {"jenis": "halte_non_brt", "nama": "Jl. Bekasi Barat St. KA Jatinegara", "jenis_asli": "Reguler/Halte ST KA. Jatinegara", "sumber": "Halte Dinas Bina Marga"}}, {"type": "Feature", "geometry": {"type": "Point", "coordinates": [106.87508, -6.21506]}, "properties": {"jenis": "halte_non_brt", "nama": "Jl. Bekasi Timur Raya rel Kereta Api pasar enjok", "jenis_asli": "Reguler/Halte KA. PS Enjo", "sumber": "Halte Dinas Bina Marga"}}, {"type": "Feature", "geometry": {"type": "Point", "coordinates": [106.8861, -6.22099]}, "properties": {"jenis": "halte_non_brt", "nama": "Jl. Cipinang Jaya seberang SMU 53", "jenis_asli": "Reguler/Halte SMU 53", "sumber": "Halte Dinas Bina Marga"}}, {"type": "Feature", "geometry": {"type": "Point", "coordinates": [106.873746, -6.250414]}, "properties": {"jenis": "halte_non_brt", "nama": "Jl. Sutoyo (UKI)", "jenis_asli": "Reguler/Halte UKI BNN", "sumber": "Halte Dinas Bina Marga"}}, {"type": "Feature", "geometry": {"type": "Point", "coordinates": [106.870925, -6.287927]}, "properties": {"jenis": "halte_non_brt", "nama": "Jl. Raya Bogor - Taman HEK", "jenis_asli": "Reguler/Halte Taman HEK", "sumber": "Halte Dinas Bina Marga"}}, {"type": "Feature", "geometry": {"type": "Point", "coordinates": [106.858306, -6.206583]}, "properties": {"jenis": "halte_non_brt", "nama": "Jl. Matraman, Jl. Slamet Riyadi", "jenis_asli": "Reguler/HALTE KORDINAT", "sumber": "Halte Dinas Bina Marga"}}, {"type": "Feature", "geometry": {"type": "Point", "coordinates": [106.860743, -6.211209]}, "properties": {"jenis": "halte_non_brt", "nama": "Jl. Matraman Raya dpn Asuransi Bumi Asih", "jenis_asli": "Reguler/Halte Gang Kelor", "sumber": "Halte Dinas Bina Marga"}}, {"type": "Feature", "geometry": {"type": "Point", "coordinates": [106.898046, -6.213596]}, "properties": {"jenis": "halte_non_brt", "nama": "Jl. I Gusti Ngurah Rai SMU 12", "jenis_asli": "HALTE Reguler / SMAN 12", "sumber": "Halte Dinas Bina Marga"}}, {"type": "Feature", "geometry": {"type": "Point", "coordinates": [106.908454, -6.246839]}, "properties": {"jenis": "halte_non_brt", "nama": "Jl. Kalimalang Megatama, Gudang Seng", "jenis_asli": "Halte Reguler / PANGKALAN JATI", "sumber": "Halte Dinas Bina Marga"}}, {"type": "Feature", "geometry": {"type": "Point", "coordinates": [106.93911, -6.221791]}, "properties": {"jenis": "halte_non_brt", "nama": "Jl. Mawar Merah", "jenis_asli": "Halte Reguler /  MAWAR MERAH RAYA", "sumber": "Halte Dinas Bina Marga"}}, {"type": "Feature", "geometry": {"type": "Point", "coordinates": [106.814348, -6.240489]}, "properties": {"jenis": "halte_non_brt", "nama": "Depan Wisma Jl. Wijaya 1 sisi Timur Kec Kebayoran baru", "jenis_asli": "HALTE REGULER", "sumber": "Halte Dinas Bina Marga"}}, {"type": "Feature", "geometry": {"type": "Point", "coordinates": [106.800374, -6.245873]}, "properties": {"jenis": "halte_non_brt", "nama": "Melawai Depan Taman Jl. Melawai Raya Kec Kebayoran baru", "jenis_asli": "HALTE REGULER", "sumber": "Halte Dinas Bina Marga"}}, {"type": "Feature", "geometry": {"type": "Point", "coordinates": [106.809201, -6.244692]}, "properties": {"jenis": "halte_non_brt", "nama": "Seberang Taman Wijaya Jl. Wijaya 1 Sisi Timur", "jenis_asli": "HALTE REGULER", "sumber": "Halte Dinas Bina Marga"}}, {"type": "Feature", "geometry": {"type": "Point", "coordinates": [106.814238, -6.237024]}, "properties": {"jenis": "halte_non_brt", "nama": "Depan Lapangan Sepak Bola Blok S Jl. Suryo", "jenis_asli": "HALTE REGULER", "sumber": "Halte Dinas Bina Marga"}}, {"type": "Feature", "geometry": {"type": "Point", "coordinates": [106.791521, -6.235175]}, "properties": {"jenis": "halte_non_brt", "nama": "Depan SMKN 30 Jl. Pakubuwono 6 Kec Kebayoran baru", "jenis_asli": "HALTE REGULER", "sumber": "Halte Dinas Bina Marga"}}, {"type": "Feature", "geometry": {"type": "Point", "coordinates": [106.802673, -6.245884]}, "properties": {"jenis": "halte_non_brt", "nama": "Melawai Seberang Gereja Jl. Melawai raya Kec Kebayoran baru", "jenis_asli": "HALTE REGULER", "sumber": "Halte Dinas Bina Marga"}}, {"type": "Feature", "geometry": {"type": "Point", "coordinates": [106.8034, -6.245802]}, "properties": {"jenis": "halte_non_brt", "nama": "Depan Melawai Depan Gereja Jl. Melawai Raya Kec Kebayoran baru", "jenis_asli": "HALTE REGULER", "sumber": "Halte Dinas Bina Marga"}}, {"type": "Feature", "geometry": {"type": "Point", "coordinates": [106.800726, -6.232824]}, "properties": {"jenis": "halte_non_brt", "nama": "Depan Taman Jl. Patimura Kec Kebayoran Baru", "jenis_asli": "HALTE REGULER", "sumber": "Halte Dinas Bina Marga"}}, {"type": "Feature", "geometry": {"type": "Point", "coordinates": [106.810278, -6.231844]}, "properties": {"jenis": "halte_non_brt", "nama": "Seberang SD Selong Jl. Suryo kec Kebayoran baru", "jenis_asli": "HALTE REGULER", "sumber": "Halte Dinas Bina Marga"}}, {"type": "Feature", "geometry": {"type": "Point", "coordinates": [106.807598, -6.234217]}, "properties": {"jenis": "halte_non_brt", "nama": "Depan Taman Gunawarman Jl. Gunawarman", "jenis_asli": "HALTE REGULER", "sumber": "Halte Dinas Bina Marga"}}, {"type": "Feature", "geometry": {"type": "Point", "coordinates": [106.807598, -6.234217]}, "properties": {"jenis": "halte_non_brt", "nama": "Halte Taman Gunawarman II Jl Gunawarman Kec. Kebayoran baru", "jenis_asli": "HALTE REGULER", "sumber": "Halte Dinas Bina Marga"}}, {"type": "Feature", "geometry": {"type": "Point", "coordinates": [106.808127, -6.230787]}, "properties": {"jenis": "halte_non_brt", "nama": "Halte Depan Apotik Senopati Jl Suryo Kec. Kebayoran baru", "jenis_asli": "HALTE REGULER", "sumber": "Halte Dinas Bina Marga"}}, {"type": "Feature", "geometry": {"type": "Point", "coordinates": [106.794663, -6.298518]}, "properties": {"jenis": "halte_non_brt", "nama": "Dekat Bank BNI jl Rs fatmawati Kec Cilandak", "jenis_asli": "HALTE REGULER", "sumber": "Halte Dinas Bina Marga"}}, {"type": "Feature", "geometry": {"type": "Point", "coordinates": [106.793569, -6.307036]}, "properties": {"jenis": "halte_non_brt", "nama": "Depan SDN Pondok Labu Jl. Pondok Labu Kec Cilandak", "jenis_asli": "HALTE REGULER", "sumber": "Halte Dinas Bina Marga"}}, {"type": "Feature", "geometry": {"type": "Point", "coordinates": [106.808203, -6.260588]}, "properties": {"jenis": "halte_non_brt", "nama": "Seberang Kober Jl. P. Antasari sisi Barat  Kec Cilandak", "jenis_asli": "HALTE REGULER", "sumber": "Halte Dinas Bina Marga"}}, {"type": "Feature", "geometry": {"type": "Point", "coordinates": [106.815565, -6.292575]}, "properties": {"jenis": "halte_non_brt", "nama": "Dekat Keluar Tol Ampera Jl. TB Simatupang Sisi Utara Kec Cilandak", "jenis_asli": "HALTE REGULER", "sumber": "Halte Dinas Bina Marga"}}, {"type": "Feature", "geometry": {"type": "Point", "coordinates": [106.806642, -6.288697]}, "properties": {"jenis": "halte_non_brt", "nama": "SDN Cilandak/ Samping JPO Jl. P. Antasari sisi Barat Kec Cilandak", "jenis_asli": "HALTE REGULER", "sumber": "Halte Dinas Bina Marga"}}, {"type": "Feature", "geometry": {"type": "Point", "coordinates": [106.779031, -6.289132]}, "properties": {"jenis": "halte_non_brt", "nama": "Gelanggang / simpang metro pondok indah Jl Tb Simatupang Sisi Utara Kec Cilandak", "jenis_asli": "HALTE REGULER", "sumber": "Halte Dinas Bina Marga"}}, {"type": "Feature", "geometry": {"type": "Point", "coordinates": [106.812345, -6.292412]}, "properties": {"jenis": "halte_non_brt", "nama": "Pintu Tol Ampera Jl. TB Simatupang Sisi Selatan Kec Cilandak", "jenis_asli": "HALTE REGULER", "sumber": "Halte Dinas Bina Marga"}}, {"type": "Feature", "geometry": {"type": "Point", "coordinates": [106.807161, -6.285184]}, "properties": {"jenis": "halte_non_brt", "nama": "MPR 3 Dalam Jl. P. Antasari sisi Barat Kec Cilandak", "jenis_asli": "HALTE REGULER", "sumber": "Halte Dinas Bina Marga"}}, {"type": "Feature", "geometry": {"type": "Point", "coordinates": [106.807171, -6.285005]}, "properties": {"jenis": "halte_non_brt", "nama": "Antasari Jl. P. Antasari sisi Timur Kec Cilandak", "jenis_asli": "HALTE REGULER", "sumber": "Halte Dinas Bina Marga"}}, {"type": "Feature", "geometry": {"type": "Point", "coordinates": [106.808243, -6.261425]}, "properties": {"jenis": "halte_non_brt", "nama": "Seberang Net Car Wash/ Dekat gg kenanga Jl. P. Antasari sisi Barat Kec Cilandak", "jenis_asli": "HALTE REGULER", "sumber": "Halte Dinas Bina Marga"}}, {"type": "Feature", "geometry": {"type": "Point", "coordinates": [106.815809, -6.294287]}, "properties": {"jenis": "halte_non_brt", "nama": "Seberang Trakindo Jl. Cilandak KKO Kec Cilandak", "jenis_asli": "HALTE REGULER", "sumber": "Halte Dinas Bina Marga"}}, {"type": "Feature", "geometry": {"type": "Point", "coordinates": [106.808788, -6.273094]}, "properties": {"jenis": "halte_non_brt", "nama": "Dekat Jl. Puri Sakti I Jl. Pangeran Antasari Sisi Utara", "jenis_asli": "HALTE REGULER", "sumber": "Halte Dinas Bina Marga"}}, {"type": "Feature", "geometry": {"type": "Point", "coordinates": [106.832254, -6.353437]}, "properties": {"jenis": "halte_non_brt", "nama": "Dekat JPO KA. UI Jl. Lenteng Agung Sisi Timur Kec. Jagakarsa", "jenis_asli": "HALTE REGULER", "sumber": "Halte Dinas Bina Marga"}}, {"type": "Feature", "geometry": {"type": "Point", "coordinates": [106.833398, -6.319206]}, "properties": {"jenis": "halte_non_brt", "nama": "Depan Sekolah/ Taman Dadap Merah Jl. Joe Kecamatan Jagakarsa", "jenis_asli": "HALTE REGULER", "sumber": "Halte Dinas Bina Marga"}}, {"type": "Feature", "geometry": {"type": "Point", "coordinates": [106.816085, -6.310651]}, "properties": {"jenis": "halte_non_brt", "nama": "Deket Pintu Barat Ragunan Jl. Margasatwa Kec. Jagakarsa", "jenis_asli": "HALTE REGULER", "sumber": "Halte Dinas Bina Marga"}}, {"type": "Feature", "geometry": {"type": "Point", "coordinates": [106.805009, -6.339105]}, "properties": {"jenis": "halte_non_brt", "nama": "Dekat Jl. Kemenyan Jl.Kahfi 1 sisi Timur", "jenis_asli": "HALTE REGULER", "sumber": "Halte Dinas Bina Marga"}}, {"type": "Feature", "geometry": {"type": "Point", "coordinates": [106.833367, -6.342169]}, "properties": {"jenis": "halte_non_brt", "nama": "Depan Masjid AT- Taqwa UNIV. Pancasila Jl.Lenteng Agung Sisi Barat", "jenis_asli": "HALTE REGULER", "sumber": "Halte Dinas Bina Marga"}}, {"type": "Feature", "geometry": {"type": "Point", "coordinates": [106.833433, -6.344728]}, "properties": {"jenis": "halte_non_brt", "nama": "Depan KFC Lenteng Agung Jl. Raya Lenteng Agung Sisi Timur", "jenis_asli": "HALTE REGULER", "sumber": "Halte Dinas Bina Marga"}}, {"type": "Feature", "geometry": {"type": "Point", "coordinates": [106.838083, -6.308992]}, "properties": {"jenis": "halte_non_brt", "nama": "Depan Perum Pesona Agung  Jl. Raya Lenteng Agung Sisi Barat", "jenis_asli": "HALTE REGULER", "sumber": "Halte Dinas Bina Marga"}}, {"type": "Feature", "geometry": {"type": "Point", "coordinates": [106.838754, -6.307639]}, "properties": {"jenis": "halte_non_brt", "nama": "Depan St.KA Tanjung Barat Jl. Raya Lenteng Agung Sisi Barat", "jenis_asli": "HALTE REGULER", "sumber": "Halte Dinas Bina Marga"}}, {"type": "Feature", "geometry": {"type": "Point", "coordinates": [106.835621, -6.332969]}, "properties": {"jenis": "halte_non_brt", "nama": "Depan Sekolah Wijaya Kusuma Jl. Raya Lenteng Agung Sisi Timur", "jenis_asli": "HALTE REGULER", "sumber": "Halte Dinas Bina Marga"}}, {"type": "Feature", "geometry": {"type": "Point", "coordinates": [106.83493, -6.323158]}, "properties": {"jenis": "halte_non_brt", "nama": "Depan Kampus IISIP Jl. Lt Agung Sisi Barat Kec.Jagakarsa", "jenis_asli": "HALTE REGULER", "sumber": "Halte Dinas Bina Marga"}}, {"type": "Feature", "geometry": {"type": "Point", "coordinates": [106.83402, -6.339237]}, "properties": {"jenis": "halte_non_brt", "nama": "Depan Universitas Pancasila Jl.Lt Agung Sisi Barat Kec.Jagakarsa", "jenis_asli": "HALTE REGULER", "sumber": "Halte Dinas Bina Marga"}}, {"type": "Feature", "geometry": {"type": "Point", "coordinates": [106.835667, -6.322972]}, "properties": {"jenis": "halte_non_brt", "nama": "Seberang Kampus IISIP (Taman)  Jl. Lt Agung Sisi Timur Kec.Jagakarsa", "jenis_asli": "HALTE REGULER", "sumber": "Halte Dinas Bina Marga"}}, {"type": "Feature", "geometry": {"type": "Point", "coordinates": [106.90843, -6.24894]}, "properties": {"jenis": "halte_non_brt", "nama": "Jl. Jatiwaringin dpn STIE SWADAYA", "jenis_asli": "Halte Reguler / Pangkalan Jati", "sumber": "Halte Dinas Bina Marga"}}, {"type": "Feature", "geometry": {"type": "Point", "coordinates": [106.873618, -6.249883]}, "properties": {"jenis": "halte_non_brt", "nama": "Jl. Sutoyo, UKI", "jenis_asli": "Halte Reguler / UKI", "sumber": "Halte Dinas Bina Marga"}}, {"type": "Feature", "geometry": {"type": "Point", "coordinates": [106.875992, -6.244803]}, "properties": {"jenis": "halte_non_brt", "nama": "Jl. D.I. Panjaitan, Kec. Makasar, UKI", "jenis_asli": "Halte Reguler / Cawang UKI", "sumber": "Halte Dinas Bina Marga"}}, {"type": "Feature", "geometry": {"type": "Point", "coordinates": [106.8624, -6.30471]}, "properties": {"jenis": "halte_non_brt", "nama": "Jl. TB Simatupang Kodya Jakarta Timur", "jenis_asli": "HALTE Reguler /  RSUD Pasar Rebo sisi utara", "sumber": "Halte Dinas Bina Marga"}}, {"type": "Feature", "geometry": {"type": "Point", "coordinates": [106.773047, -6.282169]}, "properties": {"jenis": "halte_non_brt", "nama": "Simpang Jl.Ciputat/ RA Kartini Pintu Tol Jl. TB. Simatupang sisi Utara Keca. Kebayoran Lama", "jenis_asli": "HALTE REGULER", "sumber": "Halte Dinas Bina Marga"}}, {"type": "Feature", "geometry": {"type": "Point", "coordinates": [106.788869, -6.225386]}, "properties": {"jenis": "halte_non_brt", "nama": "Halte Limo Jl. Tentara Pelajar sisi Barat Kec Kebayoran lama", "jenis_asli": "HALTE REGULER", "sumber": "Halte Dinas Bina Marga"}}, {"type": "Feature", "geometry": {"type": "Point", "coordinates": [106.778529, -6.219603]}, "properties": {"jenis": "halte_non_brt", "nama": "Dekat Jl. H. Soleh  Kebayoran Lama", "jenis_asli": "HALTE REGULER", "sumber": "Halte Dinas Bina Marga"}}, {"type": "Feature", "geometry": {"type": "Point", "coordinates": [106.779424, -6.229669]}, "properties": {"jenis": "halte_non_brt", "nama": "Dekat Jl. Cidodol , Kec. Kebayoran Lama", "jenis_asli": "HALTE REGULER", "sumber": "Halte Dinas Bina Marga"}}, {"type": "Feature", "geometry": {"type": "Point", "coordinates": [106.790283, -6.222606]}, "properties": {"jenis": "halte_non_brt", "nama": "Permata Hijau Jl Tentara sisi barat Kec kebayoran lama", "jenis_asli": "HALTE REGULER", "sumber": "Halte Dinas Bina Marga"}}, {"type": "Feature", "geometry": {"type": "Point", "coordinates": [106.778441, -6.222805]}, "properties": {"jenis": "halte_non_brt", "nama": "Seberang Bank BRI  Jl. Kebayoran Lama", "jenis_asli": "HALTE REGULER", "sumber": "Halte Dinas Bina Marga"}}, {"type": "Feature", "geometry": {"type": "Point", "coordinates": [106.792368, -6.217689]}, "properties": {"jenis": "halte_non_brt", "nama": "Halte Juraganan Jl Tentara pelajar sisi barat kec Kebayoran lama", "jenis_asli": "HALTE REGULER", "sumber": "Halte Dinas Bina Marga"}}, {"type": "Feature", "geometry": {"type": "Point", "coordinates": [106.77801, -6.249165]}, "properties": {"jenis": "halte_non_brt", "nama": "Seberang Kecamatan Keb Lama Jl. Ciputat Raya kec. Kebayoran lama", "jenis_asli": "HALTE REGULER", "sumber": "Halte Dinas Bina Marga"}}, {"type": "Feature", "geometry": {"type": "Point", "coordinates": [106.775074, -6.268667]}, "properties": {"jenis": "halte_non_brt", "nama": "Depan Warung Padang/ Gg H Naimun Jl. Ciputat Raya Kec. Kebayoran lama", "jenis_asli": "HALTE REGULER", "sumber": "Halte Dinas Bina Marga"}}, {"type": "Feature", "geometry": {"type": "Point", "coordinates": [106.790114, -6.223761]}, "properties": {"jenis": "halte_non_brt", "nama": "Permata Hijau I / Simprug 1 Jl. Tentara Pelajar sisi Timur Kec Kebayoran Lama", "jenis_asli": "HALTE REGULER", "sumber": "Halte Dinas Bina Marga"}}, {"type": "Feature", "geometry": {"type": "Point", "coordinates": [106.789227, -6.225354]}, "properties": {"jenis": "halte_non_brt", "nama": "Permata Hijau II/ Simprug 2 Jl. Tentara Pelajar sisi Timur Kec Kebayoran lama", "jenis_asli": "HALTE REGULER", "sumber": "Halte Dinas Bina Marga"}}, {"type": "Feature", "geometry": {"type": "Point", "coordinates": [106.793198, -6.216858]}, "properties": {"jenis": "halte_non_brt", "nama": "PLN Jl. Tentara Pelajar sisi Timur Kec Kebayoran lama", "jenis_asli": "HALTE REGULER", "sumber": "Halte Dinas Bina Marga"}}, {"type": "Feature", "geometry": {"type": "Point", "coordinates": [106.793893, -6.215932]}, "properties": {"jenis": "halte_non_brt", "nama": "Dekat Gg. Tembok Jl. Tentara Pelajar sisi Timur Kec Kebayoran lama", "jenis_asli": "HALTE REGULER", "sumber": "Halte Dinas Bina Marga"}}, {"type": "Feature", "geometry": {"type": "Point", "coordinates": [106.777485, -6.257166]}, "properties": {"jenis": "halte_non_brt", "nama": "Depan Aryatama Jl. Ciputat Raya Kec Kebayoran lama", "jenis_asli": "HALTE REGULER", "sumber": "Halte Dinas Bina Marga"}}, {"type": "Feature", "geometry": {"type": "Point", "coordinates": [106.778501, -6.21846]}, "properties": {"jenis": "halte_non_brt", "nama": "Seberang Rumah Sakit Permata Hijau Jl. Kebayoran Lama", "jenis_asli": "HALTE REGULER", "sumber": "Halte Dinas Bina Marga"}}, {"type": "Feature", "geometry": {"type": "Point", "coordinates": [106.777675, -6.214715]}, "properties": {"jenis": "halte_non_brt", "nama": "Halte Depan SD/Grogol Utara Jl. Kebayoran lama", "jenis_asli": "HALTE REGULER", "sumber": "Halte Dinas Bina Marga"}}, {"type": "Feature", "geometry": {"type": "Point", "coordinates": [106.77661, -6.260401]}, "properties": {"jenis": "halte_non_brt", "nama": "Seberang Gedung Graha Ria Jl. Ciputat Raya Kec Kebayoran lama", "jenis_asli": "HALTE REGULER", "sumber": "Halte Dinas Bina Marga"}}, {"type": "Feature", "geometry": {"type": "Point", "coordinates": [106.853756, -6.241962]}, "properties": {"jenis": "halte_non_brt", "nama": "Dekat Taman Gas Jl. Tebet Timur Kecamatan Tebet", "jenis_asli": "HALTE REGULER", "sumber": "Halte Dinas Bina Marga"}}, {"type": "Feature", "geometry": {"type": "Point", "coordinates": [106.848856, -6.233967]}, "properties": {"jenis": "halte_non_brt", "nama": "Depan SMU 26 Jl. Tebet Barat Kec. Tebet", "jenis_asli": "HALTE REGULER", "sumber": "Halte Dinas Bina Marga"}}, {"type": "Feature", "geometry": {"type": "Point", "coordinates": [106.856927, -6.235008]}, "properties": {"jenis": "halte_non_brt", "nama": "Depan Pasar PSPT Jl. Tebet Timur Dalam Kec tebet", "jenis_asli": "HALTE REGULER", "sumber": "Halte Dinas Bina Marga"}}, {"type": "Feature", "geometry": {"type": "Point", "coordinates": [106.846178, -6.221141]}, "properties": {"jenis": "halte_non_brt", "nama": "Menteng Pulo/ jembatan merah Jl. Saharjo sisi barat Kec. Tebet", "jenis_asli": "HALTE REGULER", "sumber": "Halte Dinas Bina Marga"}}, {"type": "Feature", "geometry": {"type": "Point", "coordinates": [106.847236, -6.229531]}, "properties": {"jenis": "halte_non_brt", "nama": "Depan Telkomvision Jl. Supomo  sisi Timur Kec. Tebet", "jenis_asli": "HALTE REGULER", "sumber": "Halte Dinas Bina Marga"}}, {"type": "Feature", "geometry": {"type": "Point", "coordinates": [106.854703, -6.22515]}, "properties": {"jenis": "halte_non_brt", "nama": "Depan SMPN 115 Jl. KH. Abdullah Safei Kec. Tebet", "jenis_asli": "HALTE REGULER", "sumber": "Halte Dinas Bina Marga"}}, {"type": "Feature", "geometry": {"type": "Point", "coordinates": [106.851652, -6.223992]}, "properties": {"jenis": "halte_non_brt", "nama": "Dekat JPO Telkom/RM Daeng Tata Jl KH Abdullah Syafei kec Tebet", "jenis_asli": "HALTE REGULER", "sumber": "Halte Dinas Bina Marga"}}, {"type": "Feature", "geometry": {"type": "Point", "coordinates": [106.844149, -6.216601]}, "properties": {"jenis": "halte_non_brt", "nama": "Depan Masjid Arahman Jl. Saharjo sisi Barat Kec Tebet", "jenis_asli": "HALTE REGULER", "sumber": "Halte Dinas Bina Marga"}}, {"type": "Feature", "geometry": {"type": "Point", "coordinates": [106.84561, -6.239955]}, "properties": {"jenis": "halte_non_brt", "nama": "Depan Pemadam Jl. Supomo sisi Timur Kec Tebet", "jenis_asli": "HALTE REGULER", "sumber": "Halte Dinas Bina Marga"}}, {"type": "Feature", "geometry": {"type": "Point", "coordinates": [106.847696, -6.239504]}, "properties": {"jenis": "halte_non_brt", "nama": "Depan Ps. Tebet Barat Jl. Tebet Barat Dalam Kec Tebet", "jenis_asli": "HALTE REGULER", "sumber": "Halte Dinas Bina Marga"}}, {"type": "Feature", "geometry": {"type": "Point", "coordinates": [106.85347, -6.235535]}, "properties": {"jenis": "halte_non_brt", "nama": "Sesudah Taman Jl. Tebet Timur Kec Tebet", "jenis_asli": "HALTE REGULER", "sumber": "Halte Dinas Bina Marga"}}, {"type": "Feature", "geometry": {"type": "Point", "coordinates": [106.844151, -6.235987]}, "properties": {"jenis": "halte_non_brt", "nama": "Depan Pom Bensin Jl. Supomo sisi Timur Kec Tebet", "jenis_asli": "HALTE REGULER", "sumber": "Halte Dinas Bina Marga"}}, {"type": "Feature", "geometry": {"type": "Point", "coordinates": [106.848856, -6.233967]}, "properties": {"jenis": "halte_non_brt", "nama": "Seberang SMU 26 Jl. Tebet Barat Kec Tebet", "jenis_asli": "HALTE REGULER", "sumber": "Halte Dinas Bina Marga"}}, {"type": "Feature", "geometry": {"type": "Point", "coordinates": [106.845707, -6.219878]}, "properties": {"jenis": "halte_non_brt", "nama": "Barkah/ seberang komplek AKABRI Jl. Saharjo sisi Timur  kec tebet", "jenis_asli": "HALTE REGULER", "sumber": "Halte Dinas Bina Marga"}}, {"type": "Feature", "geometry": {"type": "Point", "coordinates": [106.84746, -6.223069]}, "properties": {"jenis": "halte_non_brt", "nama": "Hotel Haris/keselamatan Jl. Saharjo sisi Timur kec Tebet", "jenis_asli": "HALTE REGULER", "sumber": "Halte Dinas Bina Marga"}}, {"type": "Feature", "geometry": {"type": "Point", "coordinates": [106.844078, -6.235442]}, "properties": {"jenis": "halte_non_brt", "nama": "Seberang Pasar Pedok Jl. Saharjo sisi Timur Kec Tebet", "jenis_asli": "HALTE REGULER", "sumber": "Halte Dinas Bina Marga"}}, {"type": "Feature", "geometry": {"type": "Point", "coordinates": [106.845196, -6.218769]}, "properties": {"jenis": "halte_non_brt", "nama": "Depan Rumah Sakit RSIA budhi jaya Jl. Saharjo sisi Barat Kec Tebet", "jenis_asli": "HALTE REGULER", "sumber": "Halte Dinas Bina Marga"}}, {"type": "Feature", "geometry": {"type": "Point", "coordinates": [106.847262, -6.224725]}, "properties": {"jenis": "halte_non_brt", "nama": "Seberang Koramil Tebet/ pal batu Jl. Saharjo sisi Barat Kec Tebet", "jenis_asli": "HALTE REGULER", "sumber": "Halte Dinas Bina Marga"}}, {"type": "Feature", "geometry": {"type": "Point", "coordinates": [106.844323, -6.234281]}, "properties": {"jenis": "halte_non_brt", "nama": "Seberang Pasar Pedok Jl. Supomo sisi Timur Kec Tebet", "jenis_asli": "HALTE REGULER", "sumber": "Halte Dinas Bina Marga"}}, {"type": "Feature", "geometry": {"type": "Point", "coordinates": [106.845315, -6.231983]}, "properties": {"jenis": "halte_non_brt", "nama": "Depan Mc Donald Jl. Supomo sisi Timur Kec Tebet", "jenis_asli": "HALTE REGULER", "sumber": "Halte Dinas Bina Marga"}}, {"type": "Feature", "geometry": {"type": "Point", "coordinates": [106.844972, -6.232233]}, "properties": {"jenis": "halte_non_brt", "nama": "Depan Apotek Safari Jl. Supomo sisi Barat Kec Tebet", "jenis_asli": "HALTE REGULER", "sumber": "Halte Dinas Bina Marga"}}, {"type": "Feature", "geometry": {"type": "Point", "coordinates": [106.845217, -6.239161]}, "properties": {"jenis": "halte_non_brt", "nama": "Depan Astra  Honda Jl. Supomo sisi Barat kec Tebet", "jenis_asli": "HALTE REGULER", "sumber": "Halte Dinas Bina Marga"}}, {"type": "Feature", "geometry": {"type": "Point", "coordinates": [106.844293, -6.241779]}, "properties": {"jenis": "halte_non_brt", "nama": "Seberang Gereja Bukit Moria Jl. Supomo sisi Barat Kec Tebet", "jenis_asli": "HALTE REGULER", "sumber": "Halte Dinas Bina Marga"}}, {"type": "Feature", "geometry": {"type": "Point", "coordinates": [106.848836, -6.229399]}, "properties": {"jenis": "halte_non_brt", "nama": "Depan Kfc/ Supermarket Hero Jl. Tebet Raya Kec Tebet", "jenis_asli": "HALTE REGULER", "sumber": "Halte Dinas Bina Marga"}}, {"type": "Feature", "geometry": {"type": "Point", "coordinates": [106.85332, -6.234868]}, "properties": {"jenis": "halte_non_brt", "nama": "Depan SMU Muhamadiyah Jl. Tebet Timur Kec Tebet", "jenis_asli": "HALTE REGULER", "sumber": "Halte Dinas Bina Marga"}}, {"type": "Feature", "geometry": {"type": "Point", "coordinates": [106.847507, -6.227049]}, "properties": {"jenis": "halte_non_brt", "nama": "Halte Dpn Wisma Benih/ Sbrng Balai Sudirman Jl. Saharjo Sisi Timur Kec Tebet", "jenis_asli": "HALTE REGULER", "sumber": "Halte Dinas Bina Marga"}}, {"type": "Feature", "geometry": {"type": "Point", "coordinates": [106.85128, -6.210905]}, "properties": {"jenis": "halte_non_brt", "nama": "Halte SMK Karyaguna Jl. Manggarai Utara 1 kec Tebet", "jenis_asli": "HALTE REGULER", "sumber": "Halte Dinas Bina Marga"}}, {"type": "Feature", "geometry": {"type": "Point", "coordinates": [106.819229, -6.28334]}, "properties": {"jenis": "halte_non_brt", "nama": "Depan Total Buah Segar Jl. Ampera Raya Kec. Pasar Minggu", "jenis_asli": "HALTE REGULER", "sumber": "Halte Dinas Bina Marga"}}, {"type": "Feature", "geometry": {"type": "Point", "coordinates": [106.840834, -6.295823]}, "properties": {"jenis": "halte_non_brt", "nama": "Dekat Jl. Poltangan Jl.Raya Ps. Minggu Sisi Timur", "jenis_asli": "HALTE REGULER", "sumber": "Halte Dinas Bina Marga"}}, {"type": "Feature", "geometry": {"type": "Point", "coordinates": [106.846066, -6.269121]}, "properties": {"jenis": "halte_non_brt", "nama": "Depan Kantor PMD Jl.Raya Ps. Minggu", "jenis_asli": "HALTE REGULER", "sumber": "Halte Dinas Bina Marga"}}, {"type": "Feature", "geometry": {"type": "Point", "coordinates": [106.839793, -6.302095]}, "properties": {"jenis": "halte_non_brt", "nama": "Simpang Jl. Rawa Bambu/FO. Tj. Barat Jl Raya Ps Minggu Sisi Barat Kec pasar minggu", "jenis_asli": "HALTE REGULER", "sumber": "Halte Dinas Bina Marga"}}, {"type": "Feature", "geometry": {"type": "Point", "coordinates": [106.836724, -6.279479]}, "properties": {"jenis": "halte_non_brt", "nama": "Depan SD. Pejaten  05 Jl. Pejaten Raya Kec Pasar Minggu", "jenis_asli": "HALTE REGULER", "sumber": "Halte Dinas Bina Marga"}}, {"type": "Feature", "geometry": {"type": "Point", "coordinates": [106.837314, -6.285205]}, "properties": {"jenis": "halte_non_brt", "nama": "Depan gedung litbang pertanian Jl. Ragunan sisi Selatan Kec ps minggu", "jenis_asli": "HALTE REGULER", "sumber": "Halte Dinas Bina Marga"}}, {"type": "Feature", "geometry": {"type": "Point", "coordinates": [106.836918, -6.285158]}, "properties": {"jenis": "halte_non_brt", "nama": "Depan Balai Rakyat Jl. Ragunan sisi Utara Kec. Pasar minggu", "jenis_asli": "HALTE REGULER", "sumber": "Halte Dinas Bina Marga"}}, {"type": "Feature", "geometry": {"type": "Point", "coordinates": [106.833151, -6.286129]}, "properties": {"jenis": "halte_non_brt", "nama": "Depan SMU 28 Jl. Ragunan sisi Utara Kec Pasar minggu", "jenis_asli": "HALTE REGULER", "sumber": "Halte Dinas Bina Marga"}}, {"type": "Feature", "geometry": {"type": "Point", "coordinates": [106.819542, -6.281628]}, "properties": {"jenis": "halte_non_brt", "nama": "Dekat Kantor  Pengadilan jak sel Jl. Ampera Raya Kec Pasar Minggu", "jenis_asli": "HALTE REGULER", "sumber": "Halte Dinas Bina Marga"}}, {"type": "Feature", "geometry": {"type": "Point", "coordinates": [106.844082, -6.265785]}, "properties": {"jenis": "halte_non_brt", "nama": "Dekat H.Samali Jl.Raya Pasar Minggu Sisi Barat", "jenis_asli": "HALTE REGULER", "sumber": "Halte Dinas Bina Marga"}}, {"type": "Feature", "geometry": {"type": "Point", "coordinates": [106.836548, -6.301975]}, "properties": {"jenis": "halte_non_brt", "nama": "Dekat Pintu Tol Jl. TB Simatupang Sisi Selatan kec Ps minggu", "jenis_asli": "HALTE REGULER", "sumber": "Halte Dinas Bina Marga"}}, {"type": "Feature", "geometry": {"type": "Point", "coordinates": [106.819028, -6.28436]}, "properties": {"jenis": "halte_non_brt", "nama": "Depan IIP Jl. Ampera Raya kec Pasar Minggu", "jenis_asli": "HALTE REGULER", "sumber": "Halte Dinas Bina Marga"}}, {"type": "Feature", "geometry": {"type": "Point", "coordinates": [106.840649, -6.294445]}, "properties": {"jenis": "halte_non_brt", "nama": "Dekat perum rawa bambu Jl Raya Ps minggu sisi barat kec Pasar minggu", "jenis_asli": "HALTE REGULER", "sumber": "Halte Dinas Bina Marga"}}, {"type": "Feature", "geometry": {"type": "Point", "coordinates": [106.846523, -6.270897]}, "properties": {"jenis": "halte_non_brt", "nama": "Depan asrama brimob Jl raya Ps minggu sisi barat Kec Pasar Minggu", "jenis_asli": "HALTE REGULER", "sumber": "Halte Dinas Bina Marga"}}, {"type": "Feature", "geometry": {"type": "Point", "coordinates": [106.84, -6.297825]}, "properties": {"jenis": "halte_non_brt", "nama": "Depan Perum AL I Jl Ps minggu sisi barat Kec Pasar minggu", "jenis_asli": "HALTE REGULER", "sumber": "Halte Dinas Bina Marga"}}, {"type": "Feature", "geometry": {"type": "Point", "coordinates": [106.840251, -6.297295]}, "properties": {"jenis": "halte_non_brt", "nama": "Depan Perum AL II Jl Ps minggu sisi barat Kec Pasar minggu", "jenis_asli": "HALTE REGULER", "sumber": "Halte Dinas Bina Marga"}}, {"type": "Feature", "geometry": {"type": "Point", "coordinates": [106.817147, -6.291264]}, "properties": {"jenis": "halte_non_brt", "nama": "Depan Martinizing Jl. Ampera Raya Kec Pasar Minggu", "jenis_asli": "HALTE REGULER", "sumber": "Halte Dinas Bina Marga"}}, {"type": "Feature", "geometry": {"type": "Point", "coordinates": [106.817147, -6.291264]}, "properties": {"jenis": "halte_non_brt", "nama": "Seberang Martinizing Jl. Ampera Raya Kec Pasar Minggu", "jenis_asli": "HALTE REGULER", "sumber": "Halte Dinas Bina Marga"}}, {"type": "Feature", "geometry": {"type": "Point", "coordinates": [106.829958, -6.286061]}, "properties": {"jenis": "halte_non_brt", "nama": "Depan Gedung Gapensi Jl. Ragunan sisi Selatan kec Pasar Minggu", "jenis_asli": "HALTE REGULER", "sumber": "Halte Dinas Bina Marga"}}, {"type": "Feature", "geometry": {"type": "Point", "coordinates": [106.846552, -6.273207]}, "properties": {"jenis": "halte_non_brt", "nama": "Seberang Volvo Jl. Raya Pasar Minggu  Sisi Barat Kec Pasar minggu", "jenis_asli": "HALTE REGULER", "sumber": "Halte Dinas Bina Marga"}}, {"type": "Feature", "geometry": {"type": "Point", "coordinates": [106.843711, -6.286667]}, "properties": {"jenis": "halte_non_brt", "nama": "Depan LP3i Jl. Pasar Minggu sisi Barat Kec Ps Minggu", "jenis_asli": "HALTE REGULER", "sumber": "Halte Dinas Bina Marga"}}, {"type": "Feature", "geometry": {"type": "Point", "coordinates": [106.82964, -6.297669]}, "properties": {"jenis": "halte_non_brt", "nama": "Dekat Gedung Geo Prolog Jl. TB Simatupang Sisi selatan Kec Ps Minggu", "jenis_asli": "HALTE REGULER", "sumber": "Halte Dinas Bina Marga"}}, {"type": "Feature", "geometry": {"type": "Point", "coordinates": [106.840834, -6.295823]}, "properties": {"jenis": "halte_non_brt", "nama": "Dekat Poltangan Jl, Pasar Minggu sisi Timur Kec Pasar minggu", "jenis_asli": "HALTE REGULER", "sumber": "Halte Dinas Bina Marga"}}, {"type": "Feature", "geometry": {"type": "Point", "coordinates": [106.846552, -6.273207]}, "properties": {"jenis": "halte_non_brt", "nama": "Depan volvo Jl raya Ps minggu Kec Pasar minggu", "jenis_asli": "HALTE REGULER", "sumber": "Halte Dinas Bina Marga"}}, {"type": "Feature", "geometry": {"type": "Point", "coordinates": [106.84568, -6.277475]}, "properties": {"jenis": "halte_non_brt", "nama": "Seberang Masjid AtTaqwa Jl. Pasar Minggu Sisi Timur Kec Pasar minggu", "jenis_asli": "HALTE REGULER", "sumber": "Halte Dinas Bina Marga"}}, {"type": "Feature", "geometry": {"type": "Point", "coordinates": [106.817837, -6.292149]}, "properties": {"jenis": "halte_non_brt", "nama": "Dekat Simpang Ampera/ Pintu tol ampera Jl. Tb Simatupang sisi utara", "jenis_asli": "HALTE REGULER", "sumber": "Halte Dinas Bina Marga"}}, {"type": "Feature", "geometry": {"type": "Point", "coordinates": [106.844522, -6.224281]}, "properties": {"jenis": "halte_non_brt", "nama": "Seberang Pal Batu/ Depan Apertemen Jl. Casablanca Kecamatan Setia Budi", "jenis_asli": "HALTE REGULER", "sumber": "Halte Dinas Bina Marga"}}, {"type": "Feature", "geometry": {"type": "Point", "coordinates": [106.820982, -6.221834]}, "properties": {"jenis": "halte_non_brt", "nama": "Karet depan Taman Jl.Prof.Satrio Kec. Setia Budi", "jenis_asli": "HALTE REGULER", "sumber": "Halte Dinas Bina Marga"}}, {"type": "Feature", "geometry": {"type": "Point", "coordinates": [106.833843, -6.22556]}, "properties": {"jenis": "halte_non_brt", "nama": "Diklat Prov. DKI Jl. Casablanca Kec. Setia budi", "jenis_asli": "HALTE REGULER", "sumber": "Halte Dinas Bina Marga"}}, {"type": "Feature", "geometry": {"type": "Point", "coordinates": [106.841447, -6.225036]}, "properties": {"jenis": "halte_non_brt", "nama": "seberang SDN (samping SPBU) Jl. Casablanca Kec Setiabudi", "jenis_asli": "HALTE REGULER", "sumber": "Halte Dinas Bina Marga"}}, {"type": "Feature", "geometry": {"type": "Point", "coordinates": [106.844703, -6.224412]}, "properties": {"jenis": "halte_non_brt", "nama": "Dekat Pal Batu Jl. Casablanca Kec Setiabudi", "jenis_asli": "HALTE REGULER", "sumber": "Halte Dinas Bina Marga"}}, {"type": "Feature", "geometry": {"type": "Point", "coordinates": [106.841415, -6.207329]}, "properties": {"jenis": "halte_non_brt", "nama": "Halte Pasar Rumput  Jl. Sultan Agung Kec Setiabudi", "jenis_asli": "HALTE REGULER", "sumber": "Halte Dinas Bina Marga"}}, {"type": "Feature", "geometry": {"type": "Point", "coordinates": [106.813825, -6.238755]}, "properties": {"jenis": "halte_non_brt", "nama": "Seberang Gereja Santa Jl. Wolter Mangunsidi Kec. Kebayoran Baru", "jenis_asli": "HALTE REGULER", "sumber": "Halte Dinas Bina Marga"}}, {"type": "Feature", "geometry": {"type": "Point", "coordinates": [106.807231, -6.238852]}, "properties": {"jenis": "halte_non_brt", "nama": "Dekat Jl. Sanjaya Jl. Gunawarman", "jenis_asli": "HALTE REGULER", "sumber": "Halte Dinas Bina Marga"}}, {"type": "Feature", "geometry": {"type": "Point", "coordinates": [106.793409, -6.240601]}, "properties": {"jenis": "halte_non_brt", "nama": "Halte Depan RS. Pertamina Jl. Kyaimaja Kec. Kebayoran Baru", "jenis_asli": "HALTE REGULER", "sumber": "Halte Dinas Bina Marga"}}, {"type": "Feature", "geometry": {"type": "Point", "coordinates": [106.803756, -6.250406]}, "properties": {"jenis": "halte_non_brt", "nama": "Seberang Lapangan Golf Wijaya II Kec kabayoran baru", "jenis_asli": "HALTE REGULER", "sumber": "Halte Dinas Bina Marga"}}, {"type": "Feature", "geometry": {"type": "Point", "coordinates": [106.790131, -6.235783]}, "properties": {"jenis": "halte_non_brt", "nama": "Depan Pom Bensin (Taman) Jl. Pakubuwono 6 Kec Kebayoran baru", "jenis_asli": "HALTE REGULER", "sumber": "Halte Dinas Bina Marga"}}, {"type": "Feature", "geometry": {"type": "Point", "coordinates": [106.812736, -6.242473]}, "properties": {"jenis": "halte_non_brt", "nama": "Depan Taman Jl. Wijaya 1 sisi Barat kec. Kebayoran baru", "jenis_asli": "HALTE REGULER", "sumber": "Halte Dinas Bina Marga"}}, {"type": "Feature", "geometry": {"type": "Point", "coordinates": [106.791599, -6.235129]}, "properties": {"jenis": "halte_non_brt", "nama": "Seberang SMK/Taman Tumbuh Jl. Pakubuwono 6 Kec Kebayoran Baru", "jenis_asli": "HALTE REGULER", "sumber": "Halte Dinas Bina Marga"}}, {"type": "Feature", "geometry": {"type": "Point", "coordinates": [106.807163, -6.248976]}, "properties": {"jenis": "halte_non_brt", "nama": "Seberang Walikotamadya Jak Sel Jl Prapanca Kec Kebayoran baru", "jenis_asli": "HALTE REGULER", "sumber": "Halte Dinas Bina Marga"}}, {"type": "Feature", "geometry": {"type": "Point", "coordinates": [106.817216, -6.239005]}, "properties": {"jenis": "halte_non_brt", "nama": "Depan Tarakanita Barito Jl. Barito Kec Kebayoran Baru", "jenis_asli": "HALTE REGULER", "sumber": "Halte Dinas Bina Marga"}}, {"type": "Feature", "geometry": {"type": "Point", "coordinates": [106.837391, -6.318197]}, "properties": {"jenis": "halte_non_brt", "nama": "Samping Pom Bensin Jl. Lt Agung Sisi Timur Kec.Jagakarsa", "jenis_asli": "HALTE REGULER", "sumber": "Halte Dinas Bina Marga"}}, {"type": "Feature", "geometry": {"type": "Point", "coordinates": [106.842884, -6.303815]}, "properties": {"jenis": "halte_non_brt", "nama": "Seberang gedung ANTAM Jl. TB Simatupang Sisi Selatan Kec Jagakarsa", "jenis_asli": "HALTE REGULER", "sumber": "Halte Dinas Bina Marga"}}, {"type": "Feature", "geometry": {"type": "Point", "coordinates": [106.809102, -6.351261]}, "properties": {"jenis": "halte_non_brt", "nama": "Depan Kampus APP Jl. Timbul Kec Jagakarsa", "jenis_asli": "HALTE REGULER", "sumber": "Halte Dinas Bina Marga"}}, {"type": "Feature", "geometry": {"type": "Point", "coordinates": [106.801806, -6.362459]}, "properties": {"jenis": "halte_non_brt", "nama": "Depan SMP 131 Jl. Kahfi 1 Sisi barat Kec Jagakarsa", "jenis_asli": "HALTE REGULER", "sumber": "Halte Dinas Bina Marga"}}, {"type": "Feature", "geometry": {"type": "Point", "coordinates": [106.810434, -6.354909]}, "properties": {"jenis": "halte_non_brt", "nama": "Depan ISTN Jl. Kahfi 2 Sisi Timur Kec Jagakarsa", "jenis_asli": "HALTE REGULER", "sumber": "Halte Dinas Bina Marga"}}, {"type": "Feature", "geometry": {"type": "Point", "coordinates": [106.838894, -6.309561]}, "properties": {"jenis": "halte_non_brt", "nama": "Depan Univ. STIA YAPPAN Jl. Lt. Agung  Sisi Timur Kec.Jagakarsa", "jenis_asli": "HALTE REGULER", "sumber": "Halte Dinas Bina Marga"}}, {"type": "Feature", "geometry": {"type": "Point", "coordinates": [106.835068, -6.332357]}, "properties": {"jenis": "halte_non_brt", "nama": "Simpang Kahfi 2/ Jl. Lt. Agung sisi Barat Kec.Jagakarsa", "jenis_asli": "HALTE REGULER", "sumber": "Halte Dinas Bina Marga"}}, {"type": "Feature", "geometry": {"type": "Point", "coordinates": [106.802099, -6.313206]}, "properties": {"jenis": "halte_non_brt", "nama": "Dekat SDN 011  pondok labu Jl. Taman Margasatwa Kec Jagakarsa", "jenis_asli": "HALTE REGULER", "sumber": "Halte Dinas Bina Marga"}}, {"type": "Feature", "geometry": {"type": "Point", "coordinates": [106.807046, -6.36305]}, "properties": {"jenis": "halte_non_brt", "nama": "Dekat Tanah baru / depan ruko Jl. Kahfi 2 sisi barat Kec jagakarsa", "jenis_asli": "HALTE REGULER", "sumber": "Halte Dinas Bina Marga"}}, {"type": "Feature", "geometry": {"type": "Point", "coordinates": [106.834818, -6.33585]}, "properties": {"jenis": "halte_non_brt", "nama": "Depan SMU Dekat Gg Mohammad Jl. Lenteng Agung sisi Barat Kec. Jagakarsa", "jenis_asli": "HALTE REGULER", "sumber": "Halte Dinas Bina Marga"}}, {"type": "Feature", "geometry": {"type": "Point", "coordinates": [106.835778, -6.336213]}, "properties": {"jenis": "halte_non_brt", "nama": "Depan SMU 38 Jl. Lt. Agung sisi Timur Kec.Jagakarsa", "jenis_asli": "HALTE REGULER", "sumber": "Halte Dinas Bina Marga"}}, {"type": "Feature", "geometry": {"type": "Point", "coordinates": [106.845913, -6.304212]}, "properties": {"jenis": "halte_non_brt", "nama": "Depan Telkomsel Jl. TB Simatupang Sisi Selatan Kec Jagakarsa", "jenis_asli": "HALTE REGULER", "sumber": "Halte Dinas Bina Marga"}}, {"type": "Feature", "geometry": {"type": "Point", "coordinates": [106.839907, -6.303088]}, "properties": {"jenis": "halte_non_brt", "nama": "Bawah FO Tanjung Barat Jl.Raya Lenteng Agung Sisi Timur", "jenis_asli": "HALTE REGULER", "sumber": "Halte Dinas Bina Marga"}}, {"type": "Feature", "geometry": {"type": "Point", "coordinates": [106.850824, -6.304416]}, "properties": {"jenis": "halte_non_brt", "nama": "Dekat Jl. Ranco Kec. Jagakarsa", "jenis_asli": "HALTE REGULER", "sumber": "Halte Dinas Bina Marga"}}, {"type": "Feature", "geometry": {"type": "Point", "coordinates": [106.804517, -6.310537]}, "properties": {"jenis": "halte_non_brt", "nama": "Halte Semar Jl. Margasatwa Kec Jagakarsa", "jenis_asli": "HALTE REGULER", "sumber": "Halte Dinas Bina Marga"}}, {"type": "Feature", "geometry": {"type": "Point", "coordinates": [106.821733, -6.339108]}, "properties": {"jenis": "halte_non_brt", "nama": "Depan Setu Babakan Jl. Kahfi 2 Sisi Timur Kec Jagakarsa", "jenis_asli": "HALTE REGULER", "sumber": "Halte Dinas Bina Marga"}}, {"type": "Feature", "geometry": {"type": "Point", "coordinates": [106.75631, -6.252176]}, "properties": {"jenis": "halte_non_brt", "nama": "Depan Puskesmas Kel. Pesanggrahan Jl.  Kec. Pesanggrahan", "jenis_asli": "HALTE REGULER", "sumber": "Halte Dinas Bina Marga"}}, {"type": "Feature", "geometry": {"type": "Point", "coordinates": [106.744472, -6.236037]}, "properties": {"jenis": "halte_non_brt", "nama": "Halte Sulaeman Jl. Ciledug Raya sisi Utara", "jenis_asli": "HALTE REGULER", "sumber": "Halte Dinas Bina Marga"}}, {"type": "Feature", "geometry": {"type": "Point", "coordinates": [106.8878, -6.3287]}, "properties": {"jenis": "halte_non_brt", "nama": "Jl. Raya Bina Marga Kel. Cipayung ( Depan Kantor Kecamatan Cipayung )", "jenis_asli": "Halte Reguler /  Kec. Cipayung", "sumber": "Halte Dinas Bina Marga"}}, {"type": "Feature", "geometry": {"type": "Point", "coordinates": [106.870396, -6.308957]}, "properties": {"jenis": "halte_non_brt", "nama": "Jl. Supriadi", "jenis_asli": "Halte Reguler / Supriadi", "sumber": "Halte Dinas Bina Marga"}}, {"type": "Feature", "geometry": {"type": "Point", "coordinates": [106.8649, -6.21468]}, "properties": {"jenis": "halte_non_brt", "nama": "Jl. Matraman Raya SMP 14", "jenis_asli": "Reguler/HALTE DPN SMPN 14", "sumber": "Halte Dinas Bina Marga"}}, {"type": "Feature", "geometry": {"type": "Point", "coordinates": [106.923933, -6.220192]}, "properties": {"jenis": "halte_non_brt", "nama": "Jl. Perumnas Raya", "jenis_asli": "Halte Reguler / Perumnas Raya", "sumber": "Halte Dinas Bina Marga"}}, {"type": "Feature", "geometry": {"type": "Point", "coordinates": [106.799817, -6.252693]}, "properties": {"jenis": "halte_non_brt", "nama": "Depan Grand Center Jl. Wijaya 2 Kec Kebayoran Baru", "jenis_asli": "HALTE REGULER", "sumber": "Halte Dinas Bina Marga"}}, {"type": "Feature", "geometry": {"type": "Point", "coordinates": [106.780424, -6.290084]}, "properties": {"jenis": "halte_non_brt", "nama": "Seberang Mercure Hotel Jl. TB. Simatupang Sisi Utara Kecamatan Cilandak", "jenis_asli": "HALTE REGULER", "sumber": "Halte Dinas Bina Marga"}}, {"type": "Feature", "geometry": {"type": "Point", "coordinates": [106.793612, -6.308381]}, "properties": {"jenis": "halte_non_brt", "nama": "Halte Dekat Jl. H. Kamang Jl. Pondok Labu Kec Cilandak", "jenis_asli": "HALTE REGULER", "sumber": "Halte Dinas Bina Marga"}}, {"type": "Feature", "geometry": {"type": "Point", "coordinates": [106.83626, -6.322025]}, "properties": {"jenis": "halte_non_brt", "nama": "Depan Bidan Jenda Jl. Raya Lenteng Agung Sisi Timur", "jenis_asli": "HALTE REGULER", "sumber": "Halte Dinas Bina Marga"}}, {"type": "Feature", "geometry": {"type": "Point", "coordinates": [106.86205, -6.30456]}, "properties": {"jenis": "halte_non_brt", "nama": "Jl TB Simatupang\n Kodya Jakarta Timur", "jenis_asli": "Halte Reguler / RSUD Pasar Rebo sisi selatan", "sumber": "Halte Dinas Bina Marga"}}, {"type": "Feature", "geometry": {"type": "Point", "coordinates": [106.778497, -6.217933]}, "properties": {"jenis": "halte_non_brt", "nama": "Dekat RS. Permata Hijau Jl. Keb ayoran Lama Kec Kebayoran lama", "jenis_asli": "HALTE REGULER", "sumber": "Halte Dinas Bina Marga"}}, {"type": "Feature", "geometry": {"type": "Point", "coordinates": [106.780292, -6.232864]}, "properties": {"jenis": "halte_non_brt", "nama": "Halte Seberang SMP 48/Jl. Kangkung Jl. Kebayoran Lama Kec Kebayoran lama", "jenis_asli": "HALTE REGULER", "sumber": "Halte Dinas Bina Marga"}}, {"type": "Feature", "geometry": {"type": "Point", "coordinates": [106.844504, -6.237425]}, "properties": {"jenis": "halte_non_brt", "nama": "Depan Taman Rosita Jl. Supomo sisi Timur Kec Tebet", "jenis_asli": "HALTE REGULER", "sumber": "Halte Dinas Bina Marga"}}, {"type": "Feature", "geometry": {"type": "Point", "coordinates": [106.847377, -6.237862]}, "properties": {"jenis": "halte_non_brt", "nama": "Depan SMU Kartika Jl. Tebet Barat Dalam Kec tebet", "jenis_asli": "HALTE REGULER", "sumber": "Halte Dinas Bina Marga"}}, {"type": "Feature", "geometry": {"type": "Point", "coordinates": [106.841048, -6.285465]}, "properties": {"jenis": "halte_non_brt", "nama": "Depan Ramayana  Pasar minggu Jl. Ragunan sisi Utara Kec Pasar minggu", "jenis_asli": "HALTE REGULER", "sumber": "Halte Dinas Bina Marga"}}, {"type": "Feature", "geometry": {"type": "Point", "coordinates": [106.820862, -6.29355]}, "properties": {"jenis": "halte_non_brt", "nama": "Depan RSUD Pasar Minggu Jl. TB. Simatupang Sisi Utara", "jenis_asli": "HALTE REGULER", "sumber": "Halte Dinas Bina Marga"}}, {"type": "Feature", "geometry": {"type": "Point", "coordinates": [106.807677, -6.245458]}, "properties": {"jenis": "halte_non_brt", "nama": "Halte PTIK Jl. Wijaya 1 sisi Barat kec. Kebayoran baru", "jenis_asli": "HALTE REGULER", "sumber": "Halte Dinas Bina Marga"}}, {"type": "Feature", "geometry": {"type": "Point", "coordinates": [106.839068, -6.30853]}, "properties": {"jenis": "halte_non_brt", "nama": "Depan Perum Tanjung Mas/ Depan Ruko Kec.Jagakarsa", "jenis_asli": "HALTE REGULER", "sumber": "Halte Dinas Bina Marga"}}, {"type": "Feature", "geometry": {"type": "Point", "coordinates": [106.858566, -6.19584]}, "properties": {"jenis": "halte_non_brt", "nama": "Jl. Pramuka Raya, Kelurahan Rawasari, Kecamatan Cempaka Putih", "jenis_asli": "Halte (Tidak Ada Nama)", "sumber": "Halte Dinas Bina Marga"}}, {"type": "Feature", "geometry": {"type": "Point", "coordinates": [106.860722, -6.19437]}, "properties": {"jenis": "halte_non_brt", "nama": "Jl. Pramuka Raya, Kelurahan Rawasari, Kecamatan Cempaka Putih", "jenis_asli": "Halte Bus Sekolah (Depan Pasar Genjing)", "sumber": "Halte Dinas Bina Marga"}}, {"type": "Feature", "geometry": {"type": "Point", "coordinates": [106.863479, -6.192929]}, "properties": {"jenis": "halte_non_brt", "nama": "Jl. Pramuka Raya, Kelurahan Rawasari, Kecamatan Cempaka Putih", "jenis_asli": "Halte (Tidak Ada Nama)", "sumber": "Halte Dinas Bina Marga"}}, {"type": "Feature", "geometry": {"type": "Point", "coordinates": [106.867044, -6.192565]}, "properties": {"jenis": "halte_non_brt", "nama": "Jl. Pramuka Raya, Kelurahan Rawasari, Kecamatan Cempaka Putih", "jenis_asli": "Halte (Tidak Ada Nama)", "sumber": "Halte Dinas Bina Marga"}}, {"type": "Feature", "geometry": {"type": "Point", "coordinates": [106.873066, -6.191494]}, "properties": {"jenis": "halte_non_brt", "nama": "Jl. Pramuka Raya, Kelurahan Rawasari, Kecamatan Cempaka Putih", "jenis_asli": "Halte (Tidak Ada Nama)", "sumber": "Halte Dinas Bina Marga"}}, {"type": "Feature", "geometry": {"type": "Point", "coordinates": [106.874927, -6.188318]}, "properties": {"jenis": "halte_non_brt", "nama": "Jl. Jend. Ahmad Yani, Kelurahan Cempaka Putih Timur, Kecamatan Cempaka Putih", "jenis_asli": "Halte Rawasari", "sumber": "Halte Dinas Bina Marga"}}, {"type": "Feature", "geometry": {"type": "Point", "coordinates": [106.862714, -6.188513]}, "properties": {"jenis": "halte_non_brt", "nama": "Jl. Percetakan Negara Raya, Kelurahan Rawasari, Kecamatan Cempaka Putih", "jenis_asli": "Halte Rawasari Mas", "sumber": "Halte Dinas Bina Marga"}}, {"type": "Feature", "geometry": {"type": "Point", "coordinates": [106.860289, -6.189142]}, "properties": {"jenis": "halte_non_brt", "nama": "Jl. Percetakan Negara Raya, Kelurahan Rawasari, Kecamatan Cempaka Putih", "jenis_asli": "Halte Rutan Salemba", "sumber": "Halte Dinas Bina Marga"}}, {"type": "Feature", "geometry": {"type": "Point", "coordinates": [106.859624, -6.189752]}, "properties": {"jenis": "halte_non_brt", "nama": "Jl. Percetakan Negara Raya, Kelurahan Rawasari, Kecamatan Cempaka Putih", "jenis_asli": "Halte Sudinkes", "sumber": "Halte Dinas Bina Marga"}}, {"type": "Feature", "geometry": {"type": "Point", "coordinates": [106.864347, -6.187708]}, "properties": {"jenis": "halte_non_brt", "nama": "Jl. Percetakan Negara Raya, Kelurahan Rawasari, Kecamatan Cempaka Putih", "jenis_asli": "Halte Sekolah", "sumber": "Halte Dinas Bina Marga"}}, {"type": "Feature", "geometry": {"type": "Point", "coordinates": [106.875298, -6.177061]}, "properties": {"jenis": "halte_non_brt", "nama": "Jl. Jend. Ahmad Yani, Kelurahan Cempaka Putih Timur, Kecamatan Cempaka Putih", "jenis_asli": "Halte Bus Sekolah", "sumber": "Halte Dinas Bina Marga"}}, {"type": "Feature", "geometry": {"type": "Point", "coordinates": [106.877077, -6.168841]}, "properties": {"jenis": "halte_non_brt", "nama": "Jl. Jend. Ahmad Yani, Kelurahan Cempaka Putih Timur, Kecamatan Cempaka Putih", "jenis_asli": "Halte (Depan Transmart)", "sumber": "Halte Dinas Bina Marga"}}, {"type": "Feature", "geometry": {"type": "Point", "coordinates": [106.87677, -6.166192]}, "properties": {"jenis": "halte_non_brt", "nama": "Jl. Letjend Suprapto, Kelurahan Cempaka Putih Timur, Kecamatan Cempaka Putih", "jenis_asli": "Halte", "sumber": "Halte Dinas Bina Marga"}}, {"type": "Feature", "geometry": {"type": "Point", "coordinates": [106.876094, -6.166186]}, "properties": {"jenis": "halte_non_brt", "nama": "Jl. Letjend Suprapto, Kelurahan Cempaka Putih Timur, Kecamatan Cempaka Putih", "jenis_asli": "Halte", "sumber": "Halte Dinas Bina Marga"}}, {"type": "Feature", "geometry": {"type": "Point", "coordinates": [106.875588, -6.166253]}, "properties": {"jenis": "halte_non_brt", "nama": "Jl. Letjend Suprapto, Kelurahan Cempaka Putih Timur, Kecamatan Cempaka Putih", "jenis_asli": "Halte", "sumber": "Halte Dinas Bina Marga"}}, {"type": "Feature", "geometry": {"type": "Point", "coordinates": [106.875485, -6.166364]}, "properties": {"jenis": "halte_non_brt", "nama": "Jl. Letjend Suprapto, Kelurahan Cempaka Putih Timur, Kecamatan Cempaka Putih", "jenis_asli": "Halte", "sumber": "Halte Dinas Bina Marga"}}, {"type": "Feature", "geometry": {"type": "Point", "coordinates": [106.762224, -6.277604]}, "properties": {"jenis": "halte_non_brt", "nama": "Jl. Cempaka Rc. Veteran Bintaro Kec Pesanggrahan", "jenis_asli": "HALTE REGULER", "sumber": "Halte Dinas Bina Marga"}}, {"type": "Feature", "geometry": {"type": "Point", "coordinates": [106.75878, -6.259114]}, "properties": {"jenis": "halte_non_brt", "nama": "Seberang Jl. Nangka Bintaro Kodam Kec Pesanggrahan", "jenis_asli": "HALTE REGULER", "sumber": "Halte Dinas Bina Marga"}}, {"type": "Feature", "geometry": {"type": "Point", "coordinates": [106.762905, -6.246935]}, "properties": {"jenis": "halte_non_brt", "nama": "Seberang Pesantren Jl. Ulujami Kec Pesanggrahan", "jenis_asli": "HALTE REGULER", "sumber": "Halte Dinas Bina Marga"}}, {"type": "Feature", "geometry": {"type": "Point", "coordinates": [106.756427, -6.255426]}, "properties": {"jenis": "halte_non_brt", "nama": "Depan Kelurahan Pesanggrahan Jl. Pesanggrahan Raya", "jenis_asli": "HALTE REGULER", "sumber": "Halte Dinas Bina Marga"}}, {"type": "Feature", "geometry": {"type": "Point", "coordinates": [106.7678, -6.258607]}, "properties": {"jenis": "halte_non_brt", "nama": "Depan Ruko Jl. RC Veteran Kec", "jenis_asli": "HALTE REGULER", "sumber": "Halte Dinas Bina Marga"}}, {"type": "Feature", "geometry": {"type": "Point", "coordinates": [106.75892, -6.260159]}, "properties": {"jenis": "halte_non_brt", "nama": "Depan SMU Dewi Sartika Jl. Bintaro Permai Kec Pesanggrahan", "jenis_asli": "HALTE REGULER", "sumber": "Halte Dinas Bina Marga"}}, {"type": "Feature", "geometry": {"type": "Point", "coordinates": [106.830785, -6.254252]}, "properties": {"jenis": "halte_non_brt", "nama": "Dekat Jl. Segar Duren Tiga Kec Pancoran", "jenis_asli": "HALTE REGULER", "sumber": "Halte Dinas Bina Marga"}}, {"type": "Feature", "geometry": {"type": "Point", "coordinates": [106.830864, -6.25424]}, "properties": {"jenis": "halte_non_brt", "nama": "Seberang Komplek Keuangan Jl. Duren Tiga Kec. Pancoran", "jenis_asli": "HALTE REGULER", "sumber": "Halte Dinas Bina Marga"}}, {"type": "Feature", "geometry": {"type": "Point", "coordinates": [106.85266, -6.261143]}, "properties": {"jenis": "halte_non_brt", "nama": "Dekat Jl rawajati timur VI, jl rawa jati timur Kec Pancoran", "jenis_asli": "HALTE REGULER", "sumber": "Halte Dinas Bina Marga"}}, {"type": "Feature", "geometry": {"type": "Point", "coordinates": [106.843238, -6.261784]}, "properties": {"jenis": "halte_non_brt", "nama": "Seberang Pomad Jl Ps minggu sisi timur Kec pancoran", "jenis_asli": "HALTE REGULER", "sumber": "Halte Dinas Bina Marga"}}, {"type": "Feature", "geometry": {"type": "Point", "coordinates": [106.852477, -6.261505]}, "properties": {"jenis": "halte_non_brt", "nama": "Seberang Komplek perindustrian  jl rawa jati timur kec pancoran", "jenis_asli": "HALTE REGULER", "sumber": "Halte Dinas Bina Marga"}}, {"type": "Feature", "geometry": {"type": "Point", "coordinates": [106.847964, -6.27161]}, "properties": {"jenis": "halte_non_brt", "nama": "Seberang jl kemuning jl rawa jati timur kec pancoran", "jenis_asli": "HALTE REGULER", "sumber": "Halte Dinas Bina Marga"}}, {"type": "Feature", "geometry": {"type": "Point", "coordinates": [106.844064, -6.255666]}, "properties": {"jenis": "halte_non_brt", "nama": "Depan TMP Kalibata Jl. Raya Kalibata", "jenis_asli": "HALTE REGULER", "sumber": "Halte Dinas Bina Marga"}}, {"type": "Feature", "geometry": {"type": "Point", "coordinates": [106.844022, -6.255418]}, "properties": {"jenis": "halte_non_brt", "nama": "seberang TMP kalibata Jl kalibata kec pancoran", "jenis_asli": "HALTE REGULER", "sumber": "Halte Dinas Bina Marga"}}, {"type": "Feature", "geometry": {"type": "Point", "coordinates": [106.834308, -6.25425]}, "properties": {"jenis": "halte_non_brt", "nama": "Seberang PLN Jl. Duren Tiga Kec, Pancoran", "jenis_asli": "HALTE REGULER", "sumber": "Halte Dinas Bina Marga"}}, {"type": "Feature", "geometry": {"type": "Point", "coordinates": [106.834046, -6.254413]}, "properties": {"jenis": "halte_non_brt", "nama": "Depan PLN Jl. Duren Tiga Kec.Pancoran", "jenis_asli": "HALTE REGULER", "sumber": "Halte Dinas Bina Marga"}}, {"type": "Feature", "geometry": {"type": "Point", "coordinates": [106.838404, -6.253391]}, "properties": {"jenis": "halte_non_brt", "nama": "Dekat Jl. Minyak, Jl. Duren Tiga Kec.Pancoran", "jenis_asli": "HALTE REGULER", "sumber": "Halte Dinas Bina Marga"}}, {"type": "Feature", "geometry": {"type": "Point", "coordinates": [106.84995, -6.255541]}, "properties": {"jenis": "halte_non_brt", "nama": "Depan Dept. Transmigrasi jl kalibata kec pancoran", "jenis_asli": "HALTE REGULER", "sumber": "Halte Dinas Bina Marga"}}, {"type": "Feature", "geometry": {"type": "Point", "coordinates": [106.849384, -6.255689]}, "properties": {"jenis": "halte_non_brt", "nama": "Depan danau/STEKPI Jl TMP kalibata Kec pancoran", "jenis_asli": "HALTE REGULER", "sumber": "Halte Dinas Bina Marga"}}, {"type": "Feature", "geometry": {"type": "Point", "coordinates": [106.843265, -6.256595]}, "properties": {"jenis": "halte_non_brt", "nama": "Simpang kalibata (pertani) Jl raya pasar minggu sisi timur Kec pancoran", "jenis_asli": "HALTE REGULER", "sumber": "Halte Dinas Bina Marga"}}, {"type": "Feature", "geometry": {"type": "Point", "coordinates": [106.842652, -6.250244]}, "properties": {"jenis": "halte_non_brt", "nama": "seberang perdatam Jl Raya Ps minggu sisi barat Kec pancoran", "jenis_asli": "HALTE REGULER", "sumber": "Halte Dinas Bina Marga"}}, {"type": "Feature", "geometry": {"type": "Point", "coordinates": [106.843484, -6.258563]}, "properties": {"jenis": "halte_non_brt", "nama": "Depan SMK ( karya teladan ) Jl Ps minggu  sisi barat Kec pancoran", "jenis_asli": "HALTE REGULER", "sumber": "Halte Dinas Bina Marga"}}, {"type": "Feature", "geometry": {"type": "Point", "coordinates": [106.8431, -6.261703]}, "properties": {"jenis": "halte_non_brt", "nama": "Depan Pomad Jl raya ps minggu sisi barat Kec pancoran", "jenis_asli": "HALTE REGULER", "sumber": "Halte Dinas Bina Marga"}}, {"type": "Feature", "geometry": {"type": "Point", "coordinates": [106.843214, -6.26331]}, "properties": {"jenis": "halte_non_brt", "nama": "Empang Tiga l Raya Ps minggu Sisi barat Kec pancoran", "jenis_asli": "HALTE REGULER", "sumber": "Halte Dinas Bina Marga"}}, {"type": "Feature", "geometry": {"type": "Point", "coordinates": [106.851247, -6.264294]}, "properties": {"jenis": "halte_non_brt", "nama": "Halte Samping Polsek Pancoran Jl. Rawa Jati Timur Kec. Pancoran", "jenis_asli": "HALTE REGULER", "sumber": "Halte Dinas Bina Marga"}}, {"type": "Feature", "geometry": {"type": "Point", "coordinates": [106.821971, -6.240255]}, "properties": {"jenis": "halte_non_brt", "nama": "Dekat kantor pos Jl kapten tendean sisi utara Kec mampang prapatan", "jenis_asli": "HALTE REGULER", "sumber": "Halte Dinas Bina Marga"}}, {"type": "Feature", "geometry": {"type": "Point", "coordinates": [106.828812, -6.240081]}, "properties": {"jenis": "halte_non_brt", "nama": "Depan Lapangan Mampang Jl. Kapt. Tendean sisi Selatan Kec. Mampang Prapatan", "jenis_asli": "HALTE REGULER", "sumber": "Halte Dinas Bina Marga"}}, {"type": "Feature", "geometry": {"type": "Point", "coordinates": [106.830609, -6.240153]}, "properties": {"jenis": "halte_non_brt", "nama": "Depan Trans TV, Jl. Kapt. Tendean sisi Selatan Kec. Mampang Prapatan", "jenis_asli": "HALTE REGULER", "sumber": "Halte Dinas Bina Marga"}}, {"type": "Feature", "geometry": {"type": "Point", "coordinates": [106.8294, -6.2402]}, "properties": {"jenis": "halte_non_brt", "nama": "Seberang lapangan mampang Jl kapten tendean sisi utara kec mampang prapatan", "jenis_asli": "HALTE REGULER", "sumber": "Halte Dinas Bina Marga"}}, {"type": "Feature", "geometry": {"type": "Point", "coordinates": [106.815807, -6.262297]}, "properties": {"jenis": "halte_non_brt", "nama": "Depan tanah kedubes malaysia jl kemang raya Kec. mampang prapatan", "jenis_asli": "HALTE REGULER", "sumber": "Halte Dinas Bina Marga"}}, {"type": "Feature", "geometry": {"type": "Point", "coordinates": [106.815896, -6.262775]}, "properties": {"jenis": "halte_non_brt", "nama": "Seberang tanah kedubes malaysia jl kemang raya Kec. mampang prapatan", "jenis_asli": "HALTE REGULER", "sumber": "Halte Dinas Bina Marga"}}, {"type": "Feature", "geometry": {"type": "Point", "coordinates": [106.817216, -6.239005]}, "properties": {"jenis": "halte_non_brt", "nama": "Tarakanita/Rengas Jl. Kapt. Tendean sisi selatan Kec. Mampang Prapatan", "jenis_asli": "HALTE REGULER", "sumber": "Halte Dinas Bina Marga"}}, {"type": "Feature", "geometry": {"type": "Point", "coordinates": [106.850767, -6.304448]}, "properties": {"jenis": "halte_non_brt", "nama": "Samping Rancho indah Jl. TB Simatupang sisi Selatan Kec Jagakarsa", "jenis_asli": "HALTE REGULER", "sumber": "Halte Dinas Bina Marga"}}, {"type": "Feature", "geometry": {"type": "Point", "coordinates": [106.748952, -6.236588]}, "properties": {"jenis": "halte_non_brt", "nama": "Halte Depan Apotik Sangrila/Apartemen Jl. Ciledug Raya Sisi Selatan Kec Pesanggrahan", "jenis_asli": "HALTE REGULER", "sumber": "Halte Dinas Bina Marga"}}, {"type": "Feature", "geometry": {"type": "Point", "coordinates": [106.855672, -6.25642]}, "properties": {"jenis": "halte_non_brt", "nama": "Depan mall kalibata Jl TMP kalibata Kec pancoran", "jenis_asli": "HALTE REGULER", "sumber": "Halte Dinas Bina Marga"}}, {"type": "Feature", "geometry": {"type": "Point", "coordinates": [106.872289, -6.185884]}, "properties": {"jenis": "halte_non_brt", "nama": "Jl. Rawasari Selatan, Kelurahan Cempaka Putih Timur, Kecamatan Cempaka Putih", "jenis_asli": "Halte (Pasar Rawasari)", "sumber": "Halte Dinas Bina Marga"}}, {"type": "Feature", "geometry": {"type": "Point", "coordinates": [106.875208, -6.176863]}, "properties": {"jenis": "halte_non_brt", "nama": "Jl. Cempaka Putih Raya, Kelurahan Cempaka Putih Timur, Kecamatan Cempaka Putih", "jenis_asli": "Halte", "sumber": "Halte Dinas Bina Marga"}}, {"type": "Feature", "geometry": {"type": "Point", "coordinates": [106.8651, -6.176482]}, "properties": {"jenis": "halte_non_brt", "nama": "Jl. Cempaka Putih Raya, Kelurahan Cempaka Putih Timur, Kecamatan Cempaka Putih", "jenis_asli": "Halte Sekolah (Depan Apartemen Arandra)", "sumber": "Halte Dinas Bina Marga"}}, {"type": "Feature", "geometry": {"type": "Point", "coordinates": [106.865797, -6.176327]}, "properties": {"jenis": "halte_non_brt", "nama": "Jl. Cempaka Putih Raya, Kelurahan Cempaka Putih Timur, Kecamatan Cempaka Putih", "jenis_asli": "Halte Akademi Kebidanan", "sumber": "Halte Dinas Bina Marga"}}, {"type": "Feature", "geometry": {"type": "Point", "coordinates": [106.869832, -6.184811]}, "properties": {"jenis": "halte_non_brt", "nama": "Jl. Rawasari Barat I, Kelurahan Cempaka Putih Timur, Kecamatan Cempaka Putih", "jenis_asli": "Halte", "sumber": "Halte Dinas Bina Marga"}}, {"type": "Feature", "geometry": {"type": "Point", "coordinates": [106.869648, -6.184061]}, "properties": {"jenis": "halte_non_brt", "nama": "Jl. Rawasari Barat I, Kelurahan Cempaka Putih Timur, Kecamatan Cempaka Putih", "jenis_asli": "Halte", "sumber": "Halte Dinas Bina Marga"}}, {"type": "Feature", "geometry": {"type": "Point", "coordinates": [106.860704, -6.181134]}, "properties": {"jenis": "halte_non_brt", "nama": "Jl. Mardani Raya, Kelurahan Cempaka Putih Barat, Kecamatan Cempaka Putih", "jenis_asli": "Halte Mardani", "sumber": "Halte Dinas Bina Marga"}}, {"type": "Feature", "geometry": {"type": "Point", "coordinates": [106.869282, -6.18316]}, "properties": {"jenis": "halte_non_brt", "nama": "Jl.Cempaka Putih Barat 26, Kelurahan Cempaka Putih Barat, Kecamatan Cempaka Putih", "jenis_asli": "Halte Lap. Arcici", "sumber": "Halte Dinas Bina Marga"}}, {"type": "Feature", "geometry": {"type": "Point", "coordinates": [106.866706, -6.180023]}, "properties": {"jenis": "halte_non_brt", "nama": "Jl.Cempaka Putih Barat 26, Kelurahan Cempaka Putih Barat, Kecamatan Cempaka Putih", "jenis_asli": "Halte Sekolah (SMPN 137)", "sumber": "Halte Dinas Bina Marga"}}, {"type": "Feature", "geometry": {"type": "Point", "coordinates": [106.809106, -6.172764]}, "properties": {"jenis": "halte_non_brt", "nama": "Betawi", "jenis_asli": "Halte Bus Reguler (HALTE TAMAN MUSI)", "sumber": "Halte Dinas Bina Marga"}}, {"type": "Feature", "geometry": {"type": "Point", "coordinates": [106.809742, -6.175074]}, "properties": {"jenis": "halte_non_brt", "nama": "Betawi", "jenis_asli": "Halte Bus Reguler (Tidak terdapat nama halte)", "sumber": "Halte Dinas Bina Marga"}}, {"type": "Feature", "geometry": {"type": "Point", "coordinates": [106.80954, -6.171288]}, "properties": {"jenis": "halte_non_brt", "nama": "Betawi", "jenis_asli": "Halte Bus Reguler (Tidak terdapat nama halte)", "sumber": "Halte Dinas Bina Marga"}}, {"type": "Feature", "geometry": {"type": "Point", "coordinates": [106.810552, -6.17596]}, "properties": {"jenis": "halte_non_brt", "nama": "Betawi", "jenis_asli": "Halte Bus Reguler (Halte Gereja Mulia Bunda)", "sumber": "Halte Dinas Bina Marga"}}, {"type": "Feature", "geometry": {"type": "Point", "coordinates": [106.819528, -6.164778]}, "properties": {"jenis": "halte_non_brt", "nama": "Jl. KH. Hasyim Ashari, RT.2/RW.8, Petojo Utara, Kecamatan Gambir, Kota Jakarta Pusat, Daerah Khusus Ibukota Jakarta 1013", "jenis_asli": "Halte Bus Reguler (Tidak terdapat nama halte)", "sumber": "Halte Dinas Bina Marga"}}, {"type": "Feature", "geometry": {"type": "Point", "coordinates": [106.815326, -6.165443]}, "properties": {"jenis": "halte_non_brt", "nama": "Betawi", "jenis_asli": "Halte Bus Reguler (Tidak terdapat nama halte)", "sumber": "Halte Dinas Bina Marga"}}, {"type": "Feature", "geometry": {"type": "Point", "coordinates": [106.874211, -6.166591]}, "properties": {"jenis": "halte_non_brt", "nama": "Jl. Letjend Suprapto, Kelurahan Cempaka Putih Timur, Kecamatan Cempaka Putih", "jenis_asli": "Halte", "sumber": "Halte Dinas Bina Marga"}}, {"type": "Feature", "geometry": {"type": "Point", "coordinates": [106.874001, -6.167438]}, "properties": {"jenis": "halte_non_brt", "nama": "Jl. Letjend Suprapto, Kelurahan Cempaka Putih Timur, Kecamatan Cempaka Putih", "jenis_asli": "Halte", "sumber": "Halte Dinas Bina Marga"}}, {"type": "Feature", "geometry": {"type": "Point", "coordinates": [106.873994, -6.167894]}, "properties": {"jenis": "halte_non_brt", "nama": "Jl. Letjend Suprapto, Kelurahan Cempaka Putih Timur, Kecamatan Cempaka Putih", "jenis_asli": "Halte (Depan KONI)", "sumber": "Halte Dinas Bina Marga"}}, {"type": "Feature", "geometry": {"type": "Point", "coordinates": [106.873773, -6.16766]}, "properties": {"jenis": "halte_non_brt", "nama": "Jl. Letjend Suprapto, Kelurahan Cempaka Putih Timur, Kecamatan Cempaka Putih", "jenis_asli": "Halte (Depan BPJS)", "sumber": "Halte Dinas Bina Marga"}}, {"type": "Feature", "geometry": {"type": "Point", "coordinates": [106.873634, -6.167811]}, "properties": {"jenis": "halte_non_brt", "nama": "Jl. Letjend Suprapto, Kelurahan Cempaka Putih Timur, Kecamatan Cempaka Putih", "jenis_asli": "Halte BPJS Kesehatan", "sumber": "Halte Dinas Bina Marga"}}, {"type": "Feature", "geometry": {"type": "Point", "coordinates": [106.871589, -6.1684]}, "properties": {"jenis": "halte_non_brt", "nama": "Jl. Letjend Suprapto, Kelurahan Cempaka Putih Timur, Kecamatan Cempaka Putih", "jenis_asli": "Halte Bus Sekolah", "sumber": "Halte Dinas Bina Marga"}}, {"type": "Feature", "geometry": {"type": "Point", "coordinates": [106.871589, -6.1684]}, "properties": {"jenis": "halte_non_brt", "nama": "Jl. Letjend Suprapto, Kelurahan Cempaka Putih Timur, Kecamatan Cempaka Putih", "jenis_asli": "Halte (Depan Kalbe)", "sumber": "Halte Dinas Bina Marga"}}, {"type": "Feature", "geometry": {"type": "Point", "coordinates": [106.871286, -6.168524]}, "properties": {"jenis": "halte_non_brt", "nama": "Jl. Letjend Suprapto, Kelurahan Cempaka Putih Timur, Kecamatan Cempaka Putih", "jenis_asli": "Halte (Depan Kalbe)", "sumber": "Halte Dinas Bina Marga"}}, {"type": "Feature", "geometry": {"type": "Point", "coordinates": [106.87087, -6.168506]}, "properties": {"jenis": "halte_non_brt", "nama": "Jl. Letjend Suprapto, Kelurahan Cempaka Putih Timur, Kecamatan Cempaka Putih", "jenis_asli": "Halte (Depan Ziebart)", "sumber": "Halte Dinas Bina Marga"}}, {"type": "Feature", "geometry": {"type": "Point", "coordinates": [106.870728, -6.168485]}, "properties": {"jenis": "halte_non_brt", "nama": "Jl. Letjend Suprapto, Kelurahan Cempaka Putih Timur, Kecamatan Cempaka Putih", "jenis_asli": "Halte (Depan Yamaha)", "sumber": "Halte Dinas Bina Marga"}}, {"type": "Feature", "geometry": {"type": "Point", "coordinates": [106.870247, -6.168818]}, "properties": {"jenis": "halte_non_brt", "nama": "Jl. Letjend Suprapto, Kelurahan Cempaka Putih Timur, Kecamatan Cempaka Putih", "jenis_asli": "Halte (RS Islam Jakarta)", "sumber": "Halte Dinas Bina Marga"}}, {"type": "Feature", "geometry": {"type": "Point", "coordinates": [106.86765, -6.17026]}, "properties": {"jenis": "halte_non_brt", "nama": "Jl. Letjend Suprapto, Kelurahan Cempaka Putih Timur, Kecamatan Cempaka Putih", "jenis_asli": "Halte Kampus (Depan Politeknik STMI)", "sumber": "Halte Dinas Bina Marga"}}, {"type": "Feature", "geometry": {"type": "Point", "coordinates": [106.867321, -6.170318]}, "properties": {"jenis": "halte_non_brt", "nama": "Jl. Letjend Suprapto, Kelurahan Cempaka Putih Timur, Kecamatan Cempaka Putih", "jenis_asli": "Halte", "sumber": "Halte Dinas Bina Marga"}}, {"type": "Feature", "geometry": {"type": "Point", "coordinates": [106.866096, -6.17075]}, "properties": {"jenis": "halte_non_brt", "nama": "Jl. Letjend Suprapto, Kelurahan Cempaka Putih Timur, Kecamatan Cempaka Putih", "jenis_asli": "Halte", "sumber": "Halte Dinas Bina Marga"}}, {"type": "Feature", "geometry": {"type": "Point", "coordinates": [106.865985, -6.170897]}, "properties": {"jenis": "halte_non_brt", "nama": "Jl. Letjend Suprapto, Kelurahan Cempaka Putih Timur, Kecamatan Cempaka Putih", "jenis_asli": "Halte Ruko", "sumber": "Halte Dinas Bina Marga"}}, {"type": "Feature", "geometry": {"type": "Point", "coordinates": [106.864811, -6.171536]}, "properties": {"jenis": "halte_non_brt", "nama": "Jl. Letjend Suprapto, Kelurahan Cempaka Putih Timur, Kecamatan Cempaka Putih", "jenis_asli": "Halte Gereja", "sumber": "Halte Dinas Bina Marga"}}, {"type": "Feature", "geometry": {"type": "Point", "coordinates": [106.860163, -6.173566]}, "properties": {"jenis": "halte_non_brt", "nama": "Jl. Letjend Suprapto, Kelurahan Cempaka Putih Timur, Kecamatan Cempaka Putih", "jenis_asli": "Halte (Depan Telkom)", "sumber": "Halte Dinas Bina Marga"}}, {"type": "Feature", "geometry": {"type": "Point", "coordinates": [106.76398, -6.158274]}, "properties": {"jenis": "halte_non_brt", "nama": "Halte  Green Garden", "jenis_asli": "Reguler", "sumber": "Halte Dinas Bina Marga"}}, {"type": "Feature", "geometry": {"type": "Point", "coordinates": [106.92471, -6.14952]}, "properties": {"jenis": "halte_non_brt", "nama": "Halte Puskesmas", "jenis_asli": "Reguler", "sumber": "Halte Dinas Bina Marga"}}, {"type": "Feature", "geometry": {"type": "Point", "coordinates": [106.83862, -6.12907]}, "properties": {"jenis": "halte_non_brt", "nama": "Jl. R.E Martadinata Depan Ancol", "jenis_asli": "Reguler", "sumber": "Halte Dinas Bina Marga"}}, {"type": "Feature", "geometry": {"type": "Point", "coordinates": [106.838729, -6.148945]}, "properties": {"jenis": "halte_non_brt", "nama": "Betawi Keramik", "jenis_asli": "Halte Reguler", "sumber": "Halte Dinas Bina Marga"}}, {"type": "Feature", "geometry": {"type": "Point", "coordinates": [106.850799, -6.196914]}, "properties": {"jenis": "halte_non_brt", "nama": "Betawi Minimalis", "jenis_asli": "Halte Reguler", "sumber": "Halte Dinas Bina Marga"}}, {"type": "Feature", "geometry": {"type": "Point", "coordinates": [106.779444, -6.186197]}, "properties": {"jenis": "halte_non_brt", "nama": "Halte di Jl. Arjuna Utara di depan Kampus Esa Unggul", "jenis_asli": "Reguler", "sumber": "Halte Dinas Bina Marga"}}, {"type": "Feature", "geometry": {"type": "Point", "coordinates": [106.715402, -6.154567]}, "properties": {"jenis": "halte_non_brt", "nama": "Halte Pesakih", "jenis_asli": "Reguler", "sumber": "Halte Dinas Bina Marga"}}, {"type": "Feature", "geometry": {"type": "Point", "coordinates": [106.904532, -6.201519]}, "properties": {"jenis": "halte_non_brt", "nama": "Jl. Bekasi Raya dpn Jatinegara Kaum PPD", "jenis_asli": "Halte Reguler / Pool Mayasari", "sumber": "Halte Dinas Bina Marga"}}, {"type": "Feature", "geometry": {"type": "Point", "coordinates": [106.924608, -6.247689]}, "properties": {"jenis": "halte_non_brt", "nama": "Jl. Kalimalang - Curug", "jenis_asli": "HALTE Reguler / CURUG", "sumber": "Halte Dinas Bina Marga"}}, {"type": "Feature", "geometry": {"type": "Point", "coordinates": [106.87411, -6.197822]}, "properties": {"jenis": "halte_non_brt", "nama": "Jl. Ahmad Yani", "jenis_asli": "Reguler/Halte Rawamangun", "sumber": "Halte Dinas Bina Marga"}}, {"type": "Feature", "geometry": {"type": "Point", "coordinates": [106.904846, -6.199686]}, "properties": {"jenis": "halte_non_brt", "nama": "Jl. Bekasi Raya pool PPD", "jenis_asli": "Reguler/Halte  Pool PPD", "sumber": "Halte Dinas Bina Marga"}}, {"type": "Feature", "geometry": {"type": "Point", "coordinates": [106.781716, -6.198877]}, "properties": {"jenis": "halte_non_brt", "nama": "Halte di Jl. Raya Kebon Jeruk, di depan TK Tarsisius II", "jenis_asli": "Reguler", "sumber": "Halte Dinas Bina Marga"}}, {"type": "Feature", "geometry": {"type": "Point", "coordinates": [106.77507, -6.186387]}, "properties": {"jenis": "halte_non_brt", "nama": "Halte di Jl. Duri kepa raya dpn SD 11 pagi", "jenis_asli": "Reguler", "sumber": "Halte Dinas Bina Marga"}}, {"type": "Feature", "geometry": {"type": "Point", "coordinates": [106.729848, -6.133362]}, "properties": {"jenis": "halte_non_brt", "nama": "Jl Lingkar Luar Barat  Cengkareng", "jenis_asli": "Reguler", "sumber": "Halte Dinas Bina Marga"}}, {"type": "Feature", "geometry": {"type": "Point", "coordinates": [106.734203, -6.19015]}, "properties": {"jenis": "halte_non_brt", "nama": "Halte Puri", "jenis_asli": "Reguler", "sumber": "Halte Dinas Bina Marga"}}, {"type": "Feature", "geometry": {"type": "Point", "coordinates": [106.810706, -6.166405]}, "properties": {"jenis": "halte_non_brt", "nama": "RT.1/RW.5, Petojo Utara, Kecamatan Gambir, Kota Jakarta Pusat, Daerah Khusus Ibukota Jakarta", "jenis_asli": "Halte Bus Reguler (Tidak terdapat nama halte)", "sumber": "Halte Dinas Bina Marga"}}, {"type": "Feature", "geometry": {"type": "Point", "coordinates": [106.81219, -6.175904]}, "properties": {"jenis": "halte_non_brt", "nama": "Jl. Cideng Timur 70, RW.4, Petojo Sel., Kecamatan Gambir, Kota Jakarta Pusat, Daerah Khusus Ibukota Jakarta 10150", "jenis_asli": "Halte Bus Reguler (Tidak terdapat nama halte)", "sumber": "Halte Dinas Bina Marga"}}, {"type": "Feature", "geometry": {"type": "Point", "coordinates": [106.813159, -6.179787]}, "properties": {"jenis": "halte_non_brt", "nama": "Ps. Cideng Tomas, Jl. Cideng Barat, RT.14/RW.2, Petojo Sel., Kecamatan Gambir, Kota Jakarta Pusat, Daerah Khusus Ibukota", "jenis_asli": "Halte Bus Reguler (HALTE PASAR TOMAS)", "sumber": "Halte Dinas Bina Marga"}}, {"type": "Feature", "geometry": {"type": "Point", "coordinates": [106.812897, -6.17964]}, "properties": {"jenis": "halte_non_brt", "nama": "Jl. Cideng Barat, RT.12/RW.1, Cideng, Kecamatan Gambir, Kota Jakarta Pusat, Daerah Khusus Ibukota Jakarta 10150", "jenis_asli": "Halte Bus Reguler (HALTE ASRAMA)", "sumber": "Halte Dinas Bina Marga"}}, {"type": "Feature", "geometry": {"type": "Point", "coordinates": [106.85, -6.174983]}, "properties": {"jenis": "halte_non_brt", "nama": "Jl. Letjend Suprapto RT.7/RW.4, Tanah Tinggi, Kec. Johar Baru, Kota Jakarta Pusat, Daerah Khusus Ibukota Jakarta (Halte ", "jenis_asli": "Halte Reguler", "sumber": "Halte Dinas Bina Marga"}}, {"type": "Feature", "geometry": {"type": "Point", "coordinates": [106.857649, -6.190147]}, "properties": {"jenis": "halte_non_brt", "nama": "Jl. Percetakan Negara 2 Kel. Johar Baru", "jenis_asli": "Halte Reguler", "sumber": "Halte Dinas Bina Marga"}}, {"type": "Feature", "geometry": {"type": "Point", "coordinates": [106.856832, -6.188877]}, "properties": {"jenis": "halte_non_brt", "nama": "Jl. Percetakan Negara 2 Kel. Johar Baru", "jenis_asli": "Halte Reguler", "sumber": "Halte Dinas Bina Marga"}}, {"type": "Feature", "geometry": {"type": "Point", "coordinates": [106.859653, -6.189432]}, "properties": {"jenis": "halte_non_brt", "nama": "Jl. Percetakan Negara Raya Kel. Johar Baru", "jenis_asli": "Halte Reguler", "sumber": "Halte Dinas Bina Marga"}}, {"type": "Feature", "geometry": {"type": "Point", "coordinates": [106.861262, -6.188767]}, "properties": {"jenis": "halte_non_brt", "nama": "Jl. Percetakan Negara Raya Kel. Johar Baru", "jenis_asli": "Halte Reguler", "sumber": "Halte Dinas Bina Marga"}}, {"type": "Feature", "geometry": {"type": "Point", "coordinates": [106.85612, -6.191516]}, "properties": {"jenis": "halte_non_brt", "nama": "Jl. Percetakan Negara Raya Kel. Johar Baru", "jenis_asli": "Halte Reguler", "sumber": "Halte Dinas Bina Marga"}}, {"type": "Feature", "geometry": {"type": "Point", "coordinates": [106.855824, -6.174807]}, "properties": {"jenis": "halte_non_brt", "nama": "jl. Letjen. Suprapto Kel. Galur", "jenis_asli": "Halte Reguler", "sumber": "Halte Dinas Bina Marga"}}, {"type": "Feature", "geometry": {"type": "Point", "coordinates": [106.822644, -6.188373]}, "properties": {"jenis": "halte_brt", "nama": "Jl. M.H. Thamrin RT.8/RW.4, Gondangdia, Menteng, Kota Jakarta Pusat, Daerah Khusus Ibukota Jakarta 10350 (Halte Busway S", "jenis_asli": "Busway", "sumber": "Halte Dinas Bina Marga"}}, {"type": "Feature", "geometry": {"type": "Point", "coordinates": [106.820942, -6.198403]}, "properties": {"jenis": "halte_brt", "nama": "Jl. Jend Sudirman RT.1/RW.6, Dukuh Atas, Menteng, Kec. Menteng, Kota Jakarta Pusat, Daerah Khusus Ibukota Jakarta 10230 ", "jenis_asli": "Busway", "sumber": "Halte Dinas Bina Marga"}}, {"type": "Feature", "geometry": {"type": "Point", "coordinates": [106.82545, -6.202884]}, "properties": {"jenis": "halte_brt", "nama": "JL. H.R. Rasuna Said, Menteng, 10310 Jakarta Pusat, Indonesia, Jakarta (Halte Busway Latuharhari)", "jenis_asli": "Busway", "sumber": "Halte Dinas Bina Marga"}}, {"type": "Feature", "geometry": {"type": "Point", "coordinates": [106.829504, -6.191321]}, "properties": {"jenis": "halte_non_brt", "nama": "Betawi", "jenis_asli": "Reguler", "sumber": "Halte Dinas Bina Marga"}}, {"type": "Feature", "geometry": {"type": "Point", "coordinates": [106.822807, -6.188214]}, "properties": {"jenis": "halte_non_brt", "nama": "Jl. M.H. Thamrin 12, RT.8/RW.4, Gondangdia, Kec. Menteng, Kota Jakarta Pusat, Daerah Khusus Ibukota Jakarta 10350 (Depan", "jenis_asli": "Reguler", "sumber": "Halte Dinas Bina Marga"}}, {"type": "Feature", "geometry": {"type": "Point", "coordinates": [106.822869, -6.188188]}, "properties": {"jenis": "halte_non_brt", "nama": "Jl. M.H. Thamrin 12, RT.8/RW.4, Gondangdia, Kec. Menteng, Kota Jakarta Pusat, Daerah Khusus Ibukota Jakarta 10350 (Depan", "jenis_asli": "Reguler", "sumber": "Halte Dinas Bina Marga"}}, {"type": "Feature", "geometry": {"type": "Point", "coordinates": [106.822821, -6.182587]}, "properties": {"jenis": "halte_non_brt", "nama": "Jl. M.H. Thamrin, RT.2/RW.1, Kb. Sirih, Kec. Menteng, Kota Jakarta Pusat, Daerah Khusus Ibukota Jakarta 10340 (Halte Baw", "jenis_asli": "Reguler", "sumber": "Halte Dinas Bina Marga"}}, {"type": "Feature", "geometry": {"type": "Point", "coordinates": [106.823248, -6.18509]}, "properties": {"jenis": "halte_non_brt", "nama": "Betawi", "jenis_asli": "Reguler", "sumber": "Halte Dinas Bina Marga"}}, {"type": "Feature", "geometry": {"type": "Point", "coordinates": [106.83586, -6.187054]}, "properties": {"jenis": "halte_non_brt", "nama": "Jl. M.H. Thamrin, RT.2/RW.1, Kb. Sirih, Kec. Menteng, Kota Jakarta Pusat, Daerah Khusus Ibukota Jakarta 10340 (Halte Baw", "jenis_asli": "Reguler", "sumber": "Halte Dinas Bina Marga"}}, {"type": "Feature", "geometry": {"type": "Point", "coordinates": [106.822703, -6.176365]}, "properties": {"jenis": "halte_non_brt", "nama": "Betawi", "jenis_asli": "Reguler", "sumber": "Halte Dinas Bina Marga"}}, {"type": "Feature", "geometry": {"type": "Point", "coordinates": [106.832479, -6.200019]}, "properties": {"jenis": "halte_non_brt", "nama": "Betawi", "jenis_asli": "Reguler", "sumber": "Halte Dinas Bina Marga"}}, {"type": "Feature", "geometry": {"type": "Point", "coordinates": [106.842829, -6.201172]}, "properties": {"jenis": "halte_non_brt", "nama": "Jl. Pangeran Diponegoro, Kec. Menteng, Kota Jakarta Pusat, Daerah Khusus Ibukota Jakarta 10310 (Halte SMPN 8)", "jenis_asli": "Reguler", "sumber": "Halte Dinas Bina Marga"}}, {"type": "Feature", "geometry": {"type": "Point", "coordinates": [106.836563, -6.194478]}, "properties": {"jenis": "halte_non_brt", "nama": "Betawi", "jenis_asli": "Reguler", "sumber": "Halte Dinas Bina Marga"}}, {"type": "Feature", "geometry": {"type": "Point", "coordinates": [106.833049, -6.193397]}, "properties": {"jenis": "halte_non_brt", "nama": "Betawi", "jenis_asli": "Reguler", "sumber": "Halte Dinas Bina Marga"}}, {"type": "Feature", "geometry": {"type": "Point", "coordinates": [106.838492, -6.191736]}, "properties": {"jenis": "halte_non_brt", "nama": "Jl. Cikini Raya No.75, RT.1/RW.2, Cikini, Kec. Menteng, Kota Jakarta Pusat, Daerah Khusus Ibukota Jakarta 10330 (Halte T", "jenis_asli": "Reguler", "sumber": "Halte Dinas Bina Marga"}}, {"type": "Feature", "geometry": {"type": "Point", "coordinates": [106.83937, -6.194068]}, "properties": {"jenis": "halte_non_brt", "nama": "Jl. Cikini Raya 78-60, RT.10/RW.4, Cikini, Kec. Menteng, Kota Jakarta Pusat, Daerah Khusus Ibukota Jakarta 10330 (Halte ", "jenis_asli": "Reguler", "sumber": "Halte Dinas Bina Marga"}}, {"type": "Feature", "geometry": {"type": "Point", "coordinates": [106.835792, -6.185538]}, "properties": {"jenis": "halte_non_brt", "nama": "Betawi", "jenis_asli": "Reguler", "sumber": "Halte Dinas Bina Marga"}}, {"type": "Feature", "geometry": {"type": "Point", "coordinates": [106.835432, -6.185263]}, "properties": {"jenis": "halte_non_brt", "nama": "Betawi", "jenis_asli": "Reguler", "sumber": "Halte Dinas Bina Marga"}}, {"type": "Feature", "geometry": {"type": "Point", "coordinates": [106.823144, -6.188096]}, "properties": {"jenis": "halte_non_brt", "nama": "Jl. M.H. Thamrin 11, RT.8/RW.4, Gondangdia, Kec. Menteng, Kota Jakarta Pusat, Daerah Khusus Ibukota Jakarta 10350 (Depan", "jenis_asli": "Reguler", "sumber": "Halte Dinas Bina Marga"}}, {"type": "Feature", "geometry": {"type": "Point", "coordinates": [106.823074, -6.188136]}, "properties": {"jenis": "halte_non_brt", "nama": "Jl. M.H. Thamrin 11, RT.8/RW.4, Gondangdia, Kec. Menteng, Kota Jakarta Pusat, Daerah Khusus Ibukota Jakarta 10350 (Depan", "jenis_asli": "Reguler", "sumber": "Halte Dinas Bina Marga"}}, {"type": "Feature", "geometry": {"type": "Point", "coordinates": [106.835047, -6.186793]}, "properties": {"jenis": "halte_non_brt", "nama": "Betawi", "jenis_asli": "Reguler", "sumber": "Halte Dinas Bina Marga"}}, {"type": "Feature", "geometry": {"type": "Point", "coordinates": [106.822862, -6.18564]}, "properties": {"jenis": "halte_non_brt", "nama": "Jl. M.H. Thamrin, RT.2/RW.1, Kb. Sirih, Kec. Menteng, Kota Jakarta Pusat, Daerah Khusus Ibukota Jakarta 10340 (Halte Dep", "jenis_asli": "Reguler", "sumber": "Halte Dinas Bina Marga"}}, {"type": "Feature", "geometry": {"type": "Point", "coordinates": [106.825193, -6.187735]}, "properties": {"jenis": "halte_non_brt", "nama": "Betawi", "jenis_asli": "Reguler", "sumber": "Halte Dinas Bina Marga"}}, {"type": "Feature", "geometry": {"type": "Point", "coordinates": [106.822862, -6.18564]}, "properties": {"jenis": "halte_non_brt", "nama": "Jl. M.H. Thamrin, RT.2/RW.1, Kb. Sirih, Kec. Menteng, Kota Jakarta Pusat, Daerah Khusus Ibukota Jakarta 10340 (Halte Dep", "jenis_asli": "Reguler", "sumber": "Halte Dinas Bina Marga"}}, {"type": "Feature", "geometry": {"type": "Point", "coordinates": [106.823144, -6.188132]}, "properties": {"jenis": "halte_non_brt", "nama": "Jl. M.H. Thamrin, RT.8/RW.4, Gondangdia, Kec. Menteng, Kota Jakarta Pusat, Daerah Khusus Ibukota Jakarta 10350 (Halte Sa", "jenis_asli": "Reguler", "sumber": "Halte Dinas Bina Marga"}}, {"type": "Feature", "geometry": {"type": "Point", "coordinates": [106.825291, -6.197379]}, "properties": {"jenis": "halte_non_brt", "nama": "Betawi", "jenis_asli": "Reguler", "sumber": "Halte Dinas Bina Marga"}}, {"type": "Feature", "geometry": {"type": "Point", "coordinates": [106.836064, -6.18779]}, "properties": {"jenis": "halte_non_brt", "nama": "Betawi", "jenis_asli": "Reguler", "sumber": "Halte Dinas Bina Marga"}}, {"type": "Feature", "geometry": {"type": "Point", "coordinates": [106.836454, -6.194345]}, "properties": {"jenis": "halte_non_brt", "nama": "Betawi", "jenis_asli": "Reguler", "sumber": "Halte Dinas Bina Marga"}}, {"type": "Feature", "geometry": {"type": "Point", "coordinates": [106.837343, -6.200323]}, "properties": {"jenis": "halte_non_brt", "nama": "Jl. Teuku Cik Ditiro No.56A, RT.9/RW.5, Menteng, Kec. Menteng, Kota Jakarta Pusat, Daerah Khusus Ibukota Jakarta 10310 (", "jenis_asli": "Reguler", "sumber": "Halte Dinas Bina Marga"}}, {"type": "Feature", "geometry": {"type": "Point", "coordinates": [106.831358, -6.189348]}, "properties": {"jenis": "halte_non_brt", "nama": "Jl. Dr. GSSJ Ratulangi 36-26, RT.2/RW.3, Gondangdia, Kec. Menteng, Kota Jakarta Pusat, Daerah Khusus Ibukota Jakarta 103", "jenis_asli": "Reguler", "sumber": "Halte Dinas Bina Marga"}}, {"type": "Feature", "geometry": {"type": "Point", "coordinates": [106.809333, -6.165833]}, "properties": {"jenis": "halte_non_brt", "nama": "Betawi", "jenis_asli": "Halte Bus Reguler (HALTE ROXY)", "sumber": "Halte Dinas Bina Marga"}}, {"type": "Feature", "geometry": {"type": "Point", "coordinates": [106.808285, -6.168971]}, "properties": {"jenis": "halte_non_brt", "nama": "Betawi", "jenis_asli": "Halte Bus Reguler (Tidak terdapat nama halte)", "sumber": "Halte Dinas Bina Marga"}}, {"type": "Feature", "geometry": {"type": "Point", "coordinates": [106.817459, -6.169782]}, "properties": {"jenis": "halte_non_brt", "nama": "Betawi", "jenis_asli": "Halte Bus Reguler (Halte Sekolah)", "sumber": "Halte Dinas Bina Marga"}}, {"type": "Feature", "geometry": {"type": "Point", "coordinates": [106.820333, -6.168204]}, "properties": {"jenis": "halte_non_brt", "nama": "Betawi", "jenis_asli": "Halte Bus Reguler (Tidak terdapat nama halte)", "sumber": "Halte Dinas Bina Marga"}}, {"type": "Feature", "geometry": {"type": "Point", "coordinates": [106.823097, -6.172741]}, "properties": {"jenis": "halte_non_brt", "nama": "Jl. Medan Merdeka Barat, RT.5/RW.2, Gambir, Kecamatan Gambir, Kota Jakarta Pusat, Daerah Khusus Ibukota Jakarta 10110", "jenis_asli": "Halte Bus Reguler (Tidak terdapat nama halte)", "sumber": "Halte Dinas Bina Marga"}}, {"type": "Feature", "geometry": {"type": "Point", "coordinates": [106.823039, -6.175923]}, "properties": {"jenis": "halte_non_brt", "nama": "Jl. Medan Merdeka Barat No.2, RT.5/RW.3, Gambir, Kecamatan Gambir, Kota Jakarta Pusat, Daerah Khusus Ibukota Jakarta 101", "jenis_asli": "Halte Bus Reguler (Tidak terdapat nama halte)", "sumber": "Halte Dinas Bina Marga"}}, {"type": "Feature", "geometry": {"type": "Point", "coordinates": [106.822982, -6.178902]}, "properties": {"jenis": "halte_non_brt", "nama": "Gambir, Kecamatan Gambir, Kota Jakarta Pusat, Daerah Khusus Ibukota Jakarta", "jenis_asli": "Halte Bus Reguler (Tidak terdapat nama halte)", "sumber": "Halte Dinas Bina Marga"}}, {"type": "Feature", "geometry": {"type": "Point", "coordinates": [106.822527, -6.179284]}, "properties": {"jenis": "halte_non_brt", "nama": "Jakarta Pusat, RT.2/RW.3, Gambir, Kecamatan Gambir, Kota Jakarta Pusat, Daerah Khusus Ibukota Jakarta 10110", "jenis_asli": "Halte Bus Reguler (Tidak terdapat nama halte)", "sumber": "Halte Dinas Bina Marga"}}, {"type": "Feature", "geometry": {"type": "Point", "coordinates": [106.822752, -6.176359]}, "properties": {"jenis": "halte_non_brt", "nama": "Jl. Medan Merdeka Barat, RT.2/RW.3, Gambir, Kecamatan Gambir, Kota Jakarta Pusat, Daerah Khusus Ibukota Jakarta 10110", "jenis_asli": "Halte Bus Reguler (Tidak terdapat nama halte)", "sumber": "Halte Dinas Bina Marga"}}, {"type": "Feature", "geometry": {"type": "Point", "coordinates": [106.822696, -6.173095]}, "properties": {"jenis": "halte_non_brt", "nama": "Jl. Medan Merdeka Barat, RT.2/RW.3, Gambir, Kecamatan Gambir, Kota Jakarta Pusat, Daerah Khusus Ibukota Jakarta 10110", "jenis_asli": "Halte Bus Reguler (Tidak terdapat nama halte)", "sumber": "Halte Dinas Bina Marga"}}, {"type": "Feature", "geometry": {"type": "Point", "coordinates": [106.826534, -6.180363]}, "properties": {"jenis": "halte_non_brt", "nama": "Jl. Medan Merdeka Sel., RT.5/RW.2, Gambir, Kecamatan Gambir, Kota Jakarta Pusat, Daerah Khusus Ibukota Jakarta 10110", "jenis_asli": "Halte Bus Reguler (HALTE IRTI)", "sumber": "Halte Dinas Bina Marga"}}, {"type": "Feature", "geometry": {"type": "Point", "coordinates": [106.828276, -6.180556]}, "properties": {"jenis": "halte_non_brt", "nama": "Jl. Medan Merdeka Sel., RT.11/RW.2, Gambir, Kecamatan Gambir, Kota Jakarta Pusat, Daerah Khusus Ibukota Jakarta 10110", "jenis_asli": "Halte Bus Reguler (Tidak terdapat nama halte)", "sumber": "Halte Dinas Bina Marga"}}, {"type": "Feature", "geometry": {"type": "Point", "coordinates": [106.826573, -6.180578]}, "properties": {"jenis": "halte_non_brt", "nama": "Jakarta Pusat, RT.11/RW.2, Gambir, Kecamatan Gambir, Kota Jakarta Pusat, Daerah Khusus Ibukota Jakarta 10110", "jenis_asli": "Halte Bus Reguler (Tidak terdapat nama halte)", "sumber": "Halte Dinas Bina Marga"}}, {"type": "Feature", "geometry": {"type": "Point", "coordinates": [106.826573, -6.180578]}, "properties": {"jenis": "halte_non_brt", "nama": "Jakarta Pusat, RT.11/RW.2, Gambir, Kecamatan Gambir, Kota Jakarta Pusat, Daerah Khusus Ibukota Jakarta 10110", "jenis_asli": "Halte Bus Reguler (Halte Tidak Ada Nama (TELKOM))", "sumber": "Halte Dinas Bina Marga"}}, {"type": "Feature", "geometry": {"type": "Point", "coordinates": [106.830754, -6.178688]}, "properties": {"jenis": "halte_non_brt", "nama": "Jl. Silang Merdeka Tenggara, RT.5/RW.2, Gambir, Kecamatan Gambir, Kota Jakarta Pusat, Daerah Khusus Ibukota Jakarta 1011", "jenis_asli": "Halte Bus Reguler (Tidak terdapat nama halte)", "sumber": "Halte Dinas Bina Marga"}}, {"type": "Feature", "geometry": {"type": "Point", "coordinates": [106.831221, -6.179129]}, "properties": {"jenis": "halte_non_brt", "nama": "Jl. Silang Merdeka Tenggara, RT.5/RW.2, Gambir, Kecamatan Gambir, Kota Jakarta Pusat, Daerah Khusus Ibukota Jakarta 1011", "jenis_asli": "Halte Bus Reguler (Tidak terdapat nama halte)", "sumber": "Halte Dinas Bina Marga"}}, {"type": "Feature", "geometry": {"type": "Point", "coordinates": [106.831553, -6.178225]}, "properties": {"jenis": "halte_non_brt", "nama": "Betawi", "jenis_asli": "Halte Bus Reguler (Halte Stasiun Gambir)", "sumber": "Halte Dinas Bina Marga"}}, {"type": "Feature", "geometry": {"type": "Point", "coordinates": [106.831262, -6.17725]}, "properties": {"jenis": "halte_non_brt", "nama": "Stasiun Gambir 2, RT.5/RW.2, Gambir, Kecamatan Gambir, Kota Jakarta Pusat, Daerah Khusus Ibukota Jakarta 10110", "jenis_asli": "Halte Bus Reguler (Halte Stasiun Gambir)", "sumber": "Halte Dinas Bina Marga"}}, {"type": "Feature", "geometry": {"type": "Point", "coordinates": [106.831315, -6.17705]}, "properties": {"jenis": "halte_non_brt", "nama": "Jl. Medan Merdeka Tim., RW.1, Gambir, Kecamatan Gambir, Kota Jakarta Pusat, Daerah Khusus Ibukota Jakarta 10110", "jenis_asli": "Halte Bus Reguler (Halte Tanpa Nama (Gereja Immanuel))", "sumber": "Halte Dinas Bina Marga"}}, {"type": "Feature", "geometry": {"type": "Point", "coordinates": [106.831315, -6.17705]}, "properties": {"jenis": "halte_non_brt", "nama": "Jl. Medan Merdeka Tim., RW.1, Gambir, Kecamatan Gambir, Kota Jakarta Pusat, Daerah Khusus Ibukota Jakarta 10110", "jenis_asli": "Halte Bus Reguler (Halte Tanpa Nama (Gereja Immanuel))", "sumber": "Halte Dinas Bina Marga"}}, {"type": "Feature", "geometry": {"type": "Point", "coordinates": [106.830608, -6.175099]}, "properties": {"jenis": "halte_non_brt", "nama": "Betawi", "jenis_asli": "Halte Bus Reguler (Halte Stasiun Gambir)", "sumber": "Halte Dinas Bina Marga"}}, {"type": "Feature", "geometry": {"type": "Point", "coordinates": [106.830485, -6.174633]}, "properties": {"jenis": "halte_non_brt", "nama": "Betawi", "jenis_asli": "Halte Bus Reguler (Tidak terdapat nama halte)", "sumber": "Halte Dinas Bina Marga"}}, {"type": "Feature", "geometry": {"type": "Point", "coordinates": [106.826455, -6.17147]}, "properties": {"jenis": "halte_non_brt", "nama": "Jl. Medan Merdeka Utara, RT.5/RW.2, Gambir, Kecamatan Gambir, Kota Jakarta Pusat, Daerah Khusus Ibukota Jakarta 10110", "jenis_asli": "Halte Bus Reguler (Tidak terdapat nama halte)", "sumber": "Halte Dinas Bina Marga"}}, {"type": "Feature", "geometry": {"type": "Point", "coordinates": [106.818181, -6.182266]}, "properties": {"jenis": "halte_non_brt", "nama": "Betawi", "jenis_asli": "Halte Bus Reguler (HALTE JEMBATAN SERONG)", "sumber": "Halte Dinas Bina Marga"}}, {"type": "Feature", "geometry": {"type": "Point", "coordinates": [106.82525, -6.183139]}, "properties": {"jenis": "halte_non_brt", "nama": "Jl. Kebon Sirih 75-79, RT.1/RW.1, Gambir, Kecamatan Gambir, Kota Jakarta Pusat, Daerah Khusus Ibukota Jakarta 10340", "jenis_asli": "Halte Bus Reguler (Tidak terdapat nama halte)", "sumber": "Halte Dinas Bina Marga"}}, {"type": "Feature", "geometry": {"type": "Point", "coordinates": [106.828574, -6.182985]}, "properties": {"jenis": "halte_non_brt", "nama": "Jl. Kebon Sirih, RT.15/RW.2, Gambir, Kecamatan Gambir, Kota Jakarta Pusat, Daerah Khusus Ibukota Jakarta 10340", "jenis_asli": "Halte Bus Reguler (HALTE DPRD)", "sumber": "Halte Dinas Bina Marga"}}, {"type": "Feature", "geometry": {"type": "Point", "coordinates": [106.832993, -6.182227]}, "properties": {"jenis": "halte_non_brt", "nama": "Betawi", "jenis_asli": "Halte Bus Reguler (Halte TELKOM)", "sumber": "Halte Dinas Bina Marga"}}, {"type": "Feature", "geometry": {"type": "Point", "coordinates": [106.83292, -6.181781]}, "properties": {"jenis": "halte_non_brt", "nama": "Betawi", "jenis_asli": "Halte Bus Reguler (Halte TUGU TANI)", "sumber": "Halte Dinas Bina Marga"}}, {"type": "Feature", "geometry": {"type": "Point", "coordinates": [106.824205, -6.167071]}, "properties": {"jenis": "halte_non_brt", "nama": "Betawi", "jenis_asli": "Halte Bus Reguler (HALTE SANTA MARIA)", "sumber": "Halte Dinas Bina Marga"}}, {"type": "Feature", "geometry": {"type": "Point", "coordinates": [106.826104, -6.167092]}, "properties": {"jenis": "halte_non_brt", "nama": "Betawi", "jenis_asli": "Halte Bus Reguler (HALTE ANZ BANK)", "sumber": "Halte Dinas Bina Marga"}}, {"type": "Feature", "geometry": {"type": "Point", "coordinates": [106.827172, -6.167305]}, "properties": {"jenis": "halte_non_brt", "nama": "Betawi", "jenis_asli": "Halte Bus Reguler (HALTE GARUDA)", "sumber": "Halte Dinas Bina Marga"}}, {"type": "Feature", "geometry": {"type": "Point", "coordinates": [106.830053, -6.167966]}, "properties": {"jenis": "halte_non_brt", "nama": "Betawi", "jenis_asli": "Halte Bus Reguler (HALTE PINTU AIR)", "sumber": "Halte Dinas Bina Marga"}}, {"type": "Feature", "geometry": {"type": "Point", "coordinates": [106.825495, -6.168441]}, "properties": {"jenis": "halte_non_brt", "nama": "Betawi", "jenis_asli": "Halte Bus Reguler (HALTE VETERAN III)", "sumber": "Halte Dinas Bina Marga"}}, {"type": "Feature", "geometry": {"type": "Point", "coordinates": [106.820403, -6.166819]}, "properties": {"jenis": "halte_non_brt", "nama": "Jl. Gajah Mada, RT.2/RW.8, Petojo Utara, Kecamatan Gambir, Kota Jakarta Pusat, Daerah Khusus Ibukota Jakarta 10130", "jenis_asli": "Halte Bus Reguler (Tidak terdapat nama halte)", "sumber": "Halte Dinas Bina Marga"}}, {"type": "Feature", "geometry": {"type": "Point", "coordinates": [106.820295, -6.166186]}, "properties": {"jenis": "halte_non_brt", "nama": "Jl. Gajah Mada, RT.2/RW.8, Petojo Utara, Kecamatan Gambir, Kota Jakarta Pusat, Daerah Khusus Ibukota Jakarta 10130", "jenis_asli": "Halte Bus Reguler (Tidak terdapat nama halte)", "sumber": "Halte Dinas Bina Marga"}}, {"type": "Feature", "geometry": {"type": "Point", "coordinates": [106.820228, -6.165962]}, "properties": {"jenis": "halte_non_brt", "nama": "Jl. Gajah Mada, RT.2/RW.8, Petojo Utara, Kecamatan Gambir, Kota Jakarta Pusat, Daerah Khusus Ibukota Jakarta 10130", "jenis_asli": "Halte Bus Reguler (Tidak terdapat nama halte)", "sumber": "Halte Dinas Bina Marga"}}, {"type": "Feature", "geometry": {"type": "Point", "coordinates": [106.820016, -6.165129]}, "properties": {"jenis": "halte_non_brt", "nama": "Jl. Gajah Mada, RT.2/RW.8, Petojo Utara, Kecamatan Gambir, Kota Jakarta Pusat, Daerah Khusus Ibukota Jakarta 10130", "jenis_asli": "Halte Bus Reguler (Tidak terdapat nama halte)", "sumber": "Halte Dinas Bina Marga"}}, {"type": "Feature", "geometry": {"type": "Point", "coordinates": [106.820016, -6.165129]}, "properties": {"jenis": "halte_non_brt", "nama": "Jl. Gajah Mada, RT.2/RW.8, Petojo Utara, Kecamatan Gambir, Kota Jakarta Pusat, Daerah Khusus Ibukota Jakarta 10130", "jenis_asli": "Halte Bus Reguler (Tidak terdapat nama halte)", "sumber": "Halte Dinas Bina Marga"}}, {"type": "Feature", "geometry": {"type": "Point", "coordinates": [106.819022, -6.160479]}, "properties": {"jenis": "halte_non_brt", "nama": "Jl. Gajah Mada 19-26, RT.2/RW.1, Petojo Utara, Kecamatan Gambir, Kota Jakarta Pusat, Daerah Khusus Ibukota Jakarta 10130", "jenis_asli": "Halte Bus Reguler (Tidak terdapat nama halte)", "sumber": "Halte Dinas Bina Marga"}}, {"type": "Feature", "geometry": {"type": "Point", "coordinates": [106.819015, -6.160471]}, "properties": {"jenis": "halte_non_brt", "nama": "Jl. Gajah Mada 19-26, RT.2/RW.1, Petojo Utara, Kecamatan Gambir, Kota Jakarta Pusat, Daerah Khusus Ibukota Jakarta 10130", "jenis_asli": "Halte Bus Reguler (Tidak terdapat nama halte)", "sumber": "Halte Dinas Bina Marga"}}, {"type": "Feature", "geometry": {"type": "Point", "coordinates": [106.819336, -6.160164]}, "properties": {"jenis": "halte_non_brt", "nama": "Jakarta Pusat, RT.14/RW.1, Kb. Klp., Kecamatan Gambir, Kota Jakarta Pusat, Daerah Khusus Ibukota Jakarta 10120", "jenis_asli": "Halte Bus Reguler (Tidak terdapat nama halte)", "sumber": "Halte Dinas Bina Marga"}}, {"type": "Feature", "geometry": {"type": "Point", "coordinates": [106.820272, -6.164244]}, "properties": {"jenis": "halte_non_brt", "nama": "Jl. Hayam Wuruk 6, RT.6/RW.2, Kb. Klp., Kecamatan Gambir, Kota Jakarta Pusat, Daerah Khusus Ibukota Jakarta 10130", "jenis_asli": "Halte Bus Reguler (Tidak terdapat nama halte)", "sumber": "Halte Dinas Bina Marga"}}, {"type": "Feature", "geometry": {"type": "Point", "coordinates": [106.814945, -6.160494]}, "properties": {"jenis": "halte_non_brt", "nama": "Betawi", "jenis_asli": "Halte Bus Reguler (Tidak terdapat nama halte)", "sumber": "Halte Dinas Bina Marga"}}, {"type": "Feature", "geometry": {"type": "Point", "coordinates": [106.808982, -6.161319]}, "properties": {"jenis": "halte_non_brt", "nama": "Jl. Kyai Haji Zainul Arifin, RT.3/RW.14, Tanah Sereal, Kec. Tambora, Kota Jakarta Barat, Daerah Khusus Ibukota Jakarta 1", "jenis_asli": "Halte Bus Reguler (HALTE KETAPANG)", "sumber": "Halte Dinas Bina Marga"}}, {"type": "Feature", "geometry": {"type": "Point", "coordinates": [106.817203, -6.181148]}, "properties": {"jenis": "halte_non_brt", "nama": "Betawi", "jenis_asli": "Halte Bus Reguler (HALTE JATIBARU)", "sumber": "Halte Dinas Bina Marga"}}, {"type": "Feature", "geometry": {"type": "Point", "coordinates": [106.817856, -6.180059]}, "properties": {"jenis": "halte_non_brt", "nama": "Betawi", "jenis_asli": "Halte Bus Reguler (HALTE BUDI KEMULYAAN)", "sumber": "Halte Dinas Bina Marga"}}, {"type": "Feature", "geometry": {"type": "Point", "coordinates": [106.819218, -6.177797]}, "properties": {"jenis": "halte_non_brt", "nama": "Betawi", "jenis_asli": "Halte Bus Reguler (Tidak terdapat nama halte)", "sumber": "Halte Dinas Bina Marga"}}, {"type": "Feature", "geometry": {"type": "Point", "coordinates": [106.820215, -6.176113]}, "properties": {"jenis": "halte_non_brt", "nama": "Jl. Abdul Muis 50-46, RT.2/RW.3, Gambir, Kecamatan Gambir, Kota Jakarta Pusat, Daerah Khusus Ibukota Jakarta 10160", "jenis_asli": "Halte Bus Reguler (Tidak terdapat nama halte)", "sumber": "Halte Dinas Bina Marga"}}, {"type": "Feature", "geometry": {"type": "Point", "coordinates": [106.820385, -6.175832]}, "properties": {"jenis": "halte_non_brt", "nama": "Betawi", "jenis_asli": "Halte Bus Reguler (Tidak terdapat nama halte)", "sumber": "Halte Dinas Bina Marga"}}, {"type": "Feature", "geometry": {"type": "Point", "coordinates": [106.820758, -6.175069]}, "properties": {"jenis": "halte_non_brt", "nama": "Betawi", "jenis_asli": "Halte Bus Reguler (HALTE ABDUL MUIS)", "sumber": "Halte Dinas Bina Marga"}}, {"type": "Feature", "geometry": {"type": "Point", "coordinates": [106.821608, -6.17177]}, "properties": {"jenis": "halte_non_brt", "nama": "Betawi", "jenis_asli": "Halte Bus Reguler (HALTE PERMORIN)", "sumber": "Halte Dinas Bina Marga"}}, {"type": "Feature", "geometry": {"type": "Point", "coordinates": [106.821347, -6.170784]}, "properties": {"jenis": "halte_non_brt", "nama": "Jl. Abdul Muis 12-2, RT.11/RW.8, Petojo Sel., Kecamatan Gambir, Kota Jakarta Pusat, Daerah Khusus Ibukota Jakarta 10160", "jenis_asli": "Halte Bus Reguler (Tidak terdapat nama halte)", "sumber": "Halte Dinas Bina Marga"}}, {"type": "Feature", "geometry": {"type": "Point", "coordinates": [106.81086, -6.161226]}, "properties": {"jenis": "halte_non_brt", "nama": "Jl. Cideng Timur, RT.7/RW.4, Petojo Utara, Kecamatan Gambir, Kota Jakarta Pusat, Daerah Khusus Ibukota Jakarta 10140", "jenis_asli": "Halte Bus Reguler (Tidak terdapat nama halte)", "sumber": "Halte Dinas Bina Marga"}}, {"type": "Feature", "geometry": {"type": "Point", "coordinates": [106.810706, -6.166405]}, "properties": {"jenis": "halte_non_brt", "nama": "RT.1/RW.5, Petojo Utara, Kecamatan Gambir, Kota Jakarta Pusat, Daerah Khusus Ibukota Jakarta", "jenis_asli": "Halte Bus Reguler (HALTE CIDENG)", "sumber": "Halte Dinas Bina Marga"}}, {"type": "Feature", "geometry": {"type": "Point", "coordinates": [106.811197, -6.186202]}, "properties": {"jenis": "halte_non_brt", "nama": "Jl. Jatibaru Raya RT.10/RW.1, Kp. Bali, Kecamatan Tanah Abang, Kota Jakarta Pusat, Daerah Khusus Ibukota Jakarta (Depan ", "jenis_asli": "", "sumber": "Halte Dinas Bina Marga"}}, {"type": "Feature", "geometry": {"type": "Point", "coordinates": [106.818155, -6.182327]}, "properties": {"jenis": "halte_non_brt", "nama": "Jl. Kebon Sirih, RT.2/RW.3, Kp. Bali, Kecamatan Tanah Abang, Kota Jakarta Pusat, Daerah Khusus Ibukota Jakarta 10250 (Ha", "jenis_asli": "", "sumber": "Halte Dinas Bina Marga"}}, {"type": "Feature", "geometry": {"type": "Point", "coordinates": [106.808688, -6.213617]}, "properties": {"jenis": "halte_non_brt", "nama": "Jl. Gatot Subroto, RT.1/RW.3, Gelora, Kecamatan Tanah Abang, Kota Jakarta Pusat, Daerah Khusus Ibukota Jakarta 10270 (De", "jenis_asli": "", "sumber": "Halte Dinas Bina Marga"}}, {"type": "Feature", "geometry": {"type": "Point", "coordinates": [106.804149, -6.208182]}, "properties": {"jenis": "halte_non_brt", "nama": "Jl. Gatot Subroto, RT.1/RW.3, Gelora, Kecamatan Tanah Abang, Kota Jakarta Pusat, Daerah Khusus Ibukota Jakarta 10270 (De", "jenis_asli": "", "sumber": "Halte Dinas Bina Marga"}}, {"type": "Feature", "geometry": {"type": "Point", "coordinates": [106.813085, -6.182916]}, "properties": {"jenis": "halte_non_brt", "nama": "Jl. Jati Baru Raya 1-29, RW.3, Kp. Bali, Kecamatan Tanah Abang, Kota Jakarta Pusat, Daerah Khusus Ibukota Jakarta 10150 ", "jenis_asli": "", "sumber": "Halte Dinas Bina Marga"}}, {"type": "Feature", "geometry": {"type": "Point", "coordinates": [106.831336, -6.189433]}, "properties": {"jenis": "halte_non_brt", "nama": "Jl. K.H Mas Mansyur Jakarta Pusat, Kp. Bali, Kecamatan Tanah Abang, Kota Jakarta Pusat, Daerah Khusus Ibukota Jakarta 10", "jenis_asli": "", "sumber": "Halte Dinas Bina Marga"}}, {"type": "Feature", "geometry": {"type": "Point", "coordinates": [106.813772, -6.201128]}, "properties": {"jenis": "halte_non_brt", "nama": "Jl. Penjernihan 1, Karet Tengsin, Kecamatan Tanah Abang, Kota Jakarta Pusat, Daerah Khusus Ibukota Jakarta 10250 (Depan ", "jenis_asli": "", "sumber": "Halte Dinas Bina Marga"}}, {"type": "Feature", "geometry": {"type": "Point", "coordinates": [106.850486, -6.196084]}, "properties": {"jenis": "halte_non_brt", "nama": "Jl. Jend. Sudirman No.315, RT.1/RW.3, Kuningan, Gelora, Kecamatan Tanah Abang, Kota Jakarta Pusat, Daerah Khusus Ibukota", "jenis_asli": "", "sumber": "Halte Dinas Bina Marga"}}, {"type": "Feature", "geometry": {"type": "Point", "coordinates": [106.796279, -6.208358]}, "properties": {"jenis": "halte_non_brt", "nama": "Jl. Palmerah Selatan Jakarta Pusat, RT.4/RW.2, Gelora, Tanahabang, Kota Jakarta Pusat, Daerah Khusus Ibukota Jakarta 102", "jenis_asli": "", "sumber": "Halte Dinas Bina Marga"}}, {"type": "Feature", "geometry": {"type": "Point", "coordinates": [106.817689, -6.211097]}, "properties": {"jenis": "halte_non_brt", "nama": "Jl. K.H. Mas Mansyur 127, Karet Tengsin, Kecamatan Tanah Abang, Kota Jakarta Pusat, Daerah Khusus Ibukota Jakarta 10250 ", "jenis_asli": "", "sumber": "Halte Dinas Bina Marga"}}, {"type": "Feature", "geometry": {"type": "Point", "coordinates": [106.816938, -6.206941]}, "properties": {"jenis": "halte_non_brt", "nama": "Jl. Karet Pasar Baru Barat No.Kel, RT.1/RW.5, Karet Tengsin, Kecamatan Tanah Abang, Kota Jakarta Pusat, Daerah Khusus Ib", "jenis_asli": "", "sumber": "Halte Dinas Bina Marga"}}, {"type": "Feature", "geometry": {"type": "Point", "coordinates": [106.804926, -6.196085]}, "properties": {"jenis": "halte_non_brt", "nama": "Jl. Ks. Tubun 93-97, RT.1/RW.4, Petamburan, Kecamatan Tanah Abang, Kota Jakarta Pusat, Daerah Khusus Ibukota Jakarta 114", "jenis_asli": "", "sumber": "Halte Dinas Bina Marga"}}, {"type": "Feature", "geometry": {"type": "Point", "coordinates": [106.804849, -6.196259]}, "properties": {"jenis": "halte_non_brt", "nama": "Jl. Ks. Tubun, RT.1/RW.4, Petamburan, Kecamatan Tanah Abang, Kota Jakarta Pusat, Daerah Khusus Ibukota Jakarta 11410 (De", "jenis_asli": "", "sumber": "Halte Dinas Bina Marga"}}, {"type": "Feature", "geometry": {"type": "Point", "coordinates": [106.79673, -6.208583]}, "properties": {"jenis": "halte_non_brt", "nama": "Jl. Palmerah Timur 6425, RT.4/RW.2, Gelora, Kecamatan Tanah Abang, Kota Jakarta Pusat, Daerah Khusus Ibukota Jakarta 102", "jenis_asli": "", "sumber": "Halte Dinas Bina Marga"}}, {"type": "Feature", "geometry": {"type": "Point", "coordinates": [106.798337, -6.224684]}, "properties": {"jenis": "halte_non_brt", "nama": "Jl. Asia Afrika, RT.1/RW.3, Gelora, Kecamatan Tanah Abang, Kota Jakarta Pusat, Daerah Khusus Ibukota Jakarta 10270 (Depa", "jenis_asli": "", "sumber": "Halte Dinas Bina Marga"}}, {"type": "Feature", "geometry": {"type": "Point", "coordinates": [106.798699, -6.219732]}, "properties": {"jenis": "halte_non_brt", "nama": "Jl. Asia Afrika, RT.1/RW.3, Gelora, Kecamatan Tanah Abang, Kota Jakarta Pusat, Daerah Khusus Ibukota Jakarta 10270 (Halt", "jenis_asli": "", "sumber": "Halte Dinas Bina Marga"}}, {"type": "Feature", "geometry": {"type": "Point", "coordinates": [106.810217, -6.216649]}, "properties": {"jenis": "halte_non_brt", "nama": "Jl. Asia Afrika 61-59, RT.1/RW.3, Gelora, Kecamatan Tanah Abang, Kota Jakarta Pusat, Daerah Khusus Ibukota Jakarta 10270", "jenis_asli": "", "sumber": "Halte Dinas Bina Marga"}}, {"type": "Feature", "geometry": {"type": "Point", "coordinates": [106.79814, -6.215358]}, "properties": {"jenis": "halte_non_brt", "nama": "Jl. Asia Afrika, RT.1/RW.3, Gelora, Kecamatan Tanah Abang, Kota Jakarta Pusat, Daerah Khusus Ibukota Jakarta 10270 (Halt", "jenis_asli": "", "sumber": "Halte Dinas Bina Marga"}}, {"type": "Feature", "geometry": {"type": "Point", "coordinates": [106.8154, -6.2177]}, "properties": {"jenis": "halte_non_brt", "nama": "Jl. Jend. Sudirman (JPO Bendungan Hilir)", "jenis_asli": "", "sumber": "Halte Dinas Bina Marga"}}, {"type": "Feature", "geometry": {"type": "Point", "coordinates": [106.8089, -6.2132]}, "properties": {"jenis": "halte_non_brt", "nama": "Jl. Gatot Subroto (JPO JCC Senayan)", "jenis_asli": "", "sumber": "Halte Dinas Bina Marga"}}, {"type": "Feature", "geometry": {"type": "Point", "coordinates": [106.926668, -6.15242]}, "properties": {"jenis": "halte_non_brt", "nama": "Jl. Tipar Cakung 30, RT.1/RW.4, Sukapura, Kec. Cilincing, Kota Jkt Utara, Daerah Khusus Ibukota Jakarta 14140 (Depan Gra", "jenis_asli": "Reguler", "sumber": "Halte Dinas Bina Marga"}}, {"type": "Feature", "geometry": {"type": "Point", "coordinates": [106.893942, -6.127982]}, "properties": {"jenis": "halte_non_brt", "nama": "Jl. Cakung Cilincing Raya, RT.2/RW.5, Rorotan, Kec. Cilincing, Kota Jkt Utara, Daerah Khusus Ibukota Jakarta 14140 (Depa", "jenis_asli": "Reguler", "sumber": "Halte Dinas Bina Marga"}}, {"type": "Feature", "geometry": {"type": "Point", "coordinates": [106.939639, -6.143556]}, "properties": {"jenis": "halte_non_brt", "nama": "Jl. Cakung Cilincing Raya, RT.2/RW.5, Rorotan, Kec. Cilincing, Kota Jkt Utara, Daerah Khusus Ibukota Jakarta 14140 (Depa", "jenis_asli": "Reguler", "sumber": "Halte Dinas Bina Marga"}}, {"type": "Feature", "geometry": {"type": "Point", "coordinates": [106.915194, -6.108556]}, "properties": {"jenis": "halte_non_brt", "nama": "Jl. Cakung Cilincing Raya 142, RW.3, Semper Tim., Kec. Cilincing, Kota Jkt Utara, Daerah Khusus Ibukota Jakarta 14130 (H", "jenis_asli": "Reguler", "sumber": "Halte Dinas Bina Marga"}}, {"type": "Feature", "geometry": {"type": "Point", "coordinates": [106.92451, -6.1142]}, "properties": {"jenis": "halte_non_brt", "nama": "Jl. Cakung Cilincing Raya 14, RT.1/RW.3, Semper Tim., Kec. Cilincing, Kota Jkt Utara, Daerah Khusus Ibukota Jakarta 1413", "jenis_asli": "Reguler", "sumber": "Halte Dinas Bina Marga"}}, {"type": "Feature", "geometry": {"type": "Point", "coordinates": [106.831099, -6.131592]}, "properties": {"jenis": "halte_non_brt", "nama": "Jl. Cilincing Raya, Semper Tim., Kec. Cilincing, Kota Jkt Utara, Daerah Khusus Ibukota Jakarta (Halte Pemandian)", "jenis_asli": "Reguler", "sumber": "Halte Dinas Bina Marga"}}, {"type": "Feature", "geometry": {"type": "Point", "coordinates": [106.831415, -6.189547]}, "properties": {"jenis": "halte_non_brt", "nama": "Jl. Dr. GSSJ Ratulangi, RT.2/RW.3, Gondangdia, Kec. Menteng, Kota Jakarta Pusat, Daerah Khusus Ibukota Jakarta 10350 (Ha", "jenis_asli": "Reguler", "sumber": "Halte Dinas Bina Marga"}}, {"type": "Feature", "geometry": {"type": "Point", "coordinates": [106.836156, -6.200833]}, "properties": {"jenis": "halte_non_brt", "nama": "Betawi", "jenis_asli": "Reguler", "sumber": "Halte Dinas Bina Marga"}}, {"type": "Feature", "geometry": {"type": "Point", "coordinates": [106.803867, -6.20854]}, "properties": {"jenis": "halte_non_brt", "nama": "Betawi", "jenis_asli": "Reguler", "sumber": "Halte Dinas Bina Marga"}}, {"type": "Feature", "geometry": {"type": "Point", "coordinates": [106.828535, -6.198765]}, "properties": {"jenis": "halte_non_brt", "nama": "Betawi", "jenis_asli": "Reguler", "sumber": "Halte Dinas Bina Marga"}}, {"type": "Feature", "geometry": {"type": "Point", "coordinates": [106.837464, -6.200253]}, "properties": {"jenis": "halte_non_brt", "nama": "Jl. Teuku Cik Ditiro 56-54, RW.5, Menteng, Kec. Menteng, Kota Jakarta Pusat, Daerah Khusus Ibukota Jakarta 10310 (Depan ", "jenis_asli": "Reguler", "sumber": "Halte Dinas Bina Marga"}}, {"type": "Feature", "geometry": {"type": "Point", "coordinates": [106.82886, -6.195907]}, "properties": {"jenis": "halte_non_brt", "nama": "Jl. HOS. Cokroaminoto 79, RT.3/RW.5, Menteng, Kec. Menteng, Kota Jakarta Pusat, Daerah Khusus Ibukota Jakarta 10310 (Hal", "jenis_asli": "Reguler", "sumber": "Halte Dinas Bina Marga"}}, {"type": "Feature", "geometry": {"type": "Point", "coordinates": [106.8288, -6.196022]}, "properties": {"jenis": "halte_non_brt", "nama": "Jl. Dr. GSSJ Ratulangi, RT.2/RW.3, Gondangdia, Kec. Menteng, Kota Jakarta Pusat, Daerah Khusus Ibukota Jakarta 10350 (Ha", "jenis_asli": "Reguler", "sumber": "Halte Dinas Bina Marga"}}, {"type": "Feature", "geometry": {"type": "Point", "coordinates": [106.841765, -6.199539]}, "properties": {"jenis": "halte_non_brt", "nama": "Betawi", "jenis_asli": "Reguler", "sumber": "Halte Dinas Bina Marga"}}, {"type": "Feature", "geometry": {"type": "Point", "coordinates": [106.844008, -6.200816]}, "properties": {"jenis": "halte_non_brt", "nama": "Betawi", "jenis_asli": "Reguler", "sumber": "Halte Dinas Bina Marga"}}, {"type": "Feature", "geometry": {"type": "Point", "coordinates": [106.847736, -6.202564]}, "properties": {"jenis": "halte_non_brt", "nama": "Jl. Proklamasi 49, RT.11/RW.2, Pegangsaan, Kec. Menteng, Kota Jakarta Pusat, Daerah Khusus Ibukota Jakarta 10320 (Halte ", "jenis_asli": "Reguler", "sumber": "Halte Dinas Bina Marga"}}, {"type": "Feature", "geometry": {"type": "Point", "coordinates": [106.845689, -6.219197]}, "properties": {"jenis": "halte_non_brt", "nama": "Jl. Dr. Sahardjo (S-U) depan SDN 01,02,03 Menteng", "jenis_asli": "Reguler", "sumber": "Halte Dinas Bina Marga"}}, {"type": "Feature", "geometry": {"type": "Point", "coordinates": [106.845297, -6.156708]}, "properties": {"jenis": "halte_non_brt", "nama": "Betawi", "jenis_asli": "Halte Reguler", "sumber": "Halte Dinas Bina Marga"}}, {"type": "Feature", "geometry": {"type": "Point", "coordinates": [106.845132, -6.156702]}, "properties": {"jenis": "halte_non_brt", "nama": "Betawi", "jenis_asli": "Halte Reguler", "sumber": "Halte Dinas Bina Marga"}}, {"type": "Feature", "geometry": {"type": "Point", "coordinates": [106.846787, -6.156344]}, "properties": {"jenis": "halte_non_brt", "nama": "Betawi", "jenis_asli": "Halte Reguler", "sumber": "Halte Dinas Bina Marga"}}, {"type": "Feature", "geometry": {"type": "Point", "coordinates": [106.846821, -6.156724]}, "properties": {"jenis": "halte_non_brt", "nama": "Betawi", "jenis_asli": "Halte Reguler", "sumber": "Halte Dinas Bina Marga"}}, {"type": "Feature", "geometry": {"type": "Point", "coordinates": [106.850313, -6.156326]}, "properties": {"jenis": "halte_non_brt", "nama": "Betawi", "jenis_asli": "Halte Reguler", "sumber": "Halte Dinas Bina Marga"}}, {"type": "Feature", "geometry": {"type": "Point", "coordinates": [106.842037, -6.157924]}, "properties": {"jenis": "halte_non_brt", "nama": "Betawi", "jenis_asli": "Halte Reguler", "sumber": "Halte Dinas Bina Marga"}}, {"type": "Feature", "geometry": {"type": "Point", "coordinates": [106.844905, -6.157205]}, "properties": {"jenis": "halte_non_brt", "nama": "Betawi", "jenis_asli": "Halte Reguler", "sumber": "Halte Dinas Bina Marga"}}, {"type": "Feature", "geometry": {"type": "Point", "coordinates": [106.840117, -6.169757]}, "properties": {"jenis": "halte_non_brt", "nama": "Betawi", "jenis_asli": "Halte Reguler", "sumber": "Halte Dinas Bina Marga"}}, {"type": "Feature", "geometry": {"type": "Point", "coordinates": [106.841649, -6.16611]}, "properties": {"jenis": "halte_non_brt", "nama": "Betawi", "jenis_asli": "Halte Reguler", "sumber": "Halte Dinas Bina Marga"}}, {"type": "Feature", "geometry": {"type": "Point", "coordinates": [106.840805, -6.163948]}, "properties": {"jenis": "halte_non_brt", "nama": "Betawi", "jenis_asli": "Halte Reguler", "sumber": "Halte Dinas Bina Marga"}}, {"type": "Feature", "geometry": {"type": "Point", "coordinates": [106.840073, -6.162119]}, "properties": {"jenis": "halte_non_brt", "nama": "Betawi", "jenis_asli": "Halte Reguler", "sumber": "Halte Dinas Bina Marga"}}, {"type": "Feature", "geometry": {"type": "Point", "coordinates": [106.839488, -6.160579]}, "properties": {"jenis": "halte_non_brt", "nama": "Betawi", "jenis_asli": "Halte Reguler", "sumber": "Halte Dinas Bina Marga"}}, {"type": "Feature", "geometry": {"type": "Point", "coordinates": [106.84274, -6.170156]}, "properties": {"jenis": "halte_non_brt", "nama": "Betawi", "jenis_asli": "Halte Reguler", "sumber": "Halte Dinas Bina Marga"}}, {"type": "Feature", "geometry": {"type": "Point", "coordinates": [106.842923, -6.162323]}, "properties": {"jenis": "halte_non_brt", "nama": "Betawi", "jenis_asli": "Halte Reguler", "sumber": "Halte Dinas Bina Marga"}}, {"type": "Feature", "geometry": {"type": "Point", "coordinates": [106.841652, -6.165581]}, "properties": {"jenis": "halte_non_brt", "nama": "Betawi", "jenis_asli": "Halte Reguler", "sumber": "Halte Dinas Bina Marga"}}, {"type": "Feature", "geometry": {"type": "Point", "coordinates": [106.848192, -6.16093]}, "properties": {"jenis": "halte_non_brt", "nama": "Betawi", "jenis_asli": "Halte Reguler", "sumber": "Halte Dinas Bina Marga"}}, {"type": "Feature", "geometry": {"type": "Point", "coordinates": [106.842087, -6.162678]}, "properties": {"jenis": "halte_non_brt", "nama": "Betawi", "jenis_asli": "Halte Reguler", "sumber": "Halte Dinas Bina Marga"}}, {"type": "Feature", "geometry": {"type": "Point", "coordinates": [106.876193, -6.166274]}, "properties": {"jenis": "halte_non_brt", "nama": "Betawi", "jenis_asli": "Halte Reguler", "sumber": "Halte Dinas Bina Marga"}}, {"type": "Feature", "geometry": {"type": "Point", "coordinates": [106.874885, -6.166582]}, "properties": {"jenis": "halte_non_brt", "nama": "Betawi", "jenis_asli": "Halte Reguler", "sumber": "Halte Dinas Bina Marga"}}, {"type": "Feature", "geometry": {"type": "Point", "coordinates": [106.834758, -6.166194]}, "properties": {"jenis": "halte_brt", "nama": "Betawi", "jenis_asli": "Busway", "sumber": "Halte Dinas Bina Marga"}}, {"type": "Feature", "geometry": {"type": "Point", "coordinates": [106.835855, -6.16705]}, "properties": {"jenis": "halte_brt", "nama": "Jl. Budi Utomo, Ps. Baru, Kecamatan Sawah Besar, Kota Jakarta Pusat, Daerah Khusus Ibukota Jakarta 10710 (Halte Busway B", "jenis_asli": "Busway", "sumber": "Halte Dinas Bina Marga"}}, {"type": "Feature", "geometry": {"type": "Point", "coordinates": [106.835951, -6.162315]}, "properties": {"jenis": "halte_brt", "nama": "Betawi", "jenis_asli": "Busway", "sumber": "Halte Dinas Bina Marga"}}, {"type": "Feature", "geometry": {"type": "Point", "coordinates": [106.833002, -6.146548]}, "properties": {"jenis": "halte_brt", "nama": "Betawi", "jenis_asli": "Busway", "sumber": "Halte Dinas Bina Marga"}}, {"type": "Feature", "geometry": {"type": "Point", "coordinates": [106.83457, -6.160229]}, "properties": {"jenis": "halte_non_brt", "nama": "Betawi", "jenis_asli": "Reguler", "sumber": "Halte Dinas Bina Marga"}}, {"type": "Feature", "geometry": {"type": "Point", "coordinates": [106.83703, -6.158258]}, "properties": {"jenis": "halte_non_brt", "nama": "Betawi", "jenis_asli": "Reguler", "sumber": "Halte Dinas Bina Marga"}}, {"type": "Feature", "geometry": {"type": "Point", "coordinates": [106.838046, -6.167005]}, "properties": {"jenis": "halte_non_brt", "nama": "Betawi", "jenis_asli": "Reguler", "sumber": "Halte Dinas Bina Marga"}}, {"type": "Feature", "geometry": {"type": "Point", "coordinates": [106.835475, -6.165507]}, "properties": {"jenis": "halte_non_brt", "nama": "Jl. Dr. Sutomo Ps. Baru, Kecamatan Sawah Besar, Kota Jakarta Pusat, Daerah Khusus Ibukota Jakarta (Halte Pasar Baru)", "jenis_asli": "Reguler", "sumber": "Halte Dinas Bina Marga"}}, {"type": "Feature", "geometry": {"type": "Point", "coordinates": [106.834844, -6.16879]}, "properties": {"jenis": "halte_non_brt", "nama": "Betawi", "jenis_asli": "Reguler", "sumber": "Halte Dinas Bina Marga"}}, {"type": "Feature", "geometry": {"type": "Point", "coordinates": [106.834661, -6.16888]}, "properties": {"jenis": "halte_non_brt", "nama": "Betawi", "jenis_asli": "Reguler", "sumber": "Halte Dinas Bina Marga"}}, {"type": "Feature", "geometry": {"type": "Point", "coordinates": [106.828133, -6.141783]}, "properties": {"jenis": "halte_non_brt", "nama": "Betawi", "jenis_asli": "Reguler", "sumber": "Halte Dinas Bina Marga"}}, {"type": "Feature", "geometry": {"type": "Point", "coordinates": [106.835342, -6.146548]}, "properties": {"jenis": "halte_non_brt", "nama": "Betawi", "jenis_asli": "Reguler", "sumber": "Halte Dinas Bina Marga"}}, {"type": "Feature", "geometry": {"type": "Point", "coordinates": [106.837016, -6.175244]}, "properties": {"jenis": "halte_non_brt", "nama": "Betawi", "jenis_asli": "Reguler", "sumber": "Halte Dinas Bina Marga"}}, {"type": "Feature", "geometry": {"type": "Point", "coordinates": [106.834378, -6.146468]}, "properties": {"jenis": "halte_non_brt", "nama": "Betawi", "jenis_asli": "Reguler", "sumber": "Halte Dinas Bina Marga"}}, {"type": "Feature", "geometry": {"type": "Point", "coordinates": [106.835376, -6.150926]}, "properties": {"jenis": "halte_non_brt", "nama": "Betawi", "jenis_asli": "Reguler", "sumber": "Halte Dinas Bina Marga"}}, {"type": "Feature", "geometry": {"type": "Point", "coordinates": [106.835983, -6.153306]}, "properties": {"jenis": "halte_non_brt", "nama": "Betawi", "jenis_asli": "Reguler", "sumber": "Halte Dinas Bina Marga"}}, {"type": "Feature", "geometry": {"type": "Point", "coordinates": [106.837197, -6.158206]}, "properties": {"jenis": "halte_non_brt", "nama": "Betawi", "jenis_asli": "Reguler", "sumber": "Halte Dinas Bina Marga"}}, {"type": "Feature", "geometry": {"type": "Point", "coordinates": [106.836654, -6.156669]}, "properties": {"jenis": "halte_non_brt", "nama": "Betawi", "jenis_asli": "Reguler", "sumber": "Halte Dinas Bina Marga"}}, {"type": "Feature", "geometry": {"type": "Point", "coordinates": [106.836456, -6.175631]}, "properties": {"jenis": "halte_non_brt", "nama": "Betawi", "jenis_asli": "Reguler", "sumber": "Halte Dinas Bina Marga"}}, {"type": "Feature", "geometry": {"type": "Point", "coordinates": [106.831228, -6.168106]}, "properties": {"jenis": "halte_non_brt", "nama": "Betawi", "jenis_asli": "Reguler", "sumber": "Halte Dinas Bina Marga"}}, {"type": "Feature", "geometry": {"type": "Point", "coordinates": [106.837197, -6.158206]}, "properties": {"jenis": "halte_non_brt", "nama": "Betawi", "jenis_asli": "Reguler", "sumber": "Halte Dinas Bina Marga"}}, {"type": "Feature", "geometry": {"type": "Point", "coordinates": [106.847547, -6.18998]}, "properties": {"jenis": "halte_non_brt", "nama": "Moderen Minimaslis", "jenis_asli": "Halte Reguler", "sumber": "Halte Dinas Bina Marga"}}, {"type": "Feature", "geometry": {"type": "Point", "coordinates": [106.845018, -6.190062]}, "properties": {"jenis": "halte_non_brt", "nama": "Betawi", "jenis_asli": "Halte Reguler", "sumber": "Halte Dinas Bina Marga"}}, {"type": "Feature", "geometry": {"type": "Point", "coordinates": [106.849041, -6.193945]}, "properties": {"jenis": "halte_non_brt", "nama": "Moderen Minimaslis", "jenis_asli": "Halte Reguler", "sumber": "Halte Dinas Bina Marga"}}, {"type": "Feature", "geometry": {"type": "Point", "coordinates": [106.846476, -6.198689]}, "properties": {"jenis": "halte_non_brt", "nama": "Moderen Minimaslis", "jenis_asli": "Halte Reguler", "sumber": "Halte Dinas Bina Marga"}}, {"type": "Feature", "geometry": {"type": "Point", "coordinates": [106.851371, -6.197183]}, "properties": {"jenis": "halte_non_brt", "nama": "Moderen Minimaslis", "jenis_asli": "Halte Reguler", "sumber": "Halte Dinas Bina Marga"}}, {"type": "Feature", "geometry": {"type": "Point", "coordinates": [106.853771, -6.198696]}, "properties": {"jenis": "halte_non_brt", "nama": "Moderen Minimaslis", "jenis_asli": "Halte Reguler", "sumber": "Halte Dinas Bina Marga"}}, {"type": "Feature", "geometry": {"type": "Point", "coordinates": [106.850477, -6.195762]}, "properties": {"jenis": "halte_non_brt", "nama": "Moderen Minimaslis", "jenis_asli": "Halte Reguler", "sumber": "Halte Dinas Bina Marga"}}, {"type": "Feature", "geometry": {"type": "Point", "coordinates": [106.848907, -6.193104]}, "properties": {"jenis": "halte_non_brt", "nama": "Moderen Minimaslis", "jenis_asli": "Halte Reguler", "sumber": "Halte Dinas Bina Marga"}}, {"type": "Feature", "geometry": {"type": "Point", "coordinates": [106.848018, -6.191467]}, "properties": {"jenis": "halte_non_brt", "nama": "Moderen Minimaslis", "jenis_asli": "Halte Reguler", "sumber": "Halte Dinas Bina Marga"}}, {"type": "Feature", "geometry": {"type": "Point", "coordinates": [106.847514, -6.190446]}, "properties": {"jenis": "halte_non_brt", "nama": "Moderen Minimaslis", "jenis_asli": "Halte Reguler", "sumber": "Halte Dinas Bina Marga"}}, {"type": "Feature", "geometry": {"type": "Point", "coordinates": [106.836507, -6.175638]}, "properties": {"jenis": "halte_non_brt", "nama": "Betawi", "jenis_asli": "Halte Reguler", "sumber": "Halte Dinas Bina Marga"}}, {"type": "Feature", "geometry": {"type": "Point", "coordinates": [106.837067, -6.175179]}, "properties": {"jenis": "halte_non_brt", "nama": "Betawi", "jenis_asli": "Halte Reguler", "sumber": "Halte Dinas Bina Marga"}}, {"type": "Feature", "geometry": {"type": "Point", "coordinates": [106.839311, -6.175466]}, "properties": {"jenis": "halte_non_brt", "nama": "Betawi", "jenis_asli": "Halte Reguler", "sumber": "Halte Dinas Bina Marga"}}, {"type": "Feature", "geometry": {"type": "Point", "coordinates": [106.839028, -6.176508]}, "properties": {"jenis": "halte_non_brt", "nama": "Betawi", "jenis_asli": "Halte Reguler", "sumber": "Halte Dinas Bina Marga"}}, {"type": "Feature", "geometry": {"type": "Point", "coordinates": [106.839888, -6.176161]}, "properties": {"jenis": "halte_non_brt", "nama": "Betawi", "jenis_asli": "Halte Reguler", "sumber": "Halte Dinas Bina Marga"}}, {"type": "Feature", "geometry": {"type": "Point", "coordinates": [106.84009, -6.176398]}, "properties": {"jenis": "halte_non_brt", "nama": "Betawi", "jenis_asli": "Halte Reguler", "sumber": "Halte Dinas Bina Marga"}}, {"type": "Feature", "geometry": {"type": "Point", "coordinates": [106.840783, -6.177254]}, "properties": {"jenis": "halte_non_brt", "nama": "Moderen Minimaslis", "jenis_asli": "Halte Reguler", "sumber": "Halte Dinas Bina Marga"}}, {"type": "Feature", "geometry": {"type": "Point", "coordinates": [106.837633, -6.181278]}, "properties": {"jenis": "halte_non_brt", "nama": "Betawi", "jenis_asli": "Halte Reguler", "sumber": "Halte Dinas Bina Marga"}}, {"type": "Feature", "geometry": {"type": "Point", "coordinates": [106.842526, -6.181937]}, "properties": {"jenis": "halte_non_brt", "nama": "Moderen Minimaslis", "jenis_asli": "Halte Reguler", "sumber": "Halte Dinas Bina Marga"}}, {"type": "Feature", "geometry": {"type": "Point", "coordinates": [106.820024, -6.205678]}, "properties": {"jenis": "halte_non_brt", "nama": "Jakarta Pusat, RT.10/RW.11, Karet Tengsin, Kecamatan Tanah Abang, Kota Jakarta Pusat, Daerah Khusus Ibukota Jakarta 1025", "jenis_asli": "Halte Reguler", "sumber": "Halte Dinas Bina Marga"}}, {"type": "Feature", "geometry": {"type": "Point", "coordinates": [106.806827, -6.214158]}, "properties": {"jenis": "halte_non_brt", "nama": "Jalan Jendral Gatot Subroto, RT.9/RW.2, Bendungan Hilir, Tanah Abang, Kota Jakarta Pusat, 10210 (Halte Busway JCC Senaya", "jenis_asli": "Halte Reguler", "sumber": "Halte Dinas Bina Marga"}}, {"type": "Feature", "geometry": {"type": "Point", "coordinates": [106.799779, -6.202161]}, "properties": {"jenis": "halte_non_brt", "nama": "Jl. Tentara Pelajar Jakarta Pusat, Petamburan, Tanahabang, Kota Jakarta Pusat, Daerah Khusus Ibukota Jakarta (Halte Busw", "jenis_asli": "Halte Reguler", "sumber": "Halte Dinas Bina Marga"}}, {"type": "Feature", "geometry": {"type": "Point", "coordinates": [106.821961, -6.207267]}, "properties": {"jenis": "halte_non_brt", "nama": "Jl. Jend. Sudirman, RT.10/RW.11, Karet Tengsin, Kecamatan Tanah Abang, Kota Jakarta Pusat, Daerah Khusus Ibukota Jakarta", "jenis_asli": "Halte Reguler", "sumber": "Halte Dinas Bina Marga"}}, {"type": "Feature", "geometry": {"type": "Point", "coordinates": [106.821971, -6.207185]}, "properties": {"jenis": "halte_non_brt", "nama": "Jl. Jend. Sudirman, RT.10/RW.11, Karet Tengsin, Kecamatan Tanah Abang, Kota Jakarta Pusat, Daerah Khusus Ibukota Jakarta", "jenis_asli": "Halte Reguler", "sumber": "Halte Dinas Bina Marga"}}, {"type": "Feature", "geometry": {"type": "Point", "coordinates": [106.799774, -6.228571]}, "properties": {"jenis": "halte_non_brt", "nama": "1, Jl. Jend. Sudirman No.315, RT.1/RW.3, Kuningan, Gelora, Kecamatan Tanah Abang, Kota Jakarta Pusat, Daerah Khusus Ibuk", "jenis_asli": "Halte Reguler", "sumber": "Halte Dinas Bina Marga"}}, {"type": "Feature", "geometry": {"type": "Point", "coordinates": [106.799774, -6.228571]}, "properties": {"jenis": "halte_non_brt", "nama": "Jl. Pejompongan Raya 2-6, RT.4/RW.5, Bend. Hilir, Kecamatan Tanah Abang, Kota Jakarta Pusat, Daerah Khusus Ibukota Jakar", "jenis_asli": "Halte Reguler", "sumber": "Halte Dinas Bina Marga"}}, {"type": "Feature", "geometry": {"type": "Point", "coordinates": [106.804517, -6.203539]}, "properties": {"jenis": "halte_non_brt", "nama": "Jl. Palmerah Timur Jakarta Pusat, RT.1/RW.3, Gelora, Tanahabang, Kota Jakarta Pusat, Daerah Khusus Ibukota Jakarta 10270", "jenis_asli": "Halte Reguler", "sumber": "Halte Dinas Bina Marga"}}, {"type": "Feature", "geometry": {"type": "Point", "coordinates": [106.810823, -6.216692]}, "properties": {"jenis": "halte_non_brt", "nama": "Jl. Gatot Subroto RT.12/RW.2, Bend. Hilir, Tanahabang, Kota Jakarta Pusat, Daerah Khusus Ibukota Jakarta 10210 (Dekat Ba", "jenis_asli": "Halte Reguler", "sumber": "Halte Dinas Bina Marga"}}, {"type": "Feature", "geometry": {"type": "Point", "coordinates": [106.815783, -6.216464]}, "properties": {"jenis": "halte_non_brt", "nama": "Jl. Jend. Sudirman 36, RT.14/RW.1, Bend. Hilir, Kecamatan Tanah Abang, Kota Jakarta Pusat, Daerah Khusus Ibukota Jakarta", "jenis_asli": "Halte Reguler", "sumber": "Halte Dinas Bina Marga"}}, {"type": "Feature", "geometry": {"type": "Point", "coordinates": [106.809568, -6.214778]}, "properties": {"jenis": "halte_non_brt", "nama": "Jl. Gatot Subroto, RT.9/RW.2, Bend. Hilir, Kecamatan Tanah Abang, Kota Jakarta Pusat, Daerah Khusus Ibukota Jakarta 1021", "jenis_asli": "Halte Reguler", "sumber": "Halte Dinas Bina Marga"}}, {"type": "Feature", "geometry": {"type": "Point", "coordinates": [106.79625, -6.210732]}, "properties": {"jenis": "halte_non_brt", "nama": "Jl. Gatot Subroto, RT.9/RW.2, Bend. Hilir, Kecamatan Tanah Abang, Kota Jakarta Pusat, Daerah Khusus Ibukota Jakarta 1021", "jenis_asli": "Halte Reguler", "sumber": "Halte Dinas Bina Marga"}}, {"type": "Feature", "geometry": {"type": "Point", "coordinates": [106.814809, -6.192315]}, "properties": {"jenis": "halte_non_brt", "nama": "Jl. K.H. Mas Mansyur 40-38, RT.1/RW.7, Kb. Kacang, Kecamatan Tanah Abang, Kota Jakarta Pusat, Daerah Khusus Ibukota Jaka", "jenis_asli": "", "sumber": "Halte Dinas Bina Marga"}}, {"type": "Feature", "geometry": {"type": "Point", "coordinates": [106.801919, -6.206248]}, "properties": {"jenis": "halte_non_brt", "nama": "Jl. Gatot Subroto Gelora, Tanahabang, Kota Jakarta Pusat, Daerah Khusus Ibukota Jakarta (Samping MPR/DPR)", "jenis_asli": "", "sumber": "Halte Dinas Bina Marga"}}, {"type": "Feature", "geometry": {"type": "Point", "coordinates": [106.810183, -6.21663]}, "properties": {"jenis": "halte_non_brt", "nama": "Jl. Gatot Subroto, RT.1/RW.3, Gelora, Kecamatan Tanah Abang, Kota Jakarta Pusat, Daerah Khusus Ibukota Jakarta 10270 (De", "jenis_asli": "", "sumber": "Halte Dinas Bina Marga"}}, {"type": "Feature", "geometry": {"type": "Point", "coordinates": [106.812638, -6.183324]}, "properties": {"jenis": "halte_non_brt", "nama": "Jl. Jatibaru Raya RT.4/RW.3, Kp. Bali, Kecamatan Tanah Abang, Kota Jakarta Pusat, Daerah Khusus Ibukota Jakarta (Halte F", "jenis_asli": "", "sumber": "Halte Dinas Bina Marga"}}, {"type": "Feature", "geometry": {"type": "Point", "coordinates": [106.798939, -6.214238]}, "properties": {"jenis": "halte_non_brt", "nama": "Jl. Gerbang Pemuda, RT.1/RW.3, Gelora, Kecamatan Tanah Abang, Kota Jakarta Pusat, Daerah Khusus Ibukota Jakarta 10270 (H", "jenis_asli": "", "sumber": "Halte Dinas Bina Marga"}}, {"type": "Feature", "geometry": {"type": "Point", "coordinates": [106.796363, -6.206408]}, "properties": {"jenis": "halte_non_brt", "nama": "Jl. Palmerah Utara 103-113, RT.3/RW.1, Gelora, Kecamatan Tanah Abang, Kota Jakarta Pusat, Daerah Khusus Ibukota Jakarta ", "jenis_asli": "", "sumber": "Halte Dinas Bina Marga"}}, {"type": "Feature", "geometry": {"type": "Point", "coordinates": [106.810743, -6.201485]}, "properties": {"jenis": "halte_non_brt", "nama": "Jl. Penjernihan 1 Jakarta Pusat, RT.10/RW.6, Bend. Hilir, Tanahabang, Kota Jakarta Pusat, Daerah Khusus Ibukota Jakarta ", "jenis_asli": "", "sumber": "Halte Dinas Bina Marga"}}, {"type": "Feature", "geometry": {"type": "Point", "coordinates": [106.808045, -6.201579]}, "properties": {"jenis": "halte_non_brt", "nama": "Jl. Penjernihan 1 No.45, Bend. Hilir, Tanahabang, Jakarta, Daerah Khusus Ibukota Jakarta 10210 (Halte Kelurahan)", "jenis_asli": "", "sumber": "Halte Dinas Bina Marga"}}, {"type": "Feature", "geometry": {"type": "Point", "coordinates": [106.814318, -6.201327]}, "properties": {"jenis": "halte_non_brt", "nama": "Jl. Penjernihan 1, Karet Tengsin, Kecamatan Tanah Abang, Kota Jakarta Pusat, Daerah Khusus Ibukota Jakarta 10250 (Depan ", "jenis_asli": "", "sumber": "Halte Dinas Bina Marga"}}, {"type": "Feature", "geometry": {"type": "Point", "coordinates": [106.816573, -6.149414]}, "properties": {"jenis": "halte_brt", "nama": "Jl. Gajah Mada RT.4/RW.6, Mangga Besar, Kec. Taman Sari, Kota Jakarta Barat, Daerah Khusus Ibukota Jakarta 11130 (Halte ", "jenis_asli": "Busway", "sumber": "Halte Dinas Bina Marga"}}, {"type": "Feature", "geometry": {"type": "Point", "coordinates": [106.813277, -6.144603]}, "properties": {"jenis": "halte_brt", "nama": "Jl. Gajah Mada RT.1/RW.6, Mangga Besar, Kec. Taman Sari, Kota Jakarta Barat, Daerah Khusus Ibukota Jakarta 11120 (Halte ", "jenis_asli": "Busway", "sumber": "Halte Dinas Bina Marga"}}, {"type": "Feature", "geometry": {"type": "Point", "coordinates": [106.814202, -6.137645]}, "properties": {"jenis": "halte_brt", "nama": "Jl. St. Kota RT.8/RW.6, Pinangsia, Kec. Taman Sari, Kota Jakarta Barat, Daerah Khusus Ibukota Jakarta 11110 (Halte Buswa", "jenis_asli": "Busway", "sumber": "Halte Dinas Bina Marga"}}, {"type": "Feature", "geometry": {"type": "Point", "coordinates": [106.703355, -6.154497]}, "properties": {"jenis": "halte_brt", "nama": "Jl. Peta Selatan No.8, RT.7/RW.1, Kalideres, Kec. Kalideres, Kota Jakarta Barat, Daerah Khusus Ibukota Jakarta 11840 (Ha", "jenis_asli": "Busway", "sumber": "Halte Dinas Bina Marga"}}, {"type": "Feature", "geometry": {"type": "Point", "coordinates": [106.713164, -6.154551]}, "properties": {"jenis": "halte_brt", "nama": "Jalan Daan Mogot, RT.2/RW.12, Kalideres, Kota Jakarta Barat, 11840 (Halte Busway Pesakih)", "jenis_asli": "Busway", "sumber": "Halte Dinas Bina Marga"}}, {"type": "Feature", "geometry": {"type": "Point", "coordinates": [106.717191, -6.153025]}, "properties": {"jenis": "halte_brt", "nama": "Jl. Sumur Bor No.15, RW.2, Cengkareng Bar., Kecamatan Cengkareng, Kota Jakarta Barat, Daerah Khusus Ibukota Jakarta 1173", "jenis_asli": "Busway", "sumber": "Halte Dinas Bina Marga"}}, {"type": "Feature", "geometry": {"type": "Point", "coordinates": [106.723997, -6.153909]}, "properties": {"jenis": "halte_brt", "nama": "Jalan AA, RW.2, Cengkareng Barat, Cengkareng, Kota Jakarta Barat, 11730 (Halte Busway Rawa Buaya)", "jenis_asli": "Busway", "sumber": "Halte Dinas Bina Marga"}}, {"type": "Feature", "geometry": {"type": "Point", "coordinates": [106.728219, -6.154825]}, "properties": {"jenis": "halte_brt", "nama": "Halte Busway Jl. Daan Mogot RT.6/RW.1, Tim, Cengkareng Tim., Kecamatan Cengkareng, 11730 (Halte Busway Jembatan Baru)", "jenis_asli": "Busway", "sumber": "Halte Dinas Bina Marga"}}, {"type": "Feature", "geometry": {"type": "Point", "coordinates": [106.73751, -6.154379]}, "properties": {"jenis": "halte_brt", "nama": "Jl. Daan Mogot Cengkareng Tim., Kecamatan Cengkareng, Kota Jakarta Barat, Daerah Khusus Ibukota Jakarta (Halte Busway Di", "jenis_asli": "Busway", "sumber": "Halte Dinas Bina Marga"}}, {"type": "Feature", "geometry": {"type": "Point", "coordinates": [106.755696, -6.157127]}, "properties": {"jenis": "halte_brt", "nama": "Jl. Taman Kota, Kedaung Kali Angke, Kecamatan Cengkareng, Kota Jakarta Barat, Daerah Khusus Ibukota Jakarta (Halte Buswa", "jenis_asli": "Busway", "sumber": "Halte Dinas Bina Marga"}}, {"type": "Feature", "geometry": {"type": "Point", "coordinates": [106.772993, -6.163372]}, "properties": {"jenis": "halte_brt", "nama": "Jl. Raya Daan Mogot No.4, RW.5, Duri Kepa, Kec. Kb. Jeruk, Kota Jakarta Barat, Daerah Khusus Ibukota Jakarta 11510 (Halt", "jenis_asli": "Busway", "sumber": "Halte Dinas Bina Marga"}}, {"type": "Feature", "geometry": {"type": "Point", "coordinates": [106.78429, -6.166526]}, "properties": {"jenis": "halte_brt", "nama": "Jl. Daan Mogot, RT.8/RW.4, Tj. Duren Utara, Kec. Grogol petamburan, Kota Jakarta Barat, Daerah Khusus Ibukota Jakarta 11", "jenis_asli": "Busway", "sumber": "Halte Dinas Bina Marga"}}, {"type": "Feature", "geometry": {"type": "Point", "coordinates": [106.789383, -6.166772]}, "properties": {"jenis": "halte_brt", "nama": "Jl. Kyai Tapa RT.6/RW.16, Grogol, Grogol petamburan, Kota Jakarta Barat, Daerah Khusus Ibukota Jakarta 11450 (Halte Busw", "jenis_asli": "Busway", "sumber": "Halte Dinas Bina Marga"}}, {"type": "Feature", "geometry": {"type": "Point", "coordinates": [106.794577, -6.166292]}, "properties": {"jenis": "halte_brt", "nama": "Jl. Kyai Tapa RT.1/RW.3, Grogol, Grogol petamburan, Kota Jakarta Barat, 11450 (Halte Busway Sumber Waras)", "jenis_asli": "Busway", "sumber": "Halte Dinas Bina Marga"}}, {"type": "Feature", "geometry": {"type": "Point", "coordinates": [106.799779, -6.202161]}, "properties": {"jenis": "halte_brt", "nama": "No.Kav 78, Jalan Letjen. S. Parman, Palmerah, Daerah Khusus Ibukota Jakarta 11410, Indonesia, Daerah Khusus Ibukota Jaka", "jenis_asli": "Busway", "sumber": "Halte Dinas Bina Marga"}}, {"type": "Feature", "geometry": {"type": "Point", "coordinates": [106.79698, -6.185257]}, "properties": {"jenis": "halte_brt", "nama": "JL. Letjend S. Parman Kota Bambu Utara, Kec. Palmerah, Kota Jakarta Barat, Daerah Khusus Ibukota Jakarta (Halte Busway R", "jenis_asli": "Busway", "sumber": "Halte Dinas Bina Marga"}}, {"type": "Feature", "geometry": {"type": "Point", "coordinates": [106.792092, -6.175757]}, "properties": {"jenis": "halte_brt", "nama": "Jl. Letjend S Parman RT.12/RW.1, Tomang, Kec. Grogol petamburan, Kota Jakarta Barat, Daerah Khusus Ibukota Jakarta 11470", "jenis_asli": "Busway", "sumber": "Halte Dinas Bina Marga"}}, {"type": "Feature", "geometry": {"type": "Point", "coordinates": [106.790253, -6.161081]}, "properties": {"jenis": "halte_brt", "nama": "Jl. Jelembar Timur RT.8/RW.5, Jelambar, Kec. Grogol petamburan, Kota Jakarta Barat, Daerah Khusus Ibukota Jakarta (Halte", "jenis_asli": "Busway", "sumber": "Halte Dinas Bina Marga"}}, {"type": "Feature", "geometry": {"type": "Point", "coordinates": [106.794106, -6.151568]}, "properties": {"jenis": "halte_brt", "nama": "Jl. Prof. Dr. Latumenten RT.10/RW.1, Jemb. Besi, Kec. Tambora, Kota Jakarta Barat, Daerah Khusus Ibukota Jakarta 11320 (", "jenis_asli": "Busway", "sumber": "Halte Dinas Bina Marga"}}, {"type": "Feature", "geometry": {"type": "Point", "coordinates": [106.791331, -6.143235]}, "properties": {"jenis": "halte_brt", "nama": "Jl. Jembatan Dua Raya Angke, Kec. Tambora, Kota Jakarta Barat, Daerah Khusus Ibukota Jakarta 11330 (Halte Busway Jembata", "jenis_asli": "Busway", "sumber": "Halte Dinas Bina Marga"}}, {"type": "Feature", "geometry": {"type": "Point", "coordinates": [106.777631, -6.218324]}, "properties": {"jenis": "halte_brt", "nama": "Jl. Arteri Permata Hijau RT.7/RW.8, Sukabumi Sel., Kec. Kb. Jeruk, Kota Jakarta Barat, Daerah Khusus Ibukota Jakarta 115", "jenis_asli": "Busway", "sumber": "Halte Dinas Bina Marga"}}, {"type": "Feature", "geometry": {"type": "Point", "coordinates": [106.770089, -6.21291]}, "properties": {"jenis": "halte_brt", "nama": "Jl. Panjang Arteri Klp. Dua Raya No.69, Sukabumi Utara, Kec. Kb. Jeruk, Kota Jakarta Barat, Daerah Khusus Ibukota Jakart", "jenis_asli": "Busway", "sumber": "Halte Dinas Bina Marga"}}, {"type": "Feature", "geometry": {"type": "Point", "coordinates": [106.769209, -6.205589]}, "properties": {"jenis": "halte_brt", "nama": "Jl. Raya Kelapa Dua RT.2/RW.2, Klp. Dua, Kec. Kb. Jeruk, Kota Jakarta Barat, Daerah Khusus Ibukota Jakarta 11550 (Halte ", "jenis_asli": "Busway", "sumber": "Halte Dinas Bina Marga"}}, {"type": "Feature", "geometry": {"type": "Point", "coordinates": [106.766693, -6.194275]}, "properties": {"jenis": "halte_brt", "nama": "Jl. Panjang No.8, Kb. Jeruk, Kec. Kb. Jeruk, Kota Jakarta Barat, Daerah Khusus Ibukota Jakarta 11530 (Halte Busway Kebon", "jenis_asli": "Busway", "sumber": "Halte Dinas Bina Marga"}}, {"type": "Feature", "geometry": {"type": "Point", "coordinates": [106.768141, -6.185232]}, "properties": {"jenis": "halte_brt", "nama": "Jl. Panjang RT.6/RW.1, Kedoya Sel., Kec. Kb. Jeruk, Kota Jakarta Barat, Daerah Khusus Ibukota Jakarta 11520 (Halte Buswa", "jenis_asli": "Busway", "sumber": "Halte Dinas Bina Marga"}}, {"type": "Feature", "geometry": {"type": "Point", "coordinates": [106.763661, -6.174505]}, "properties": {"jenis": "halte_brt", "nama": "Jl. Panjang RT.5/RW.11, Kedoya Utara, Kebon Jeruk, Kota Jakarta Barat, 11520 (Halte Busway Kedoya Assiddiqiah)", "jenis_asli": "Busway", "sumber": "Halte Dinas Bina Marga"}}, {"type": "Feature", "geometry": {"type": "Point", "coordinates": [106.763661, -6.174505]}, "properties": {"jenis": "halte_brt", "nama": "Jalan Panjang, Kedoya Utara, Kebon Jeruk, Kota Jakarta Barat, Daerah Khusus Ibukota Jakarta 11520, Daerah Khusus Ibukota", "jenis_asli": "Busway", "sumber": "Halte Dinas Bina Marga"}}, {"type": "Feature", "geometry": {"type": "Point", "coordinates": [106.763661, -6.174505]}, "properties": {"jenis": "halte_brt", "nama": "Tomang, Kec. Grogol petamburan, Kota Jakarta Barat, Daerah Khusus Ibukota Jakarta (Halte Busway Grogol 2)", "jenis_asli": "Busway", "sumber": "Halte Dinas Bina Marga"}}, {"type": "Feature", "geometry": {"type": "Point", "coordinates": [106.763661, -6.174505]}, "properties": {"jenis": "halte_brt", "nama": "Jl. Tomang Raya, RT.5/RW.1, Jatipulo, Kec. Palmerah, Kota Jakarta Barat, Daerah Khusus Ibukota Jakarta 11430 (Halte Busw", "jenis_asli": "Busway", "sumber": "Halte Dinas Bina Marga"}}, {"type": "Feature", "geometry": {"type": "Point", "coordinates": [106.794867, -6.152189]}, "properties": {"jenis": "halte_non_brt", "nama": "Jl. Cendrawasih Raya No.17, RT.6/RW.6, Cengkareng Bar., Kecamatan Cengkareng, Kota Jakarta Barat, Daerah Khusus Ibukota ", "jenis_asli": "Reguler", "sumber": "Halte Dinas Bina Marga"}}, {"type": "Feature", "geometry": {"type": "Point", "coordinates": [106.727489, -6.163866]}, "properties": {"jenis": "halte_non_brt", "nama": "Jl. Lkr. Luar Barat, RW.3, Rw. Buaya, Kecamatan Cengkareng, Kota Jakarta Barat, Daerah Khusus Ibukota Jakarta 11740 (Sam", "jenis_asli": "Reguler", "sumber": "Halte Dinas Bina Marga"}}, {"type": "Feature", "geometry": {"type": "Point", "coordinates": [106.727809, -6.156884]}, "properties": {"jenis": "halte_non_brt", "nama": "Jl. Meruya Ilir Raya 43-38, RT.1/RW.7, Srengseng, Kec. Kembangan, Kota Jakarta Barat, Daerah Khusus Ibukota Jakarta 1163", "jenis_asli": "Reguler", "sumber": "Halte Dinas Bina Marga"}}, {"type": "Feature", "geometry": {"type": "Point", "coordinates": [106.778177, -6.213462]}, "properties": {"jenis": "halte_non_brt", "nama": "Jl. Raya Kby. Lama 49-24, RW.9, Sukabumi Utara, Kec. Kb. Jeruk, Kota Jakarta Barat, Daerah Khusus Ibukota Jakarta 11540 ", "jenis_asli": "Reguler", "sumber": "Halte Dinas Bina Marga"}}, {"type": "Feature", "geometry": {"type": "Point", "coordinates": [106.813562, -6.133352]}, "properties": {"jenis": "halte_non_brt", "nama": "Jl. Kunir Pinangsia, Taman Sari, Barat Jakarta City, Jakarta (Halte Pos Polisi)", "jenis_asli": "Reguler", "sumber": "Halte Dinas Bina Marga"}}, {"type": "Feature", "geometry": {"type": "Point", "coordinates": [106.814278, -6.13587]}, "properties": {"jenis": "halte_non_brt", "nama": "Jl. Lada 2, RT.4/RW.6, Pinangsia, Kec. Taman Sari, Kota Jakarta Barat, Daerah Khusus Ibukota Jakarta 11110 (Halte BNI)", "jenis_asli": "Reguler", "sumber": "Halte Dinas Bina Marga"}}, {"type": "Feature", "geometry": {"type": "Point", "coordinates": [106.800776, -6.176629]}, "properties": {"jenis": "halte_non_brt", "nama": "Jl. Prof. Dr. Latumeten 1-3, RW.1, Jelambar Baru, Kec. Grogol petamburan, Kota Jakarta Barat, Daerah Khusus Ibukota Jaka", "jenis_asli": "Reguler", "sumber": "Halte Dinas Bina Marga"}}, {"type": "Feature", "geometry": {"type": "Point", "coordinates": [106.737404, -6.21904]}, "properties": {"jenis": "halte_non_brt", "nama": "Jl. Meruya Selatan 5, RT.7/RW.1, Joglo, Kec. Kembangan, Kota Jakarta Barat, Daerah Khusus Ibukota Jakarta 11640 (Halte S", "jenis_asli": "Reguler", "sumber": "Halte Dinas Bina Marga"}}, {"type": "Feature", "geometry": {"type": "Point", "coordinates": [106.737701, -6.21256]}, "properties": {"jenis": "halte_non_brt", "nama": "Jl. Meruya Selatan No.25-12, RT.1/RW.2, Meruya Sel., Kec. Kembangan, Kota Jakarta Barat, Daerah Khusus Ibukota Jakarta 1", "jenis_asli": "Reguler", "sumber": "Halte Dinas Bina Marga"}}, {"type": "Feature", "geometry": {"type": "Point", "coordinates": [106.724599, -6.166216]}, "properties": {"jenis": "halte_non_brt", "nama": "Jl. Meruya Selatan 8-31, RT.1/RW.2, Meruya Sel., Kec. Kembangan, Kota Jakarta Barat, Daerah Khusus Ibukota Jakarta 11610", "jenis_asli": "Reguler", "sumber": "Halte Dinas Bina Marga"}}, {"type": "Feature", "geometry": {"type": "Point", "coordinates": [106.753674, -6.218436]}, "properties": {"jenis": "halte_non_brt", "nama": "Jakarta Barat, RW.1, Jemb. Besi, Kec. Tambora, Kota Jakarta Barat, Daerah Khusus Ibukota Jakarta 11320 (Halte Jembatan B", "jenis_asli": "Reguler", "sumber": "Halte Dinas Bina Marga"}}, {"type": "Feature", "geometry": {"type": "Point", "coordinates": [106.926971, -6.106945]}, "properties": {"jenis": "halte_non_brt", "nama": "Jl. Raya Cilincing 8-10, RT.1/RW.1, Cilincing, Kec. Cilincing, Kota Jkt Utara, Daerah Khusus Ibukota Jakarta (Halte Depa", "jenis_asli": "Reguler", "sumber": "Halte Dinas Bina Marga"}}, {"type": "Feature", "geometry": {"type": "Point", "coordinates": [106.909593, -6.108609]}, "properties": {"jenis": "halte_non_brt", "nama": "Jl. Raya Cilincing Utara Jakarta, RW.11, Kali Baru, Cilincing, North Jakarta City, Jakarta 14110 (Halte Bogasari)", "jenis_asli": "Reguler", "sumber": "Halte Dinas Bina Marga"}}, {"type": "Feature", "geometry": {"type": "Point", "coordinates": [106.914805, -6.108167]}, "properties": {"jenis": "halte_non_brt", "nama": "Jl. Raya Cilincing Utara Jakarta, RT.1/RW.11, Kali Baru, Cilincing, North Jakarta City, Jakarta 14110 (Halte Airin)", "jenis_asli": "Reguler", "sumber": "Halte Dinas Bina Marga"}}, {"type": "Feature", "geometry": {"type": "Point", "coordinates": [106.92111, -6.10807]}, "properties": {"jenis": "halte_non_brt", "nama": "Jl. Raya Cilincing, RT.1/RW.11, Kali Baru, Kec. Cilincing, Kota Jkt Utara, Daerah Khusus Ibukota Jakarta 14110 (Halte Ta", "jenis_asli": "Reguler", "sumber": "Halte Dinas Bina Marga"}}, {"type": "Feature", "geometry": {"type": "Point", "coordinates": [106.920129, -6.108308]}, "properties": {"jenis": "halte_non_brt", "nama": "Jl. Raya Cilincing, RT.1/RW.11, Semper Bar., Kec. Cilincing, Kota Jkt Utara, Daerah Khusus Ibukota Jakarta 14130 (Halte ", "jenis_asli": "Reguler", "sumber": "Halte Dinas Bina Marga"}}, {"type": "Feature", "geometry": {"type": "Point", "coordinates": [106.918027, -6.108089]}, "properties": {"jenis": "halte_non_brt", "nama": "Jl. Raya Cilincing RT.15/RW.16, West Semper, Cilincing, North Jakarta City, Jakarta (Halte Masaji)", "jenis_asli": "Reguler", "sumber": "Halte Dinas Bina Marga"}}, {"type": "Feature", "geometry": {"type": "Point", "coordinates": [106.8436, -6.128291]}, "properties": {"jenis": "halte_non_brt", "nama": "Jl. R E Martadinata, RW.10, Pademangan Bar., Kec. Pademangan, Kota Jkt Utara, Daerah Khusus Ibukota Jakarta 14420 (Halte", "jenis_asli": "Reguler", "sumber": "Halte Dinas Bina Marga"}}, {"type": "Feature", "geometry": {"type": "Point", "coordinates": [106.839832, -6.128923]}, "properties": {"jenis": "halte_non_brt", "nama": "Jl. R E Martadinata, RW.10, Pademangan Bar., Kec. Pademangan, Kota Jkt Utara, Daerah Khusus Ibukota Jakarta 14420 (Bawah", "jenis_asli": "Reguler", "sumber": "Halte Dinas Bina Marga"}}, {"type": "Feature", "geometry": {"type": "Point", "coordinates": [106.838478, -6.129197]}, "properties": {"jenis": "halte_non_brt", "nama": "Jl. R E Martadinata 26-17, Pademangan Bar., Kec. Pademangan, Kota Jkt Utara, Daerah Khusus Ibukota Jakarta 14420 (Sampin", "jenis_asli": "Reguler", "sumber": "Halte Dinas Bina Marga"}}, {"type": "Feature", "geometry": {"type": "Point", "coordinates": [106.835481, -6.129741]}, "properties": {"jenis": "halte_non_brt", "nama": "Jl. R E Martadinata 26-17, Pademangan Bar., Kec. Pademangan, Kota Jkt Utara, Daerah Khusus Ibukota Jakarta 14420 (Halte ", "jenis_asli": "Reguler", "sumber": "Halte Dinas Bina Marga"}}, {"type": "Feature", "geometry": {"type": "Point", "coordinates": [106.833381, -6.140967]}, "properties": {"jenis": "halte_non_brt", "nama": "Jl. Gn. Sahari, RT.1/RW.1, Pademangan Bar., Kec. Pademangan, Kota Jkt Utara, Daerah Khusus Ibukota Jakarta 14420 (Sebran", "jenis_asli": "Reguler", "sumber": "Halte Dinas Bina Marga"}}, {"type": "Feature", "geometry": {"type": "Point", "coordinates": [106.833108, -6.14062]}, "properties": {"jenis": "halte_non_brt", "nama": "Jl. Gn. Sahari, RT.1/RW.9, Pademangan Bar., Kec. Pademangan, Kota Jkt Utara, Daerah Khusus Ibukota Jakarta 14420 (Depan ", "jenis_asli": "Reguler", "sumber": "Halte Dinas Bina Marga"}}, {"type": "Feature", "geometry": {"type": "Point", "coordinates": [106.830232, -6.136838]}, "properties": {"jenis": "halte_non_brt", "nama": "Jl. Gn. Sahari No.1, RT.12/RW.6, Pademangan Bar., Kec. Pademangan, Kota Jkt Utara, Daerah Khusus Ibukota Jakarta 14420 (", "jenis_asli": "Reguler", "sumber": "Halte Dinas Bina Marga"}}, {"type": "Feature", "geometry": {"type": "Point", "coordinates": [106.832037, -6.135776]}, "properties": {"jenis": "halte_non_brt", "nama": "Jl. Gn. Sahari, RT.1/RW.13, Pademangan Bar., Kec. Pademangan, Kota Jkt Utara, Daerah Khusus Ibukota Jakarta 14420 (Depan", "jenis_asli": "Reguler", "sumber": "Halte Dinas Bina Marga"}}, {"type": "Feature", "geometry": {"type": "Point", "coordinates": [106.83148, -6.133303]}, "properties": {"jenis": "halte_non_brt", "nama": "Jl. Gn. Sahari No.59, RW.13, Pademangan Bar., Kec. Pademangan, Kota Jkt Utara, Daerah Khusus Ibukota Jakarta 14420 (Samp", "jenis_asli": "Reguler", "sumber": "Halte Dinas Bina Marga"}}, {"type": "Feature", "geometry": {"type": "Point", "coordinates": [106.809809, -6.12654]}, "properties": {"jenis": "halte_non_brt", "nama": "Jl. Krapu 12, RT.1/RW.8, Ancol, Kec. Pademangan, Kota Jkt Utara, Daerah Khusus Ibukota Jakarta 14430 (Depan Pompa Air Pa", "jenis_asli": "Reguler", "sumber": "Halte Dinas Bina Marga"}}, {"type": "Feature", "geometry": {"type": "Point", "coordinates": [106.817885, -6.130902]}, "properties": {"jenis": "halte_non_brt", "nama": "Jl. Lodan Raya, RT.12/RW.2, Ancol, Kec. Pademangan, Kota Jkt Utara, Daerah Khusus Ibukota Jakarta 14430 (Depan UBM)", "jenis_asli": "Reguler", "sumber": "Halte Dinas Bina Marga"}}, {"type": "Feature", "geometry": {"type": "Point", "coordinates": [106.847472, -6.126543]}, "properties": {"jenis": "halte_non_brt", "nama": "Jl. Ancol Timur, Ancol, Kec. Pademangan, Kota Jkt Utara, Daerah Khusus Ibukota Jakarta 14430 (Dekat Tikungan Ancol Timur", "jenis_asli": "Reguler", "sumber": "Halte Dinas Bina Marga"}}, {"type": "Feature", "geometry": {"type": "Point", "coordinates": [106.848249, -6.142346]}, "properties": {"jenis": "halte_non_brt", "nama": "Jl. Benyamin Suaeb, RW.5, Pademangan Tim., Kec. Pademangan, Kota Jkt Utara, Daerah Khusus Ibukota Jakarta 14410 (Halte G", "jenis_asli": "Reguler", "sumber": "Halte Dinas Bina Marga"}}, {"type": "Feature", "geometry": {"type": "Point", "coordinates": [106.849759, -6.148268]}, "properties": {"jenis": "halte_non_brt", "nama": "Jl. Benyamin Suaeb, RW.5, Pademangan Tim., Kec. Pademangan, Kota Jkt Utara, Daerah Khusus Ibukota Jakarta 14410 (Halte G", "jenis_asli": "Reguler", "sumber": "Halte Dinas Bina Marga"}}, {"type": "Feature", "geometry": {"type": "Point", "coordinates": [106.849339, -6.1481]}, "properties": {"jenis": "halte_non_brt", "nama": "Jl. Benyamin Suaeb, Pademangan Tim., Kec. Kemayoran, Kota Jkt Utara, Daerah Khusus Ibukota Jakarta 14410 (Halte Gambir E", "jenis_asli": "Reguler", "sumber": "Halte Dinas Bina Marga"}}, {"type": "Feature", "geometry": {"type": "Point", "coordinates": [106.849075, -6.144766]}, "properties": {"jenis": "halte_non_brt", "nama": "Jl. Benyamin Suaeb, RW.5, Pademangan Tim., Kec. Pademangan, Kota Jkt Utara, Daerah Khusus Ibukota Jakarta 14410 (Halte G", "jenis_asli": "Reguler", "sumber": "Halte Dinas Bina Marga"}}, {"type": "Feature", "geometry": {"type": "Point", "coordinates": [106.855964, -6.134787]}, "properties": {"jenis": "halte_non_brt", "nama": "3. Jl. Danau Sunter Barat (S-U) depan Ruko Griya", "jenis_asli": "Reguler", "sumber": "Halte Dinas Bina Marga"}}, {"type": "Feature", "geometry": {"type": "Point", "coordinates": [106.855922, -6.13436]}, "properties": {"jenis": "halte_non_brt", "nama": "Jl. Danau Sunter Barat dekat Rumah A2.19 serbang", "jenis_asli": "Reguler", "sumber": "Halte Dinas Bina Marga"}}, {"type": "Feature", "geometry": {"type": "Point", "coordinates": [106.861103, -6.151693]}, "properties": {"jenis": "halte_non_brt", "nama": "Jl. Danau Sunter depan Gg Dadap", "jenis_asli": "Reguler", "sumber": "Halte Dinas Bina Marga"}}, {"type": "Feature", "geometry": {"type": "Point", "coordinates": [106.859617, -6.139233]}, "properties": {"jenis": "halte_non_brt", "nama": "Jl. Sunter Agung Utara (S-U) dekat JPO/Halte Busway SMPN (Halte SLTP 140)", "jenis_asli": "Reguler", "sumber": "Halte Dinas Bina Marga"}}, {"type": "Feature", "geometry": {"type": "Point", "coordinates": [106.748653, -6.132761]}, "properties": {"jenis": "halte_non_brt", "nama": "JL. Danau Sunter Utara RT.14/RW.13, Sunter Agung, Tj. Priok, Kota Jkt Utara, Daerah Khusus Ibukota Jakarta 14350 (Halte ", "jenis_asli": "Reguler", "sumber": "Halte Dinas Bina Marga"}}, {"type": "Feature", "geometry": {"type": "Point", "coordinates": [106.869942, -6.137885]}, "properties": {"jenis": "halte_non_brt", "nama": "Jl. Danau Sunter Utara, RT.1/RW.10, Sunter Agung, Tj. Priok, Kota Jkt Utara, Daerah Khusus Ibukota Jakarta 14350 (Halte ", "jenis_asli": "Reguler", "sumber": "Halte Dinas Bina Marga"}}, {"type": "Feature", "geometry": {"type": "Point", "coordinates": [106.891919, -6.136882]}, "properties": {"jenis": "halte_non_brt", "nama": "Jl. Yos Sudarso Jakarta Utara, RT.2/RW.9, Sunter Jaya, Tj. Priok, Kota Jkt Utara, Daerah Khusus Ibukota Jakarta 14360 (H", "jenis_asli": "Reguler", "sumber": "Halte Dinas Bina Marga"}}, {"type": "Feature", "geometry": {"type": "Point", "coordinates": [106.881586, -6.161999]}, "properties": {"jenis": "halte_non_brt", "nama": "Jl. Yos Sudarso, RT.2/RW.9, Sunter Jaya, Tj. Priok, Kota Jkt Utara, Daerah Khusus Ibukota Jakarta 14360 (Halte Cempaka M", "jenis_asli": "Reguler", "sumber": "Halte Dinas Bina Marga"}}, {"type": "Feature", "geometry": {"type": "Point", "coordinates": [106.885607, -6.155068]}, "properties": {"jenis": "halte_non_brt", "nama": "Jl. Yos Sudarso Jakarta Utara, RT.6/RW.11, Sunter Jaya, Tj. Priok, Kota Jkt Utara, Daerah Khusus Ibukota Jakarta 14360 (", "jenis_asli": "Reguler", "sumber": "Halte Dinas Bina Marga"}}, {"type": "Feature", "geometry": {"type": "Point", "coordinates": [106.885575, -6.15524]}, "properties": {"jenis": "halte_non_brt", "nama": "Jl. Yos Sudarso Jakarta Utara, Sunter Jaya, Tj. Priok, Kota Jkt Utara, Daerah Khusus Ibukota Jakarta (Halte Sekolahan)", "jenis_asli": "Reguler", "sumber": "Halte Dinas Bina Marga"}}, {"type": "Feature", "geometry": {"type": "Point", "coordinates": [106.890916, -6.141145]}, "properties": {"jenis": "halte_non_brt", "nama": "Jl. Yos Sudarso, RT.10/RW.11, Sunter Jaya, Tj. Priok, Kota Jkt Utara, Daerah Khusus Ibukota Jakarta 14360 (Halte Artha G", "jenis_asli": "Reguler", "sumber": "Halte Dinas Bina Marga"}}, {"type": "Feature", "geometry": {"type": "Point", "coordinates": [106.886605, -6.153598]}, "properties": {"jenis": "halte_non_brt", "nama": "Jl. Yos Sudarso, RT.3/RW.14, Sungai Bambu, Tj. Priok, Kota Jkt Utara, Daerah Khusus Ibukota Jakarta 14320 (Halte RS Puri", "jenis_asli": "Reguler", "sumber": "Halte Dinas Bina Marga"}}, {"type": "Feature", "geometry": {"type": "Point", "coordinates": [106.893435, -6.128537]}, "properties": {"jenis": "halte_non_brt", "nama": "Jl. Yos Sudarso, RT.5/RW.14, Kb. Bawang, Tj. Priok, Kota Jkt Utara, Daerah Khusus Ibukota Jakarta 14320 (Samping Tanto)", "jenis_asli": "Reguler", "sumber": "Halte Dinas Bina Marga"}}, {"type": "Feature", "geometry": {"type": "Point", "coordinates": [106.892947, -6.115937]}, "properties": {"jenis": "halte_non_brt", "nama": "Jl. Yos Sudarso 23, RT.1/RW.12, Kb. Bawang, Tj. Priok, Kota Jkt Utara, Daerah Khusus Ibukota Jakarta 14320 (Samping Jl. ", "jenis_asli": "Reguler", "sumber": "Halte Dinas Bina Marga"}}, {"type": "Feature", "geometry": {"type": "Point", "coordinates": [106.892922, -6.112465]}, "properties": {"jenis": "halte_non_brt", "nama": "Jl. Yos Sudarso RT.5/RW.2, Koja, North Jakarta City, Jakarta (Halte Kebon Bawang)", "jenis_asli": "Reguler", "sumber": "Halte Dinas Bina Marga"}}, {"type": "Feature", "geometry": {"type": "Point", "coordinates": [106.882832, -6.159912]}, "properties": {"jenis": "halte_non_brt", "nama": "Jl. Yos Sudarso Kodamar RT.010/RW.011 Kelurahan Sunter Jaya Kecamatan Tanjung Priok (Halte Kodamar 2)", "jenis_asli": "Reguler", "sumber": "Halte Dinas Bina Marga"}}, {"type": "Feature", "geometry": {"type": "Point", "coordinates": [106.859322, -6.147981]}, "properties": {"jenis": "halte_non_brt", "nama": "Jl. Danau Sunter Selatan dekat Sekolah Junnele", "jenis_asli": "Reguler", "sumber": "Halte Dinas Bina Marga"}}, {"type": "Feature", "geometry": {"type": "Point", "coordinates": [106.861156, -6.15204]}, "properties": {"jenis": "halte_non_brt", "nama": "Jl. Sunter Jaya Satu (U-S) depan PT.Jaya Makmur Eka", "jenis_asli": "Reguler", "sumber": "Halte Dinas Bina Marga"}}, {"type": "Feature", "geometry": {"type": "Point", "coordinates": [106.857211, -6.124332]}, "properties": {"jenis": "halte_non_brt", "nama": "Jl. R E Martadinata, RT.6/RW.6, Sunter Agung, Tj. Priok, Kota Jkt Utara, Daerah Khusus Ibukota Jakarta 14350 (Samping Jl", "jenis_asli": "Reguler", "sumber": "Halte Dinas Bina Marga"}}, {"type": "Feature", "geometry": {"type": "Point", "coordinates": [106.804509, -6.127428]}, "properties": {"jenis": "halte_brt", "nama": "Jl. Gedong Panjang, RT.10/RW.10, Pekojan, Kec. Tambora, Kota Jakarta Barat, Daerah Khusus Ibukota Jakarta 11240 (Halte G", "jenis_asli": "Busway", "sumber": "Halte Dinas Bina Marga"}}, {"type": "Feature", "geometry": {"type": "Point", "coordinates": [106.802221, -6.134495]}, "properties": {"jenis": "halte_brt", "nama": "Jl. Bandengan Selatan Pekojan, Kec. Tambora, Kota Jakarta Barat, Daerah Khusus Ibukota Jakarta (Halte Busway Bandengan S", "jenis_asli": "Busway", "sumber": "Halte Dinas Bina Marga"}}, {"type": "Feature", "geometry": {"type": "Point", "coordinates": [106.812134, -6.13387]}, "properties": {"jenis": "halte_brt", "nama": "RT.3/RW.6, Roa Malaka, Kec. Tambora, Kota Jakarta Barat, Daerah Khusus Ibukota Jakarta 11230 (Halte Busway Kali Besar)", "jenis_asli": "Busway", "sumber": "Halte Dinas Bina Marga"}}, {"type": "Feature", "geometry": {"type": "Point", "coordinates": [106.811354, -6.133971]}, "properties": {"jenis": "halte_brt", "nama": "Jl. Kunir RT.7/RW.7, Pinangsia, Kec. Taman Sari, Kota Jakarta Barat, Daerah Khusus Ibukota Jakarta 11110 (Halte Busway F", "jenis_asli": "Busway", "sumber": "Halte Dinas Bina Marga"}}, {"type": "Feature", "geometry": {"type": "Point", "coordinates": [106.789755, -6.166727]}, "properties": {"jenis": "halte_brt", "nama": "Jl. Lada RT.8/RW.6, Pinangsia, Kec. Taman Sari, Kota Jakarta Barat, Daerah Khusus Ibukota Jakarta 11110 (Halte Busway St", "jenis_asli": "Busway", "sumber": "Halte Dinas Bina Marga"}}, {"type": "Feature", "geometry": {"type": "Point", "coordinates": [106.816974, -6.152041]}, "properties": {"jenis": "halte_brt", "nama": "Jl. Hayam Wuruk RT.4/RW.9, Maphar, Kec. Taman Sari, Kota Jakarta Barat, Daerah Khusus Ibukota Jakarta 11130 (Halte Buswa", "jenis_asli": "Busway", "sumber": "Halte Dinas Bina Marga"}}, {"type": "Feature", "geometry": {"type": "Point", "coordinates": [106.768477, -6.186975]}, "properties": {"jenis": "halte_non_brt", "nama": "Jl. Panjang 2, RT.19/RW.4, Kedoya Sel., Kec. Kb. Jeruk, Kota Jakarta Barat, Daerah Khusus Ibukota Jakarta 11520 (Depan K", "jenis_asli": "Reguler", "sumber": "Halte Dinas Bina Marga"}}, {"type": "Feature", "geometry": {"type": "Point", "coordinates": [106.768416, -6.18702]}, "properties": {"jenis": "halte_non_brt", "nama": "Jl. Panjang 200-23, RW.1, Kedoya Sel., Kec. Kb. Jeruk, Kota Jakarta Barat, Daerah Khusus Ibukota Jakarta 11520 (Halte To", "jenis_asli": "Reguler", "sumber": "Halte Dinas Bina Marga"}}, {"type": "Feature", "geometry": {"type": "Point", "coordinates": [106.794349, -6.150709]}, "properties": {"jenis": "halte_non_brt", "nama": "Jl. Prof. Dr. Latumenten RT.2/RW.1, Jemb. Besi, Kec. Tambora, Kota Jakarta Barat, Daerah Khusus Ibukota Jakarta (Dekat J", "jenis_asli": "Reguler", "sumber": "Halte Dinas Bina Marga"}}, {"type": "Feature", "geometry": {"type": "Point", "coordinates": [106.794349, -6.150724]}, "properties": {"jenis": "halte_non_brt", "nama": "Jl. Pangeran Tubagus Angke 8, RT.13/RW.7, Jelambar Baru, Kec. Grogol petamburan, Kota Jakarta Barat, Daerah Khusus Ibuko", "jenis_asli": "Reguler", "sumber": "Halte Dinas Bina Marga"}}, {"type": "Feature", "geometry": {"type": "Point", "coordinates": [106.787476, -6.143512]}, "properties": {"jenis": "halte_non_brt", "nama": "Jl. Pangeran Tubagus Angke, Wijaya Kusuma, Kec. Grogol petamburan, Kota Jakarta Barat, Daerah Khusus Ibukota Jakarta 144", "jenis_asli": "Reguler", "sumber": "Halte Dinas Bina Marga"}}, {"type": "Feature", "geometry": {"type": "Point", "coordinates": [106.785617, -6.143727]}, "properties": {"jenis": "halte_non_brt", "nama": "Jl. Pangeran Tubagus Angke, RT.14/RW.11, Jelambar Baru, Kec. Grogol petamburan, Kota Jakarta Barat, Daerah Khusus Ibukot", "jenis_asli": "Reguler", "sumber": "Halte Dinas Bina Marga"}}, {"type": "Feature", "geometry": {"type": "Point", "coordinates": [106.78151, -6.143894]}, "properties": {"jenis": "halte_non_brt", "nama": "Jl. Pangeran Tubagus Angke, RT.1/RW.6, Jelambar Baru, Kec. Grogol petamburan, Kota Jakarta Barat, Daerah Khusus Ibukota ", "jenis_asli": "Reguler", "sumber": "Halte Dinas Bina Marga"}}, {"type": "Feature", "geometry": {"type": "Point", "coordinates": [106.796174, -6.166261]}, "properties": {"jenis": "halte_non_brt", "nama": "Jl. Kyai Tapa, RT.1/RW.2, Grogol, Kec. Grogol petamburan, Kota Jakarta Barat, Daerah Khusus Ibukota Jakarta 11450 (sebra", "jenis_asli": "Reguler", "sumber": "Halte Dinas Bina Marga"}}, {"type": "Feature", "geometry": {"type": "Point", "coordinates": [106.798122, -6.166088]}, "properties": {"jenis": "halte_non_brt", "nama": "Jl. Kyai Tapa Grogol, Kec. Grogol petamburan, Kota Jakarta Barat, Daerah Khusus Ibukota Jakarta (Dekat JPO Sebrang RS Su", "jenis_asli": "Reguler", "sumber": "Halte Dinas Bina Marga"}}, {"type": "Feature", "geometry": {"type": "Point", "coordinates": [106.797287, -6.166139]}, "properties": {"jenis": "halte_non_brt", "nama": "Jl. Prof. Dr. Latumeten 109, Angke, Kec. Tambora, Kota Jakarta Barat, Daerah Khusus Ibukota Jakarta 11330 (Depan JNE)", "jenis_asli": "Reguler", "sumber": "Halte Dinas Bina Marga"}}, {"type": "Feature", "geometry": {"type": "Point", "coordinates": [106.793719, -6.143482]}, "properties": {"jenis": "halte_non_brt", "nama": "Jl. Puri Kembangan 103-49, RT.8/RW.3, Kembangan Sel., Kec. Kb. Jeruk, Kota Jakarta Barat, Daerah Khusus Ibukota Jakarta ", "jenis_asli": "Reguler", "sumber": "Halte Dinas Bina Marga"}}, {"type": "Feature", "geometry": {"type": "Point", "coordinates": [106.94207, -6.249476]}, "properties": {"jenis": "halte_non_brt", "nama": "Jl. Raya Jakarta-Bogor, RT.2/RW.7, Susukan, Kec. Ciracas, Kota Jakarta Timur, Daerah Khusus Ibukota Jakarta 13750 (Depan", "jenis_asli": "Reguler", "sumber": "Halte Dinas Bina Marga"}}, {"type": "Feature", "geometry": {"type": "Point", "coordinates": [106.702648, -6.147233]}, "properties": {"jenis": "halte_non_brt", "nama": "Jl. Peta Barat, RT.1/RW.7, Pegadungan, Kec. Kalideres, Kota Jakarta Barat, Banten 11840 (Perum Citra)", "jenis_asli": "Reguler", "sumber": "Halte Dinas Bina Marga"}}, {"type": "Feature", "geometry": {"type": "Point", "coordinates": [106.702714, -6.148733]}, "properties": {"jenis": "halte_non_brt", "nama": "Jl. Peta Selatan 77-88, RT.10/RW.14, Kalideres, Kec. Kalideres, Kota Jakarta Barat, Daerah Khusus Ibukota Jakarta 11840 ", "jenis_asli": "Reguler", "sumber": "Halte Dinas Bina Marga"}}, {"type": "Feature", "geometry": {"type": "Point", "coordinates": [106.785619, -6.188511]}, "properties": {"jenis": "halte_non_brt", "nama": "Jl. Kemanggisan Utama 6-2, RT.9/RW.9, Kemanggisan, Kec. Palmerah, Kota Jakarta Barat, Daerah Khusus Ibukota Jakarta 1148", "jenis_asli": "Reguler", "sumber": "Halte Dinas Bina Marga"}}, {"type": "Feature", "geometry": {"type": "Point", "coordinates": [106.78849, -6.189409]}, "properties": {"jenis": "halte_non_brt", "nama": "Jl. Kemanggisan Utama No.2, RT.2/RW.7, Kemanggisan, Kec. Palmerah, Kota Jakarta Barat, Daerah Khusus Ibukota Jakarta 114", "jenis_asli": "Reguler", "sumber": "Halte Dinas Bina Marga"}}, {"type": "Feature", "geometry": {"type": "Point", "coordinates": [106.794395, -6.189674]}, "properties": {"jenis": "halte_non_brt", "nama": "Jl. Kemanggisan Utama, RT.10/RW.1, Kemanggisan, Kec. Palmerah, Kota Jakarta Barat, Daerah Khusus Ibukota Jakarta 11480 (", "jenis_asli": "Reguler", "sumber": "Halte Dinas Bina Marga"}}, {"type": "Feature", "geometry": {"type": "Point", "coordinates": [106.773003, -6.162578]}, "properties": {"jenis": "halte_non_brt", "nama": "Daan Mogot Barat Jakarta, Barat Jakarta City, Jakarta 11520 (Halte Depan KFC)", "jenis_asli": "Reguler", "sumber": "Halte Dinas Bina Marga"}}, {"type": "Feature", "geometry": {"type": "Point", "coordinates": [106.773207, -6.162488]}, "properties": {"jenis": "halte_non_brt", "nama": "Daan Mogot Barat Jakarta, Barat Jakarta City, Jakarta 11520 (Halte SMP Islam)", "jenis_asli": "Reguler", "sumber": "Halte Dinas Bina Marga"}}, {"type": "Feature", "geometry": {"type": "Point", "coordinates": [106.7789, -6.164909]}, "properties": {"jenis": "halte_non_brt", "nama": "Daan Mogot Barat Jakarta, RT.6/RW.5, Duri Kepa, Kebonjeruk, Barat Jakarta City, Jakarta 11510 (Halte Daan Mogot)", "jenis_asli": "Reguler", "sumber": "Halte Dinas Bina Marga"}}, {"type": "Feature", "geometry": {"type": "Point", "coordinates": [106.757546, -6.157193]}, "properties": {"jenis": "halte_non_brt", "nama": "Daan Mogot Kedaung Kali Angke, Cengkareng, Barat Jakarta City, Jakarta (Halte Taman Kota 2)", "jenis_asli": "Reguler", "sumber": "Halte Dinas Bina Marga"}}, {"type": "Feature", "geometry": {"type": "Point", "coordinates": [106.733242, -6.154938]}, "properties": {"jenis": "halte_non_brt", "nama": "Daan Mogot Rd, RT.10/RW.1, East Cengkareng, Cengkareng, West Jakarta City, Jakarta 11730  (Halte SDN 02)", "jenis_asli": "Reguler", "sumber": "Halte Dinas Bina Marga"}}, {"type": "Feature", "geometry": {"type": "Point", "coordinates": [106.757546, -6.157193]}, "properties": {"jenis": "halte_non_brt", "nama": "Daan Mogot Kedaung Kali Angke, Cengkareng, Barat Jakarta City, Jakarta (Halte Taman Kota)", "jenis_asli": "Reguler", "sumber": "Halte Dinas Bina Marga"}}, {"type": "Feature", "geometry": {"type": "Point", "coordinates": [106.759831, -6.157912]}, "properties": {"jenis": "halte_non_brt", "nama": "Daan Mogot Rd 102-101, RT.1/RW.8, Kedaung Kali Angke, Cengkareng, West Jakarta City, Jakarta 11710 (Halte Pabrik Es)", "jenis_asli": "Reguler", "sumber": "Halte Dinas Bina Marga"}}, {"type": "Feature", "geometry": {"type": "Point", "coordinates": [106.778227, -6.213509]}, "properties": {"jenis": "halte_non_brt", "nama": "Jl. Raya Kby. Lama No.7, RT.1/RW.1, Sukabumi Utara, Kec. Kb. Jeruk, Kota Jakarta Barat, Daerah Khusus Ibukota Jakarta 11", "jenis_asli": "Reguler", "sumber": "Halte Dinas Bina Marga"}}, {"type": "Feature", "geometry": {"type": "Point", "coordinates": [106.783548, -6.211863]}, "properties": {"jenis": "halte_non_brt", "nama": "Jl. Rw. Belong 88-80, RT.6/RW.12, Palmerah, Kec. Palmerah, Kota Jakarta Barat, Daerah Khusus Ibukota Jakarta 11530 (Depa", "jenis_asli": "Reguler", "sumber": "Halte Dinas Bina Marga"}}, {"type": "Feature", "geometry": {"type": "Point", "coordinates": [106.782363, -6.199507]}, "properties": {"jenis": "halte_non_brt", "nama": "Jl. Raya Kb. Jeruk 46-24, Kb. Jeruk, Kec. Kb. Jeruk, Kota Jakarta Barat, Daerah Khusus Ibukota Jakarta 11530 (Depan Yaya", "jenis_asli": "Reguler", "sumber": "Halte Dinas Bina Marga"}}, {"type": "Feature", "geometry": {"type": "Point", "coordinates": [106.781625, -6.198851]}, "properties": {"jenis": "halte_non_brt", "nama": "RT.4/RW.7, Duri Kepa, Kec. Kb. Jeruk, Kota Jakarta Barat, Daerah Khusus Ibukota Jakarta 11510 (PKBM Negeri 30)", "jenis_asli": "Reguler", "sumber": "Halte Dinas Bina Marga"}}, {"type": "Feature", "geometry": {"type": "Point", "coordinates": [106.79758, -6.16637]}, "properties": {"jenis": "halte_non_brt", "nama": "Jl. Kyai Tapa 1, Tomang, Kec. Grogol petamburan, Kota Jakarta Barat, Daerah Khusus Ibukota Jakarta 11440 (Bawah JPO Busw", "jenis_asli": "Reguler", "sumber": "Halte Dinas Bina Marga"}}, {"type": "Feature", "geometry": {"type": "Point", "coordinates": [106.773382, -6.185359]}, "properties": {"jenis": "halte_non_brt", "nama": "Jl. Kebon Raya, RT.1/RW.2, Duri Kepa, Kec. Kb. Jeruk, Kota Jakarta Barat, Daerah Khusus Ibukota Jakarta 11510 (Halte Sek", "jenis_asli": "Reguler", "sumber": "Halte Dinas Bina Marga"}}, {"type": "Feature", "geometry": {"type": "Point", "coordinates": [106.775545, -6.186117]}, "properties": {"jenis": "halte_non_brt", "nama": "JL. Lontar, Blok J III Kav. 323, RT.8/RW.7, Tj. Duren Utara, Kec. Grogol petamburan, Kota Jakarta Barat, Daerah Khusus I", "jenis_asli": "Reguler", "sumber": "Halte Dinas Bina Marga"}}, {"type": "Feature", "geometry": {"type": "Point", "coordinates": [106.77943, -6.186287]}, "properties": {"jenis": "halte_non_brt", "nama": "Jl. Tanjung Duren Raya 21-137, RT.4/RW.2, Tj. Duren Sel., Kec. Grogol petamburan, Kota Jakarta Barat, Daerah Khusus Ibuk", "jenis_asli": "Reguler", "sumber": "Halte Dinas Bina Marga"}}, {"type": "Feature", "geometry": {"type": "Point", "coordinates": [106.747688, -6.217267]}, "properties": {"jenis": "halte_non_brt", "nama": "Jl. Tanjung Duren Raya 4, RT.12/RW.2, Tj. Duren Utara, Kec. Grogol petamburan, Kota Jakarta Barat, Daerah Khusus Ibukota", "jenis_asli": "Reguler", "sumber": "Halte Dinas Bina Marga"}}, {"type": "Feature", "geometry": {"type": "Point", "coordinates": [106.780011, -6.177749]}, "properties": {"jenis": "halte_non_brt", "nama": "Jl. Tanjung Duren Barat 43, RT.9/RW.5, Tj. Duren Utara, Kec. Grogol petamburan, Kota Jakarta Barat, Daerah Khusus Ibukot", "jenis_asli": "Reguler", "sumber": "Halte Dinas Bina Marga"}}, {"type": "Feature", "geometry": {"type": "Point", "coordinates": [106.779978, -6.175752]}, "properties": {"jenis": "halte_non_brt", "nama": "Jl. Tanjung Duren Barat 1-10, RT.14/RW.5, Tj. Duren Utara, Kec. Grogol petamburan, Kota Jakarta Barat, Daerah Khusus Ibu", "jenis_asli": "Reguler", "sumber": "Halte Dinas Bina Marga"}}, {"type": "Feature", "geometry": {"type": "Point", "coordinates": [106.73078, -6.123472]}, "properties": {"jenis": "halte_non_brt", "nama": "Jl. Outer Ringroad Lingkar Luar Jakarta Barat, RT.12/RW.11, Cengkareng Tim., Kecamatan Cengkareng, Kota Jakarta Barat, D", "jenis_asli": "Reguler", "sumber": "Halte Dinas Bina Marga"}}, {"type": "Feature", "geometry": {"type": "Point", "coordinates": [106.729823, -6.130331]}, "properties": {"jenis": "halte_non_brt", "nama": "Jl. Lkr. Luar Barat, RT.3/RW.8, Cengkareng Bar., Kecamatan Cengkareng, Kota Jakarta Barat, Daerah Khusus Ibukota Jakarta", "jenis_asli": "Reguler", "sumber": "Halte Dinas Bina Marga"}}, {"type": "Feature", "geometry": {"type": "Point", "coordinates": [106.790367, -6.173234]}, "properties": {"jenis": "halte_non_brt", "nama": "Jl. Letjen S. Parman, RT.12/RW.1, Tomang, Kec. Grogol petamburan, Kota Jakarta Barat, Daerah Khusus Ibukota Jakarta 1144", "jenis_asli": "Reguler", "sumber": "Halte Dinas Bina Marga"}}, {"type": "Feature", "geometry": {"type": "Point", "coordinates": [106.799101, -6.201074]}, "properties": {"jenis": "halte_non_brt", "nama": "Jl. Palmerah Utara 49-55, RT.1/RW.1, Palmerah, Kec. Palmerah, Kota Jakarta Barat, Daerah Khusus Ibukota Jakarta 11480 (D", "jenis_asli": "Reguler", "sumber": "Halte Dinas Bina Marga"}}, {"type": "Feature", "geometry": {"type": "Point", "coordinates": [106.768795, -6.196296]}, "properties": {"jenis": "halte_non_brt", "nama": "Jl. Panjang Arteri Klp. Dua Raya 2, RT.4/RW.10, Kb. Jeruk, Kec. Kb. Jeruk, Kota Jakarta Barat, Daerah Khusus Ibukota Jak", "jenis_asli": "Reguler", "sumber": "Halte Dinas Bina Marga"}}, {"type": "Feature", "geometry": {"type": "Point", "coordinates": [106.768922, -6.194618]}, "properties": {"jenis": "halte_non_brt", "nama": "Jl. Panjang, RT.5/RW.10, Kb. Jeruk, Kec. Kb. Jeruk, Kota Jakarta Barat, Daerah Khusus Ibukota Jakarta 11530 (Halte Depan", "jenis_asli": "Reguler", "sumber": "Halte Dinas Bina Marga"}}, {"type": "Feature", "geometry": {"type": "Point", "coordinates": [106.768434, -6.185768]}, "properties": {"jenis": "halte_non_brt", "nama": "Jl. Panjang, RT.19, Kedoya Sel., Kec. Kb. Jeruk, Kota Jakarta Barat, Daerah Khusus Ibukota Jakarta 11520 (Halte Depan Bu", "jenis_asli": "Reguler", "sumber": "Halte Dinas Bina Marga"}}, {"type": "Feature", "geometry": {"type": "Point", "coordinates": [106.728699, -6.144554]}, "properties": {"jenis": "halte_non_brt", "nama": "Jl. Kamal Raya 32-35, RT.3/RW.6, Cengkareng Bar., Kecamatan Cengkareng, Kota Jakarta Barat, Daerah Khusus Ibukota Jakart", "jenis_asli": "Reguler", "sumber": "Halte Dinas Bina Marga"}}, {"type": "Feature", "geometry": {"type": "Point", "coordinates": [106.72989, -6.134741]}, "properties": {"jenis": "halte_non_brt", "nama": "Jl. Lkr. Luar Barat, RT.7/RW.8, Cengkareng Bar., Kecamatan Cengkareng, Kota Jakarta Barat, Daerah Khusus Ibukota Jakarta", "jenis_asli": "Reguler", "sumber": "Halte Dinas Bina Marga"}}, {"type": "Feature", "geometry": {"type": "Point", "coordinates": [106.738168, -6.187203]}, "properties": {"jenis": "halte_non_brt", "nama": "Jl. Pesanggrahan, RT.2/RW.7, Kembangan Sel., Kec. Kembangan, Kota Jakarta Barat, Daerah Khusus Ibukota Jakarta 11610 (Sa", "jenis_asli": "Reguler", "sumber": "Halte Dinas Bina Marga"}}, {"type": "Feature", "geometry": {"type": "Point", "coordinates": [106.73806, -6.187191]}, "properties": {"jenis": "halte_non_brt", "nama": "Jl. Pesanggrahan 54-15, RT.2/RW.7, Kembangan Sel., Kec. Kembangan, Kota Jakarta Barat, Daerah Khusus Ibukota Jakarta 116", "jenis_asli": "Reguler", "sumber": "Halte Dinas Bina Marga"}}, {"type": "Feature", "geometry": {"type": "Point", "coordinates": [106.755789, -6.188865]}, "properties": {"jenis": "halte_non_brt", "nama": "Jl. Pesanggrahan, RT.2/RW.7, Kembangan Sel., Kec. Kembangan, Kota Jakarta Barat, Daerah Khusus Ibukota Jakarta 11610 (Sa", "jenis_asli": "Reguler", "sumber": "Halte Dinas Bina Marga"}}, {"type": "Feature", "geometry": {"type": "Point", "coordinates": [106.729827, -6.219025]}, "properties": {"jenis": "halte_non_brt", "nama": "Jl. Srengseng Raya 60, RT.6, Srengseng, Kec. Kembangan, Kota Jakarta Barat, Daerah Khusus Ibukota Jakarta 11630 (Halte P", "jenis_asli": "Reguler", "sumber": "Halte Dinas Bina Marga"}}, {"type": "Feature", "geometry": {"type": "Point", "coordinates": [106.723041, -6.220435]}, "properties": {"jenis": "halte_non_brt", "nama": "Jl. Srengseng Raya 3-118, RT.3/RW.3, Srengseng, Kec. Kembangan, Kota Jakarta Barat, Daerah Khusus Ibukota Jakarta 11630 ", "jenis_asli": "Reguler", "sumber": "Halte Dinas Bina Marga"}}, {"type": "Feature", "geometry": {"type": "Point", "coordinates": [106.80188, -6.175738]}, "properties": {"jenis": "halte_non_brt", "nama": "Jl. Tomang Raya, RT.5/RW.1, Jatipulo, Kec. Palmerah, Kota Jakarta Barat, Daerah Khusus Ibukota Jakarta 11440 (ATM Bank L", "jenis_asli": "Reguler", "sumber": "Halte Dinas Bina Marga"}}, {"type": "Feature", "geometry": {"type": "Point", "coordinates": [106.759897, -6.215105]}, "properties": {"jenis": "halte_non_brt", "nama": "Jl. Joglo Raya 106, RT.14/RW.2, Joglo, Kec. Kembangan, Kota Jakarta Barat, Daerah Khusus Ibukota Jakarta 11640 (Depan Ri", "jenis_asli": "Reguler", "sumber": "Halte Dinas Bina Marga"}}, {"type": "Feature", "geometry": {"type": "Point", "coordinates": [106.723041, -6.220435]}, "properties": {"jenis": "halte_non_brt", "nama": "Jl. Joglo Raya 57, RT.1/RW.6, Joglo, Kec. Kembangan, Kota Jakarta Barat, Daerah Khusus Ibukota Jakarta 11640 (Halte Elsh", "jenis_asli": "Reguler", "sumber": "Halte Dinas Bina Marga"}}, {"type": "Feature", "geometry": {"type": "Point", "coordinates": [106.79281, -6.207784]}, "properties": {"jenis": "halte_non_brt", "nama": "Jl. Gajah Mada 112-96, RT.1/RW.1, Krukut, Kec. Taman Sari, Kota Jakarta Barat, Daerah Khusus Ibukota Jakarta 11140 (Depa", "jenis_asli": "Reguler", "sumber": "Halte Dinas Bina Marga"}}, {"type": "Feature", "geometry": {"type": "Point", "coordinates": [106.815432, -6.145062]}, "properties": {"jenis": "halte_non_brt", "nama": "Jl. Gajah Mada 213, RT.1/RW.6, Glodok, Kec. Taman Sari, Kota Jakarta Barat, Daerah Khusus Ibukota Jakarta 11120 (Halte G", "jenis_asli": "Reguler", "sumber": "Halte Dinas Bina Marga"}}, {"type": "Feature", "geometry": {"type": "Point", "coordinates": [106.792933, -6.176269]}, "properties": {"jenis": "halte_non_brt", "nama": "Jl. Letjen S. Parman, RT.12/RW.1, Tomang, Kec. Grogol petamburan, Kota Jakarta Barat, Daerah Khusus Ibukota Jakarta 1144", "jenis_asli": "Reguler", "sumber": "Halte Dinas Bina Marga"}}, {"type": "Feature", "geometry": {"type": "Point", "coordinates": [106.818285, -6.155608]}, "properties": {"jenis": "halte_non_brt", "nama": "Hayam Wuruk Barat Jakarta, RT.9/RW.5, Maphar, Taman Sari, Barat Jakarta City, Jakarta 11140 (Halte Masjid 2)", "jenis_asli": "Reguler", "sumber": "Halte Dinas Bina Marga"}}, {"type": "Feature", "geometry": {"type": "Point", "coordinates": [106.818297, -6.155544]}, "properties": {"jenis": "halte_non_brt", "nama": "Hayam Wuruk St 96-20, RT.9/RW.5, Maphar, Taman Sari, Barat Jakarta City, Jakarta 11140 (Halte Masjid)", "jenis_asli": "Reguler", "sumber": "Halte Dinas Bina Marga"}}, {"type": "Feature", "geometry": {"type": "Point", "coordinates": [106.79371, -6.143511]}, "properties": {"jenis": "halte_non_brt", "nama": "Jl. Prof. Dr. Latumeten 109, Angke, Kec. Tambora, Kota Jakarta Barat, Daerah Khusus Ibukota Jakarta 11330 (Depan Gerai C", "jenis_asli": "Reguler", "sumber": "Halte Dinas Bina Marga"}}, {"type": "Feature", "geometry": {"type": "Point", "coordinates": [106.760819, -6.180458]}, "properties": {"jenis": "halte_non_brt", "nama": "Jl. Kedoya Raya 22-1, RT.5/RW.2, Kedoya Sel., Kec. Kb. Jeruk, Kota Jakarta Barat, Daerah Khusus Ibukota Jakarta 11520 (H", "jenis_asli": "Reguler", "sumber": "Halte Dinas Bina Marga"}}, {"type": "Feature", "geometry": {"type": "Point", "coordinates": [106.764464, -6.166609]}, "properties": {"jenis": "halte_non_brt", "nama": "Jl. Kedoya Raya 24, RT.6/RW.7, Kedoya Utara, Kec. Kb. Jeruk, Kota Jakarta Barat, Daerah Khusus Ibukota Jakarta 11520 (Ha", "jenis_asli": "Reguler", "sumber": "Halte Dinas Bina Marga"}}, {"type": "Feature", "geometry": {"type": "Point", "coordinates": [106.757905, -6.17707]}, "properties": {"jenis": "halte_non_brt", "nama": "Jl. Kedoya Raya 26. RT02/RW02., RT.2/RW.2, Selatan Kedoya, Kebonjeruk, Barat Jakarta City, Jakarta 11520 (Halte SPBU)", "jenis_asli": "Reguler", "sumber": "Halte Dinas Bina Marga"}}, {"type": "Feature", "geometry": {"type": "Point", "coordinates": [106.7574, -6.178175]}, "properties": {"jenis": "halte_non_brt", "nama": "Jl. Kedoya Raya 6, RT.2/RW.2, Kedoya Sel., Kec. Kb. Jeruk, Kota Jakarta Barat, Daerah Khusus Ibukota Jakarta 11520 (Halt", "jenis_asli": "Reguler", "sumber": "Halte Dinas Bina Marga"}}, {"type": "Feature", "geometry": {"type": "Point", "coordinates": [106.792933, -6.176269]}, "properties": {"jenis": "halte_non_brt", "nama": "Jl. Letjen S. Parman, RT.12/RW.1, Tomang, Kec. Grogol petamburan, Kota Jakarta Barat, Daerah Khusus Ibukota Jakarta 1144", "jenis_asli": "Reguler", "sumber": "Halte Dinas Bina Marga"}}, {"type": "Feature", "geometry": {"type": "Point", "coordinates": [106.754552, -6.185443]}, "properties": {"jenis": "halte_non_brt", "nama": "Jl. Batusari Raya, RT.1/RW.9, Kb. Jeruk, Kec. Kb. Jeruk, Kota Jakarta Barat, Daerah Khusus Ibukota Jakarta 11530 (Depan ", "jenis_asli": "Reguler", "sumber": "Halte Dinas Bina Marga"}}, {"type": "Feature", "geometry": {"type": "Point", "coordinates": [106.817108, -6.152022]}, "properties": {"jenis": "halte_non_brt", "nama": "Jakarta Barat, Jl. Gajah Mada RT.4/RW.6, Mangga Besar, Kec. Taman Sari, Kota Jakarta Barat, Daerah Khusus Ibukota Jakart", "jenis_asli": "Reguler", "sumber": "Halte Dinas Bina Marga"}}, {"type": "Feature", "geometry": {"type": "Point", "coordinates": [106.816186, -6.146232]}, "properties": {"jenis": "halte_non_brt", "nama": "Komp Pertokoan Lindeteves Trade Center GF-2 RA 38-39 Jl. Hayam Wuruk No. 127, RT.1/RW.6, Mangga Besar, Jakarta, Barat Ja", "jenis_asli": "Reguler", "sumber": "Halte Dinas Bina Marga"}}, {"type": "Feature", "geometry": {"type": "Point", "coordinates": [106.819341, -6.160162]}, "properties": {"jenis": "halte_non_brt", "nama": "Jl. Hayam Wuruk Jakarta Pusat, RT.14/RW.1, Kb. Klp., Kecamatan Gambir, Kota Jakarta Pusat, Daerah Khusus Ibukota Jakarta", "jenis_asli": "Reguler", "sumber": "Halte Dinas Bina Marga"}}, {"type": "Feature", "geometry": {"type": "Point", "coordinates": [106.818305, -6.155595]}, "properties": {"jenis": "halte_non_brt", "nama": "Jl. Hayam Wuruk, RT.9/RW.5, Maphar, Kec. Taman Sari, Kota Jakarta Barat, Daerah Khusus Ibukota Jakarta 11140 (Depan Perm", "jenis_asli": "Reguler", "sumber": "Halte Dinas Bina Marga"}}, {"type": "Feature", "geometry": {"type": "Point", "coordinates": [106.816179, -6.146566]}, "properties": {"jenis": "halte_non_brt", "nama": "LTC Glodok Lt 2 Blok A 2, Jl. Hayam Wuruk No.127, RT.1, RT.1/RW.6, Mangga Besar, Kec. Taman Sari, Kota Jakarta Barat, Da", "jenis_asli": "Reguler", "sumber": "Halte Dinas Bina Marga"}}, {"type": "Feature", "geometry": {"type": "Point", "coordinates": [106.81647, -6.147925]}, "properties": {"jenis": "halte_non_brt", "nama": "Jl. Hayam Wuruk No.125 I, RT.2/RW.6, Mangga Besar, Kec. Taman Sari, Kota Jakarta Barat, Daerah Khusus Ibukota Jakarta 11", "jenis_asli": "Reguler", "sumber": "Halte Dinas Bina Marga"}}, {"type": "Feature", "geometry": {"type": "Point", "coordinates": [106.816303, -6.148746]}, "properties": {"jenis": "halte_non_brt", "nama": "Jl. Gajah Mada Barat Jakarta, Keagungan, Taman Sari, Barat Jakarta City, Jakarta (Halte SMA 2 II)", "jenis_asli": "Reguler", "sumber": "Halte Dinas Bina Marga"}}, {"type": "Feature", "geometry": {"type": "Point", "coordinates": [106.816161, -6.148444]}, "properties": {"jenis": "halte_non_brt", "nama": "Jl. Gajah Mada Barat Jakarta, Keagungan, Taman Sari, Barat Jakarta City, Jakarta (Halte The food Place)", "jenis_asli": "Reguler", "sumber": "Halte Dinas Bina Marga"}}, {"type": "Feature", "geometry": {"type": "Point", "coordinates": [106.792709, -6.176051]}, "properties": {"jenis": "halte_non_brt", "nama": "Jl. Letjen S. Parman, RT.12/RW.2, Tj. Duren Utara, Kec. Grogol petamburan, Kota Jakarta Barat, Daerah Khusus Ibukota Jak", "jenis_asli": "Reguler", "sumber": "Halte Dinas Bina Marga"}}, {"type": "Feature", "geometry": {"type": "Point", "coordinates": [106.78772, -6.169648]}, "properties": {"jenis": "halte_non_brt", "nama": "Jakarta Barat, RT.8/RW.1, Tj. Duren Utara, Kec. Grogol petamburan, Kota Jakarta Barat, Daerah Khusus Ibukota Jakarta 114", "jenis_asli": "Reguler", "sumber": "Halte Dinas Bina Marga"}}, {"type": "Feature", "geometry": {"type": "Point", "coordinates": [106.787074, -6.166765]}, "properties": {"jenis": "halte_non_brt", "nama": "Jl. Daan Mogot 166-13, RT.8/RW.1, Tj. Duren Utara, Kec. Grogol petamburan, Kota Jakarta Barat, Daerah Khusus Ibukota Jak", "jenis_asli": "Reguler", "sumber": "Halte Dinas Bina Marga"}}, {"type": "Feature", "geometry": {"type": "Point", "coordinates": [106.779214, -6.165021]}, "properties": {"jenis": "halte_non_brt", "nama": "Jl. Daan Mogot, RT.10/RW.8, Kedoya Utara, Kec. Kb. Jeruk, Kota Jakarta Barat, Daerah Khusus Ibukota Jakarta 11520 (Depan", "jenis_asli": "Reguler", "sumber": "Halte Dinas Bina Marga"}}, {"type": "Feature", "geometry": {"type": "Point", "coordinates": [106.786981, -6.166739]}, "properties": {"jenis": "halte_non_brt", "nama": "Jl. Daan Mogot 95-119, RT.6/RW.5, Duri Kepa, Kec. Kb. Jeruk, Kota Jakarta Barat, Daerah Khusus Ibukota Jakarta 11510 (De", "jenis_asli": "Reguler", "sumber": "Halte Dinas Bina Marga"}}, {"type": "Feature", "geometry": {"type": "Point", "coordinates": [106.764136, -6.158533]}, "properties": {"jenis": "halte_non_brt", "nama": "Jl. Daan Mogot, RT.1/RW.5, Kedaung Kali Angke, Kecamatan Cengkareng, Kota Jakarta Barat, Daerah Khusus Ibukota Jakarta 1", "jenis_asli": "Reguler", "sumber": "Halte Dinas Bina Marga"}}, {"type": "Feature", "geometry": {"type": "Point", "coordinates": [106.764066, -6.158552]}, "properties": {"jenis": "halte_non_brt", "nama": "Jl. Daan Mogot, RW.2, Kedaung Kali Angke, Kecamatan Cengkareng, Kota Jakarta Barat, Daerah Khusus Ibukota Jakarta 11710 ", "jenis_asli": "Reguler", "sumber": "Halte Dinas Bina Marga"}}, {"type": "Feature", "geometry": {"type": "Point", "coordinates": [106.759816, -6.157882]}, "properties": {"jenis": "halte_non_brt", "nama": "Jl. Daan Mogot, RT.1/RW.8, Kedaung Kali Angke, Kecamatan Cengkareng, Kota Jakarta Barat, Daerah Khusus Ibukota Jakarta 1", "jenis_asli": "Reguler", "sumber": "Halte Dinas Bina Marga"}}, {"type": "Feature", "geometry": {"type": "Point", "coordinates": [106.757761, -6.157237]}, "properties": {"jenis": "halte_non_brt", "nama": "Jl. Daan Mogot RT.1/RW.8, Kedaung Kali Angke, Kecamatan Cengkareng, Kota Jakarta Barat, Daerah Khusus Ibukota Jakarta 11", "jenis_asli": "Reguler", "sumber": "Halte Dinas Bina Marga"}}, {"type": "Feature", "geometry": {"type": "Point", "coordinates": [106.757531, -6.15718]}, "properties": {"jenis": "halte_non_brt", "nama": "Jl. Daan Mogot No.187, RT.2/RW.8, Kedaung Kali Angke, Kecamatan Cengkareng, Kota Jakarta Barat, Daerah Khusus Ibukota Ja", "jenis_asli": "Reguler", "sumber": "Halte Dinas Bina Marga"}}, {"type": "Feature", "geometry": {"type": "Point", "coordinates": [106.74912, -6.155587]}, "properties": {"jenis": "halte_non_brt", "nama": "Jl. Daan Mogot RT.6/RW.3, Kedaung Kali Angke, Kecamatan Cengkareng, Kota Jakarta Barat, Daerah Khusus Ibukota Jakarta 11", "jenis_asli": "Reguler", "sumber": "Halte Dinas Bina Marga"}}, {"type": "Feature", "geometry": {"type": "Point", "coordinates": [106.741938, -6.154847]}, "properties": {"jenis": "halte_non_brt", "nama": "Jl. Daan Mogot, RT.5/RW.3, Wijaya Kusuma, Kec. Grogol petamburan, Kota Jakarta Barat, Daerah Khusus Ibukota Jakarta 1146", "jenis_asli": "Reguler", "sumber": "Halte Dinas Bina Marga"}}, {"type": "Feature", "geometry": {"type": "Point", "coordinates": [106.773298, -6.162556]}, "properties": {"jenis": "halte_non_brt", "nama": "Jl. Daan Mogot, RT.4/RW.2, Wijaya Kusuma, Kec. Grogol petamburan, Kota Jakarta Barat, Daerah Khusus Ibukota Jakarta 1151", "jenis_asli": "Reguler", "sumber": "Halte Dinas Bina Marga"}}, {"type": "Feature", "geometry": {"type": "Point", "coordinates": [106.78721, -6.166861]}, "properties": {"jenis": "halte_non_brt", "nama": "Jl. Daan MogotRT.8/RW.4, Jelambar, Kec. Grogol petamburan, Kota Jakarta Barat, Daerah Khusus Ibukota Jakarta 11460 (Halt", "jenis_asli": "Reguler", "sumber": "Halte Dinas Bina Marga"}}, {"type": "Feature", "geometry": {"type": "Point", "coordinates": [106.78741, -6.16661]}, "properties": {"jenis": "halte_non_brt", "nama": "Jl. Prof. Dr. Latumeten, RT.1/RW.4, Jelambar, Kec. Grogol petamburan, Kota Jakarta Barat, Daerah Khusus Ibukota Jakarta ", "jenis_asli": "Reguler", "sumber": "Halte Dinas Bina Marga"}}, {"type": "Feature", "geometry": {"type": "Point", "coordinates": [106.79758, -6.166333]}, "properties": {"jenis": "halte_non_brt", "nama": "Jl. Kyai Tapa 1, RT.6/RW.16, Tomang, Kec. Grogol petamburan, Kota Jakarta Barat, Daerah Khusus Ibukota Jakarta 11440 (De", "jenis_asli": "Reguler", "sumber": "Halte Dinas Bina Marga"}}, {"type": "Feature", "geometry": {"type": "Point", "coordinates": [106.790211, -6.166883]}, "properties": {"jenis": "halte_non_brt", "nama": "Jl. Kyai Tapa 1, RT.6/RW.16, Tomang, Kec. Grogol petamburan, Kota Jakarta Barat, Daerah Khusus Ibukota Jakarta 11440 (Di", "jenis_asli": "Reguler", "sumber": "Halte Dinas Bina Marga"}}, {"type": "Feature", "geometry": {"type": "Point", "coordinates": [106.790385, -6.166872]}, "properties": {"jenis": "halte_non_brt", "nama": "Jl. Kyai Tapa 1, Tomang, Kec. Grogol petamburan, Kota Jakarta Barat, Daerah Khusus Ibukota Jakarta 11440 (Di Bawah JPO B", "jenis_asli": "Reguler", "sumber": "Halte Dinas Bina Marga"}}, {"type": "Feature", "geometry": {"type": "Point", "coordinates": [106.779853, -6.181675]}, "properties": {"jenis": "halte_non_brt", "nama": "Jl. Patra Jakarta Barat, RT.3/RW.2, Duri Kepa, Kec. Kb. Jeruk, Kota Jakarta Barat, Daerah Khusus Ibukota Jakarta 11510 (", "jenis_asli": "Reguler", "sumber": "Halte Dinas Bina Marga"}}, {"type": "Feature", "geometry": {"type": "Point", "coordinates": [106.775086, -6.186476]}, "properties": {"jenis": "halte_non_brt", "nama": "Jl. Duri Kepa Raya 9-73, RT.1/RW.2, Duri Kepa, Kec. Kb. Jeruk, Kota Jakarta Barat, Daerah Khusus Ibukota Jakarta 11510 (", "jenis_asli": "Reguler", "sumber": "Halte Dinas Bina Marga"}}, {"type": "Feature", "geometry": {"type": "Point", "coordinates": [106.730543, -6.154651]}, "properties": {"jenis": "halte_non_brt", "nama": "1. Jl. Daan Mogot (T-B) dekat jembatan/Halte Busway", "jenis_asli": "Reguler", "sumber": "Halte Dinas Bina Marga"}}, {"type": "Feature", "geometry": {"type": "Point", "coordinates": [106.726901, -6.157636]}, "properties": {"jenis": "halte_non_brt", "nama": "2. Jl. Daan Mogot (B-T) dekat Supreme Cable Kalideres", "jenis_asli": "Reguler", "sumber": "Halte Dinas Bina Marga"}}, {"type": "Feature", "geometry": {"type": "Point", "coordinates": [106.703962, -6.125986]}, "properties": {"jenis": "halte_non_brt", "nama": "3. Jl. Satu Maret (T-B) depan SMA Negeri 95 Kalideres", "jenis_asli": "Reguler", "sumber": "Halte Dinas Bina Marga"}}, {"type": "Feature", "geometry": {"type": "Point", "coordinates": [106.867635, -6.232696]}, "properties": {"jenis": "halte_non_brt", "nama": "Jl. Peta Utara (S-U) depan Gelanggang Remaja", "jenis_asli": "Reguler", "sumber": "Halte Dinas Bina Marga"}}, {"type": "Feature", "geometry": {"type": "Point", "coordinates": [106.867635, -6.232696]}, "properties": {"jenis": "halte_non_brt", "nama": "Jl. Peta Utara (S-U) seberang Sekolah SMK PGRI", "jenis_asli": "Reguler", "sumber": "Halte Dinas Bina Marga"}}, {"type": "Feature", "geometry": {"type": "Point", "coordinates": [106.728004, -6.145989]}, "properties": {"jenis": "halte_non_brt", "nama": "Jl. Peta Selatan (U-S) depan SMK Jakarta 1", "jenis_asli": "Reguler", "sumber": "Halte Dinas Bina Marga"}}, {"type": "Feature", "geometry": {"type": "Point", "coordinates": [106.904924, -6.187509]}, "properties": {"jenis": "halte_brt", "nama": "Jl. Raya Bekasi Rw. Terate, Kec. Cakung, Kota Jakarta Timur, Daerah Khusus Ibukota Jakarta (Halte Busway Pasar Pulogadun", "jenis_asli": "Busway", "sumber": "Halte Dinas Bina Marga"}}, {"type": "Feature", "geometry": {"type": "Point", "coordinates": [106.916133, -6.182602]}, "properties": {"jenis": "halte_brt", "nama": "Jl. Raya Pantura RW.3, Rawa Terate, Cakung, Timur Jakarta City, Jakarta 13920 (Halte Busway PTC Pulogadung)", "jenis_asli": "Busway", "sumber": "Halte Dinas Bina Marga"}}, {"type": "Feature", "geometry": {"type": "Point", "coordinates": [106.958773, -6.18761]}, "properties": {"jenis": "halte_brt", "nama": "Jl. Raya Bekasi, RW.1, Ujung Menteng, Kec. Cakung, Kota Jakarta Timur, Daerah Khusus Ibukota Jakarta 13960 (Halte Busway", "jenis_asli": "Busway", "sumber": "Halte Dinas Bina Marga"}}, {"type": "Feature", "geometry": {"type": "Point", "coordinates": [106.965177, -6.189284]}, "properties": {"jenis": "halte_brt", "nama": "Jl. Sri Sultan Hamengkubuwono IX, RT.1/RW.2, Ujung Menteng, Kec. Cakung, Kota Jakarta Timur, Daerah Khusus Ibukota Jakar", "jenis_asli": "Busway", "sumber": "Halte Dinas Bina Marga"}}, {"type": "Feature", "geometry": {"type": "Point", "coordinates": [106.869074, -6.342794]}, "properties": {"jenis": "halte_non_brt", "nama": "Jl. Cakung Cilincing Tim., RW.6, Pulo Gebang, Kec. Cakung, Kota Jakarta Timur, Daerah Khusus Ibukota Jakarta 13950 (Halt", "jenis_asli": "Reguler", "sumber": "Halte Dinas Bina Marga"}}, {"type": "Feature", "geometry": {"type": "Point", "coordinates": [106.94059, -6.212292]}, "properties": {"jenis": "halte_non_brt", "nama": "Jl. Dr. Sumarno 53-54, RT.14/RW.8, Penggilingan, Kec. Cakung, Kota Jakarta Timur, Daerah Khusus Ibukota Jakarta 13940 (S", "jenis_asli": "Reguler", "sumber": "Halte Dinas Bina Marga"}}, {"type": "Feature", "geometry": {"type": "Point", "coordinates": [106.904643, -6.201588]}, "properties": {"jenis": "halte_non_brt", "nama": "Jl. Raya Bekasi 33-50, RT.12/RW.3, Jatinegara, Kec. Cakung, Kota Jakarta Timur, Daerah Khusus Ibukota Jakarta 13250 (Hal", "jenis_asli": "Reguler", "sumber": "Halte Dinas Bina Marga"}}, {"type": "Feature", "geometry": {"type": "Point", "coordinates": [106.871277, -6.289982]}, "properties": {"jenis": "halte_non_brt", "nama": "Jl. Sri Sultan Hamengkubuwono IX, RT.2/RW.5, Ujung Menteng, Kec. Cakung, Kota Jakarta Timur, Daerah Khusus Ibukota Jakar", "jenis_asli": "Reguler", "sumber": "Halte Dinas Bina Marga"}}, {"type": "Feature", "geometry": {"type": "Point", "coordinates": [106.964079, -6.188873]}, "properties": {"jenis": "halte_non_brt", "nama": "Jl. Sri Sultan Hamengkubuwono IX, RT.1/RW.4, Ujung Menteng, Kec. Cakung, Kota Jakarta Timur, Daerah Khusus Ibukota Jakar", "jenis_asli": "Reguler", "sumber": "Halte Dinas Bina Marga"}}, {"type": "Feature", "geometry": {"type": "Point", "coordinates": [106.96008, -6.187671]}, "properties": {"jenis": "halte_non_brt", "nama": "Jl. Sri Sultan Hamengkubuwono IX 9, RT.1/RW.1, Cakung Tim., Kec. Cakung, Kota Jakarta Timur, Daerah Khusus Ibukota Jakar", "jenis_asli": "Reguler", "sumber": "Halte Dinas Bina Marga"}}, {"type": "Feature", "geometry": {"type": "Point", "coordinates": [106.871073, -6.215259]}, "properties": {"jenis": "halte_non_brt", "nama": "Jl. Raya Bekasi, RT.1/RW.2, Cakung Bar., Kec. Cakung, Kota Jakarta Timur, Daerah Khusus Ibukota Jakarta 13910 (Halte Kab", "jenis_asli": "Reguler", "sumber": "Halte Dinas Bina Marga"}}, {"type": "Feature", "geometry": {"type": "Point", "coordinates": [106.930869, -6.216772]}, "properties": {"jenis": "halte_non_brt", "nama": "Jl. I Gusti Ngurah Rai 11, Malaka Jaya, Kec. Cakung, Kota Jakarta Timur, Daerah Khusus Ibukota Jakarta 13460 (Deket JPO ", "jenis_asli": "Reguler", "sumber": "Halte Dinas Bina Marga"}}, {"type": "Feature", "geometry": {"type": "Point", "coordinates": [106.887035, -6.214261]}, "properties": {"jenis": "halte_non_brt", "nama": "Jl. Raya Bekasi No.63, RT.1/RW.4, Rw. Terate, Kec. Cakung, Kota Jakarta Timur, Daerah Khusus Ibukota Jakarta 13920 (Halt", "jenis_asli": "Reguler", "sumber": "Halte Dinas Bina Marga"}}, {"type": "Feature", "geometry": {"type": "Point", "coordinates": [106.912592, -6.214463]}, "properties": {"jenis": "halte_non_brt", "nama": "Jl. I Gusti Ngurah Rai 26-46, RT.7/RW.12, Klender, Kec. Cakung, Kota Jakarta Timur, Daerah Khusus Ibukota Jakarta 13470 ", "jenis_asli": "Reguler", "sumber": "Halte Dinas Bina Marga"}}, {"type": "Feature", "geometry": {"type": "Point", "coordinates": [106.933658, -6.217017]}, "properties": {"jenis": "halte_non_brt", "nama": "Jl. I Gusti Ngurah Rai, RT.10/RW.13, Klender, Kec. Cakung, Kota Jakarta Timur, Daerah Khusus Ibukota Jakarta 13470 (Halt", "jenis_asli": "Reguler", "sumber": "Halte Dinas Bina Marga"}}, {"type": "Feature", "geometry": {"type": "Point", "coordinates": [106.93396, -6.217145]}, "properties": {"jenis": "halte_non_brt", "nama": "Jl. I Gusti Ngurah Rai, Malaka Jaya, Kec. Cakung, Kota Jakarta Timur, Daerah Khusus Ibukota Jakarta 13460 (Depan Rumah S", "jenis_asli": "Reguler", "sumber": "Halte Dinas Bina Marga"}}, {"type": "Feature", "geometry": {"type": "Point", "coordinates": [106.938262, -6.217584]}, "properties": {"jenis": "halte_non_brt", "nama": "Jl. Raya Bekasi, RT.1/RW.3, Rw. Terate, Kec. Cakung, Kota Jakarta Timur, Daerah Khusus Ibukota Jakarta 13920 (Halte Bank", "jenis_asli": "Reguler", "sumber": "Halte Dinas Bina Marga"}}, {"type": "Feature", "geometry": {"type": "Point", "coordinates": [106.88614, -6.221132]}, "properties": {"jenis": "halte_non_brt", "nama": "Jl. I Gusti Ngurah Rai 8, RT.2/RW.1, Klender, Kec. Cakung, Kota Jakarta Timur, Daerah Khusus Ibukota Jakarta 13470 (Depa", "jenis_asli": "Reguler", "sumber": "Halte Dinas Bina Marga"}}, {"type": "Feature", "geometry": {"type": "Point", "coordinates": [106.910218, -6.214169]}, "properties": {"jenis": "halte_non_brt", "nama": "Jl. I Gusti Ngurah Rai, RT.5/RW.9, Jatinegara, Kec. Cakung, Kota Jakarta Timur, Daerah Khusus Ibukota Jakarta 13930 (Seb", "jenis_asli": "Reguler", "sumber": "Halte Dinas Bina Marga"}}, {"type": "Feature", "geometry": {"type": "Point", "coordinates": [106.939291, -6.217068]}, "properties": {"jenis": "halte_non_brt", "nama": "Jl. Penggilingan Raya Pondok Kopi Bawah Fly Over Pondook", "jenis_asli": "Reguler", "sumber": "Halte Dinas Bina Marga"}}, {"type": "Feature", "geometry": {"type": "Point", "coordinates": [106.939335, -6.215131]}, "properties": {"jenis": "halte_non_brt", "nama": "Jl. Penggilingan Raya Dekat Halte Busway Penggilingan", "jenis_asli": "Reguler", "sumber": "Halte Dinas Bina Marga"}}, {"type": "Feature", "geometry": {"type": "Point", "coordinates": [106.939291, -6.217068]}, "properties": {"jenis": "halte_non_brt", "nama": "Jl. Pengilingan Raya depan Gg Swadaya", "jenis_asli": "Reguler", "sumber": "Halte Dinas Bina Marga"}}, {"type": "Feature", "geometry": {"type": "Point", "coordinates": [106.958932, -6.190113]}, "properties": {"jenis": "halte_non_brt", "nama": "Jl. Raya Pulo Gebang (T-B) depan Perumaham Taman", "jenis_asli": "Reguler", "sumber": "Halte Dinas Bina Marga"}}, {"type": "Feature", "geometry": {"type": "Point", "coordinates": [106.954677, -6.206653]}, "properties": {"jenis": "halte_non_brt", "nama": "Jl. Sentra Primer Timur Ujung (U-S) depan Perumahan", "jenis_asli": "Reguler", "sumber": "Halte Dinas Bina Marga"}}, {"type": "Feature", "geometry": {"type": "Point", "coordinates": [106.8928, -6.3499]}, "properties": {"jenis": "halte_non_brt", "nama": "Jl. Raya mujul Kel. Munjul Sebelah Sekretariat Forkabi", "jenis_asli": "Reguler", "sumber": "Halte Dinas Bina Marga"}}, {"type": "Feature", "geometry": {"type": "Point", "coordinates": [106.87801, -6.307116]}, "properties": {"jenis": "halte_brt", "nama": "Jl. Terminal Kp. Rambutan No.30, RT.11/RW.6, Rambutan, Kec. Ciracas, Kota Jakarta Timur, Daerah Khusus Ibukota Jakarta 1", "jenis_asli": "Busway", "sumber": "Halte Dinas Bina Marga"}}, {"type": "Feature", "geometry": {"type": "Point", "coordinates": [106.867622, -6.302224]}, "properties": {"jenis": "halte_brt", "nama": "Jalan Raya Bogor, Rambutan, Ciracas, Kota Jakarta Timur, 13830 (Halte Busway Harapan Bunda)", "jenis_asli": "Busway", "sumber": "Halte Dinas Bina Marga"}}, {"type": "Feature", "geometry": {"type": "Point", "coordinates": [106.870825, -6.293878]}, "properties": {"jenis": "halte_brt", "nama": "Jl. Raya Bogor RW.7, Rambutan, Kec. Ciracas, Kota Jakarta Timur, Daerah Khusus Ibukota Jakarta 13540 (Halte Busway Pasar", "jenis_asli": "Busway", "sumber": "Halte Dinas Bina Marga"}}, {"type": "Feature", "geometry": {"type": "Point", "coordinates": [106.872122, -6.294189]}, "properties": {"jenis": "halte_brt", "nama": "Jl. Raya Bogor RW.7, Rambutan, Kec. Ciracas, Kota Jakarta Timur, Daerah Khusus Ibukota Jakarta 13540 (Halte Busway Pasar", "jenis_asli": "Busway", "sumber": "Halte Dinas Bina Marga"}}, {"type": "Feature", "geometry": {"type": "Point", "coordinates": [106.865709, -6.306593]}, "properties": {"jenis": "halte_brt", "nama": "Jl. TB Simatupang RW.2, Susukan, Kec. Ciracas, Kota Jakarta Timur, Daerah Khusus Ibukota Jakarta (Halte Busway Flyover R", "jenis_asli": "Busway", "sumber": "Halte Dinas Bina Marga"}}, {"type": "Feature", "geometry": {"type": "Point", "coordinates": [106.871752, -6.308157]}, "properties": {"jenis": "halte_brt", "nama": "Jl. Lkr. Luar Sel., RT.7/RW.5, Rambutan, Kec. Ciracas, Kota Jakarta Timur, Daerah Khusus Ibukota Jakarta 13830 (Halte Bu", "jenis_asli": "Busway", "sumber": "Halte Dinas Bina Marga"}}, {"type": "Feature", "geometry": {"type": "Point", "coordinates": [106.87801, -6.307116]}, "properties": {"jenis": "halte_brt", "nama": "Jl. Terminal Kp. Rambutan No.30, RT.11/RW.6, Rambutan, Kec. Ciracas, Kota Jakarta Timur, Daerah Khusus Ibukota Jakarta 1", "jenis_asli": "Busway", "sumber": "Halte Dinas Bina Marga"}}, {"type": "Feature", "geometry": {"type": "Point", "coordinates": [106.870512, -6.30894]}, "properties": {"jenis": "halte_non_brt", "nama": "Jl. Raya Bogor, RT.5/RW.2, Susukan, Kec. Ciracas, Kota Jakarta Timur, Daerah Khusus Ibukota Jakarta 13750 (Depan Sophie)", "jenis_asli": "Reguler", "sumber": "Halte Dinas Bina Marga"}}, {"type": "Feature", "geometry": {"type": "Point", "coordinates": [106.94207, -6.249476]}, "properties": {"jenis": "halte_non_brt", "nama": "Jl. Raya Jakarta-Bogor, RT.2/RW.7, Susukan, Kec. Ciracas, Kota Jakarta Timur, Daerah Khusus Ibukota Jakarta 13750 (Depan", "jenis_asli": "Reguler", "sumber": "Halte Dinas Bina Marga"}}, {"type": "Feature", "geometry": {"type": "Point", "coordinates": [106.867928, -6.335112]}, "properties": {"jenis": "halte_non_brt", "nama": "Jl. Raya Jakarta-Bogor 34-44, RT.8/RW.8, Susukan, Kec. Ciracas, Kota Jakarta Timur, Daerah Khusus Ibukota Jakarta 13750 ", "jenis_asli": "Reguler", "sumber": "Halte Dinas Bina Marga"}}, {"type": "Feature", "geometry": {"type": "Point", "coordinates": [106.863014, -6.314335]}, "properties": {"jenis": "halte_non_brt", "nama": "Jl. Raya Jakarta-Bogor, RT.2/RW.4, Susukan, Kec. Ciracas, Kota Jakarta Timur, Daerah Khusus Ibukota Jakarta 13750 (Halte", "jenis_asli": "Reguler", "sumber": "Halte Dinas Bina Marga"}}, {"type": "Feature", "geometry": {"type": "Point", "coordinates": [106.735907, -6.154499]}, "properties": {"jenis": "halte_non_brt", "nama": "Daan Mogot Rd 32-47, RW.3, East Cengkareng, Cengkareng, West Jakarta City, Jakarta 11730 (Halte Pabrik Gelas)", "jenis_asli": "Reguler", "sumber": "Halte Dinas Bina Marga"}}, {"type": "Feature", "geometry": {"type": "Point", "coordinates": [106.741931, -6.154912]}, "properties": {"jenis": "halte_non_brt", "nama": "Daan Mogot Rd, RT.12/RW.13, East Cengkareng, Cengkareng, West Jakarta City, Jakarta 11730 (Halte Sahabat)", "jenis_asli": "Reguler", "sumber": "Halte Dinas Bina Marga"}}, {"type": "Feature", "geometry": {"type": "Point", "coordinates": [106.715253, -6.154931]}, "properties": {"jenis": "halte_non_brt", "nama": "Daan Mogot Rd 57, RT.2/RW.12, Kalideres, West Jakarta City, Jakarta 11840 (Halte Bawah JPO Busway Pesakih)", "jenis_asli": "Reguler", "sumber": "Halte Dinas Bina Marga"}}, {"type": "Feature", "geometry": {"type": "Point", "coordinates": [106.729868, -6.154556]}, "properties": {"jenis": "halte_non_brt", "nama": "Daan Mogot Rd, RT.1/RW.1, East Cengkareng, Cengkareng, West Jakarta City, Jakarta 11730 (Halte KM 13,5)", "jenis_asli": "Reguler", "sumber": "Halte Dinas Bina Marga"}}, {"type": "Feature", "geometry": {"type": "Point", "coordinates": [106.709479, -6.155887]}, "properties": {"jenis": "halte_non_brt", "nama": "Daan Mogot Rd, RT.1/RW.1, Kalideres, West Jakarta City, Jakarta 11840 (Halte Bus Sekolah)", "jenis_asli": "Reguler", "sumber": "Halte Dinas Bina Marga"}}, {"type": "Feature", "geometry": {"type": "Point", "coordinates": [106.73535, -6.154667]}, "properties": {"jenis": "halte_non_brt", "nama": "Daan Mogot Rd, RW.2, East Cengkareng, Cengkareng, West Jakarta City, Jakarta 11730 (Halte Daun)", "jenis_asli": "Reguler", "sumber": "Halte Dinas Bina Marga"}}, {"type": "Feature", "geometry": {"type": "Point", "coordinates": [106.72193, -6.152786]}, "properties": {"jenis": "halte_non_brt", "nama": "Daan Mogot Rd, RT.1/RW.2, West Cengkareng, Cengkareng, West Jakarta City, Jakarta 11730 (Halte Kertapawita)", "jenis_asli": "Reguler", "sumber": "Halte Dinas Bina Marga"}}, {"type": "Feature", "geometry": {"type": "Point", "coordinates": [106.787472, -6.143556]}, "properties": {"jenis": "halte_non_brt", "nama": "Jl. Pangeran Tubagus Angke 8, RT.13/RW.7, Jelambar Baru, Kec. Grogol petamburan, Kota Jakarta Barat, Daerah Khusus Ibuko", "jenis_asli": "Reguler", "sumber": "Halte Dinas Bina Marga"}}, {"type": "Feature", "geometry": {"type": "Point", "coordinates": [106.765101, -6.164066]}, "properties": {"jenis": "halte_non_brt", "nama": "Jl. Pangeran Tubagus Angke, RT.16, Jelambar Baru, Kec. Grogol petamburan, Kota Jakarta Barat, Daerah Khusus Ibukota Jaka", "jenis_asli": "Reguler", "sumber": "Halte Dinas Bina Marga"}}, {"type": "Feature", "geometry": {"type": "Point", "coordinates": [106.755791, -6.188863]}, "properties": {"jenis": "halte_non_brt", "nama": "Jl. Pangeran Tubagus Angke 46, RT.7/RW.5, Wijaya Kusuma, Kec. Grogol petamburan, Kota Jakarta Barat, Daerah Khusus Ibuko", "jenis_asli": "Reguler", "sumber": "Halte Dinas Bina Marga"}}, {"type": "Feature", "geometry": {"type": "Point", "coordinates": [106.731816, -6.185504]}, "properties": {"jenis": "halte_non_brt", "nama": "Jl. Kembangan Raya 43-60, RT.1/RW.2, Kembangan Sel., Kec. Kembangan, Kota Jakarta Barat, Daerah Khusus Ibukota Jakarta 1", "jenis_asli": "Reguler", "sumber": "Halte Dinas Bina Marga"}}, {"type": "Feature", "geometry": {"type": "Point", "coordinates": [106.772895, -6.197529]}, "properties": {"jenis": "halte_non_brt", "nama": "Jl. Raya Kb. Jeruk 1, RT.4/RW.2, Kb. Jeruk, Kec. Kb. Jeruk, Kota Jakarta Barat, Daerah Khusus Ibukota Jakarta 11530 (Hal", "jenis_asli": "Reguler", "sumber": "Halte Dinas Bina Marga"}}, {"type": "Feature", "geometry": {"type": "Point", "coordinates": [106.77894, -6.198952]}, "properties": {"jenis": "halte_non_brt", "nama": "Jl. Raya Kb. Jeruk 126-8, RT.3/RW.9, Kb. Jeruk, Kec. Kb. Jeruk, Kota Jakarta Barat, Daerah Khusus Ibukota Jakarta 11530 ", "jenis_asli": "Reguler", "sumber": "Halte Dinas Bina Marga"}}, {"type": "Feature", "geometry": {"type": "Point", "coordinates": [106.769037, -6.200855]}, "properties": {"jenis": "halte_non_brt", "nama": "Kb. Jeruk, Kec. Kb. Jeruk, Kota Jakarta Barat, Daerah Khusus Ibukota Jakarta (Depan Cevrolet)", "jenis_asli": "Reguler", "sumber": "Halte Dinas Bina Marga"}}, {"type": "Feature", "geometry": {"type": "Point", "coordinates": [106.816378, -6.148821]}, "properties": {"jenis": "halte_non_brt", "nama": "Jl. Tomang Raya, RT.1/RW.3, Jatipulo, Kec. Palmerah, Kota Jakarta Barat, Daerah Khusus Ibukota Jakarta 11440 (Depan CIMB", "jenis_asli": "Reguler", "sumber": "Halte Dinas Bina Marga"}}, {"type": "Feature", "geometry": {"type": "Point", "coordinates": [106.879928, -6.192772]}, "properties": {"jenis": "halte_non_brt", "nama": "Jl. Letjen S.Parman RT.06/RW.03 Kelurahan Slipi Kecamatan Palmerah (Sebrang Mall Slipi)", "jenis_asli": "Reguler", "sumber": "Halte Dinas Bina Marga"}}, {"type": "Feature", "geometry": {"type": "Point", "coordinates": [106.790393, -6.17326]}, "properties": {"jenis": "halte_non_brt", "nama": "Jl. Letjen S. Parman RT.3/RW.8, Tomang, Kec. Grogol petamburan, Kota Jakarta Barat, Daerah Khusus Ibukota Jakarta 11440 ", "jenis_asli": "Reguler", "sumber": "Halte Dinas Bina Marga"}}, {"type": "Feature", "geometry": {"type": "Point", "coordinates": [106.796673, -6.180163]}, "properties": {"jenis": "halte_non_brt", "nama": "Jl. Letjen S. Parman St, RT.17/RW.1, Jati Pulo, Palmerah, West Jakarta City, Jakarta 11430 (Dekat KPP Pal merah)", "jenis_asli": "Reguler", "sumber": "Halte Dinas Bina Marga"}}, {"type": "Feature", "geometry": {"type": "Point", "coordinates": [106.797526, -6.194248]}, "properties": {"jenis": "halte_non_brt", "nama": "Jl. Letjen S. Parman St, RW.3, Slipi, Palmerah, West Jakarta City, Jakarta 11410 (Depan SMP/ SMEA Ibu Pertiwi)", "jenis_asli": "Reguler", "sumber": "Halte Dinas Bina Marga"}}, {"type": "Feature", "geometry": {"type": "Point", "coordinates": [106.797284, -6.195798]}, "properties": {"jenis": "halte_non_brt", "nama": "Jl. Letjen S. Parman Kav. 32-34, RT.06/RW.03, Kemanggisan, Palmerah, RT.6/RW.3, Kemanggisan, Kec. Palmerah, Kota Jakarta", "jenis_asli": "Reguler", "sumber": "Halte Dinas Bina Marga"}}, {"type": "Feature", "geometry": {"type": "Point", "coordinates": [106.799107, -6.201088]}, "properties": {"jenis": "halte_non_brt", "nama": "Jl. Letjen S. Parman St, Slipi, Palmerah, West Jakarta City, Jakarta 11480 (Depan Indomaret S. Parman 6E)", "jenis_asli": "Reguler", "sumber": "Halte Dinas Bina Marga"}}, {"type": "Feature", "geometry": {"type": "Point", "coordinates": [106.778401, -6.188865]}, "properties": {"jenis": "halte_non_brt", "nama": "Jl. Letjen S. Parman No.27, Slipi, Kec. Grogol petamburan, Kota Jakarta Barat, Daerah Khusus Ibukota Jakarta 11440 (Halt", "jenis_asli": "Reguler", "sumber": "Halte Dinas Bina Marga"}}, {"type": "Feature", "geometry": {"type": "Point", "coordinates": [106.747785, -6.177857]}, "properties": {"jenis": "halte_non_brt", "nama": "Jl. Lapangan Bola, RW.1, Kb. Jeruk, Kec. Kb. Jeruk, Kota Jakarta Barat, Daerah Khusus Ibukota Jakarta 11530 (Sebrang Pru", "jenis_asli": "Reguler", "sumber": "Halte Dinas Bina Marga"}}, {"type": "Feature", "geometry": {"type": "Point", "coordinates": [106.778479, -6.219563]}, "properties": {"jenis": "halte_non_brt", "nama": "Jl. Raya Kby. Lama, RT.6/RW.8, Sukabumi Sel., Kec. Kb. Jeruk, Kota Jakarta Barat, Daerah Khusus Ibukota Jakarta 11560 (H", "jenis_asli": "Reguler", "sumber": "Halte Dinas Bina Marga"}}, {"type": "Feature", "geometry": {"type": "Point", "coordinates": [106.771229, -6.253008]}, "properties": {"jenis": "halte_non_brt", "nama": "Jl. Raya Kby. Lama 192-46, RT.1/RW.2, Sukabumi Sel., Kec. Kb. Jeruk, Kota Jakarta Barat, Daerah Khusus Ibukota Jakarta 1", "jenis_asli": "Reguler", "sumber": "Halte Dinas Bina Marga"}}, {"type": "Feature", "geometry": {"type": "Point", "coordinates": [106.782372, -6.19963]}, "properties": {"jenis": "halte_non_brt", "nama": "Jl. Budi Raya No.2, RT.1, RT.1/RW.9, Kemanggisan, Kec. Palmerah, Kota Jakarta Barat, Daerah Khusus Ibukota Jakarta 11530", "jenis_asli": "Reguler", "sumber": "Halte Dinas Bina Marga"}}, {"type": "Feature", "geometry": {"type": "Point", "coordinates": [106.782242, -6.192074]}, "properties": {"jenis": "halte_non_brt", "nama": "Jl. Palmerah Barat, RT.6/RW.14, Palmerah, Kec. Palmerah, Kota Jakarta Barat, Daerah Khusus Ibukota Jakarta 12210 (Halte ", "jenis_asli": "Reguler", "sumber": "Halte Dinas Bina Marga"}}, {"type": "Feature", "geometry": {"type": "Point", "coordinates": [106.825461, -6.168216]}, "properties": {"jenis": "halte_non_brt", "nama": "Jl. Raya Mangga Besar, RT.2/RW.3, Gambir, Kecamatan Gambir, Jakarta, Daerah Khusus Ibukota Jakarta 10120 (Halte Veteran ", "jenis_asli": "Reguler", "sumber": "Halte Dinas Bina Marga"}}, {"type": "Feature", "geometry": {"type": "Point", "coordinates": [106.802308, -6.175553]}, "properties": {"jenis": "halte_non_brt", "nama": "Jl. Gajah Mada Jakarta Barat, Keagungan, Kec. Taman Sari, Kota Jakarta Barat, Daerah Khusus Ibukota Jakarta (Depan SMAN ", "jenis_asli": "Reguler", "sumber": "Halte Dinas Bina Marga"}}, {"type": "Feature", "geometry": {"type": "Point", "coordinates": [106.781592, -6.198898]}, "properties": {"jenis": "halte_non_brt", "nama": "Jl. Raya Kebon Jeruk RT.3/RW.9, Kb. Jeruk, Kec. Kb. Jeruk, Kota Jakarta Barat, Daerah Khusus Ibukota Jakarta (Sebrang Up", "jenis_asli": "Reguler", "sumber": "Halte Dinas Bina Marga"}}, {"type": "Feature", "geometry": {"type": "Point", "coordinates": [106.816328, -6.148615]}, "properties": {"jenis": "halte_non_brt", "nama": "Jl. Gajah Mada 92, RT.1/RW.6, Glodok, Kec. Taman Sari, Kota Jakarta Barat, Daerah Khusus Ibukota Jakarta 11120 (Bawah JP", "jenis_asli": "Reguler", "sumber": "Halte Dinas Bina Marga"}}, {"type": "Feature", "geometry": {"type": "Point", "coordinates": [106.778993, -6.199005]}, "properties": {"jenis": "halte_non_brt", "nama": "Jl. Panjang No.5, RT.5/RW.11, Kedoya Utara, Kec. Kb. Jeruk, Kota Jakarta Barat, Daerah Khusus Ibukota Jakarta 11520 (Hal", "jenis_asli": "Reguler", "sumber": "Halte Dinas Bina Marga"}}, {"type": "Feature", "geometry": {"type": "Point", "coordinates": [106.765989, -6.175072]}, "properties": {"jenis": "halte_non_brt", "nama": "Jl. Panjang 68, RT.19/RW.4, Kedoya Sel., Kec. Kb. Jeruk, Kota Jakarta Barat, Daerah Khusus Ibukota Jakarta 11520 (Sebran", "jenis_asli": "Reguler", "sumber": "Halte Dinas Bina Marga"}}, {"type": "Feature", "geometry": {"type": "Point", "coordinates": [106.768338, -6.184669]}, "properties": {"jenis": "halte_non_brt", "nama": "Jl. Panjang Arteri Klp. Dua Raya, RT.6/RW.2, Kb. Jeruk, Kec. Kb. Jeruk, Kota Jakarta Barat, Daerah Khusus Ibukota Jakart", "jenis_asli": "Reguler", "sumber": "Halte Dinas Bina Marga"}}, {"type": "Feature", "geometry": {"type": "Point", "coordinates": [106.704746, -6.156534]}, "properties": {"jenis": "halte_non_brt", "nama": "Jl. Daan Mogot RT.7/RW.2, Kalideres, Kec. Kalideres, Kota Jakarta Barat, Daerah Khusus Ibukota Jakarta (Dekat Polsek Kal", "jenis_asli": "Reguler", "sumber": "Halte Dinas Bina Marga"}}, {"type": "Feature", "geometry": {"type": "Point", "coordinates": [106.787972, -6.207645]}, "properties": {"jenis": "halte_non_brt", "nama": "Jl. Kyai H. Zainul Arifin, RW.14, Tanah Sereal, Kec. Tambora, Kota Jakarta Barat, Daerah Khusus Ibukota Jakarta 11210 (D", "jenis_asli": "Reguler", "sumber": "Halte Dinas Bina Marga"}}, {"type": "Feature", "geometry": {"type": "Point", "coordinates": [106.700041, -6.158508]}, "properties": {"jenis": "halte_non_brt", "nama": "Jl. Daan Mogot 29-66, RT.1/RW.3, Kalideres, Kec. Kalideres, Kota Jakarta Barat, Daerah Khusus Ibukota Jakarta 11840 (Seb", "jenis_asli": "Reguler", "sumber": "Halte Dinas Bina Marga"}}, {"type": "Feature", "geometry": {"type": "Point", "coordinates": [106.698148, -6.159096]}, "properties": {"jenis": "halte_non_brt", "nama": "Jl. Daan Mogot, RT.9/RW.2, Kalideres, Kec. Kalideres, Kota Jakarta Barat, Daerah Khusus Ibukota Jakarta 11840 (Sebrang H", "jenis_asli": "Reguler", "sumber": "Halte Dinas Bina Marga"}}, {"type": "Feature", "geometry": {"type": "Point", "coordinates": [106.698207, -6.159075]}, "properties": {"jenis": "halte_non_brt", "nama": "Jl. Ks. Tubun 132-49, RW.7, Slipi, Kec. Palmerah, Kota Jakarta Barat, Daerah Khusus Ibukota Jakarta 11410 (Halte Salvato", "jenis_asli": "Reguler", "sumber": "Halte Dinas Bina Marga"}}, {"type": "Feature", "geometry": {"type": "Point", "coordinates": [106.808386, -6.188754]}, "properties": {"jenis": "halte_non_brt", "nama": "Jl. Ks. Tubun 10, RT.4/RW.2, Kota Bambu Sel., Kec. Palmerah, Kota Jakarta Barat, Daerah Khusus Ibukota Jakarta 11420 (Se", "jenis_asli": "Reguler", "sumber": "Halte Dinas Bina Marga"}}, {"type": "Feature", "geometry": {"type": "Point", "coordinates": [106.803403, -6.198225]}, "properties": {"jenis": "halte_non_brt", "nama": "Jl. KS. Tubun Jakarta Barat, RW.5, Slipi, Kec. Palmerah, Kota Jakarta Barat, Daerah Khusus Ibukota Jakarta 11410 (Sebran", "jenis_asli": "Reguler", "sumber": "Halte Dinas Bina Marga"}}, {"type": "Feature", "geometry": {"type": "Point", "coordinates": [106.792866, -6.207812]}, "properties": {"jenis": "halte_non_brt", "nama": "Jl. Palmerah Barat, RT.4/RW.7, Gelora, Kec. Palmerah, Kota Jakarta Barat, Daerah Khusus Ibukota Jakarta 10270 (Depan Sed", "jenis_asli": "Reguler", "sumber": "Halte Dinas Bina Marga"}}, {"type": "Feature", "geometry": {"type": "Point", "coordinates": [106.809595, -6.161196]}, "properties": {"jenis": "halte_non_brt", "nama": "Jl. Palmerah Barat, RT.4/RW.7, Palmerah, Kec. Palmerah, Kota Jakarta Barat, Daerah Khusus Ibukota Jakarta 10270 (Halte P", "jenis_asli": "Reguler", "sumber": "Halte Dinas Bina Marga"}}, {"type": "Feature", "geometry": {"type": "Point", "coordinates": [106.755767, -6.188801]}, "properties": {"jenis": "halte_non_brt", "nama": "Jl. Pesanggrahan 19-28, RT.4/RW.6, Kembangan Sel., Kec. Kembangan, Kota Jakarta Barat, Daerah Khusus Ibukota Jakarta 116", "jenis_asli": "Reguler", "sumber": "Halte Dinas Bina Marga"}}, {"type": "Feature", "geometry": {"type": "Point", "coordinates": [106.695878, -6.142636]}, "properties": {"jenis": "halte_non_brt", "nama": "Jl. Lkr. Luar Barat, Cengkareng Bar., Kecamatan Cengkareng, Kota Jakarta Barat, Daerah Khusus Ibukota Jakarta 11730 (Dep", "jenis_asli": "Reguler", "sumber": "Halte Dinas Bina Marga"}}, {"type": "Feature", "geometry": {"type": "Point", "coordinates": [106.726654, -6.158585]}, "properties": {"jenis": "halte_non_brt", "nama": "Jl. Outer Ring Road Barat (Depan SPBU Pertamina)", "jenis_asli": "Reguler", "sumber": "Halte Dinas Bina Marga"}}, {"type": "Feature", "geometry": {"type": "Point", "coordinates": [106.731152, -6.124002]}, "properties": {"jenis": "halte_non_brt", "nama": "Jl. Outer Ring Road Barat Kayu Besar (U-S) dpn SDN 021", "jenis_asli": "Reguler", "sumber": "Halte Dinas Bina Marga"}}, {"type": "Feature", "geometry": {"type": "Point", "coordinates": [106.728004, -6.145989]}, "properties": {"jenis": "halte_non_brt", "nama": "Jl. Outer Ring Road Barat Kamal Ry Cengkareng (U-S)", "jenis_asli": "Reguler", "sumber": "Halte Dinas Bina Marga"}}, {"type": "Feature", "geometry": {"type": "Point", "coordinates": [106.726654, -6.158585]}, "properties": {"jenis": "halte_non_brt", "nama": "Jl. Outer Ring Road Barat Rawa Buaya (S-U) dpn", "jenis_asli": "Reguler", "sumber": "Halte Dinas Bina Marga"}}, {"type": "Feature", "geometry": {"type": "Point", "coordinates": [106.728004, -6.145989]}, "properties": {"jenis": "halte_non_brt", "nama": "4. Jl. Cendrawasih Raya (S-U) depan Gelangang Remaja", "jenis_asli": "Reguler", "sumber": "Halte Dinas Bina Marga"}}, {"type": "Feature", "geometry": {"type": "Point", "coordinates": [106.880611, -6.215223]}, "properties": {"jenis": "halte_brt", "nama": "Jl. Bekasi Timur Raya RT.9/RW.9, Pisangan Tim., Kec. Pulo Gadung, Kota Jakarta Timur, Daerah Khusus Ibukota Jakarta 1323", "jenis_asli": "Busway", "sumber": "Halte Dinas Bina Marga"}}, {"type": "Feature", "geometry": {"type": "Point", "coordinates": [106.876003, -6.214878]}, "properties": {"jenis": "halte_brt", "nama": "Jl. Bekasi Timur Raya RT.8/RW.9, Pisangan Tim., Kec. Pulo Gadung, Kota Jakarta Timur, Daerah Khusus Ibukota Jakarta 1341", "jenis_asli": "Busway", "sumber": "Halte Dinas Bina Marga"}}, {"type": "Feature", "geometry": {"type": "Point", "coordinates": [106.898316, -6.178121]}, "properties": {"jenis": "halte_brt", "nama": "Jl. Perintis Kemerdekaan RT.6/RW.8, Pulo Gadung, Kec. Pulo Gadung, Kota Jakarta Timur, Daerah Khusus Ibukota Jakarta 132", "jenis_asli": "Busway", "sumber": "Halte Dinas Bina Marga"}}, {"type": "Feature", "geometry": {"type": "Point", "coordinates": [106.907736, -6.185395]}, "properties": {"jenis": "halte_brt", "nama": "Jl. Raya Bekasi Pulo Gadung, Kota Jakarta Timur, 13260 (Halte Busway Pulogadung)", "jenis_asli": "Busway", "sumber": "Halte Dinas Bina Marga"}}, {"type": "Feature", "geometry": {"type": "Point", "coordinates": [106.881469, -6.193286]}, "properties": {"jenis": "halte_brt", "nama": "Jl. Pemuda, RT.9/RW.3, Rawamangun, Kec. Pulo Gadung, Kota Jakarta Timur, Daerah Khusus Ibukota Jakarta 13220 (Halte Busw", "jenis_asli": "Busway", "sumber": "Halte Dinas Bina Marga"}}, {"type": "Feature", "geometry": {"type": "Point", "coordinates": [106.882625, -6.193371]}, "properties": {"jenis": "halte_brt", "nama": "Jl. Pemuda RT.8/RW.5, Rawamangun, Kec. Pulo Gadung, Kota Jakarta Timur, Daerah Khusus Ibukota Jakarta 13220 (Halte Buswa", "jenis_asli": "Busway", "sumber": "Halte Dinas Bina Marga"}}, {"type": "Feature", "geometry": {"type": "Point", "coordinates": [106.8911, -6.193476]}, "properties": {"jenis": "halte_brt", "nama": "Jl. Pemuda, RT.3/RW.1, Jati, Kec. Pulo Gadung, Kota Jakarta Timur, Daerah Khusus Ibukota Jakarta 13220 (Halte Busway Pem", "jenis_asli": "Busway", "sumber": "Halte Dinas Bina Marga"}}, {"type": "Feature", "geometry": {"type": "Point", "coordinates": [106.896913, -6.193531]}, "properties": {"jenis": "halte_brt", "nama": "Jl. Pemuda, RT.12/RW.4, Jati, Kec. Pulo Gadung, Kota Jakarta Timur, Daerah Khusus Ibukota Jakarta 13220 (Halte Busway La", "jenis_asli": "Busway", "sumber": "Halte Dinas Bina Marga"}}, {"type": "Feature", "geometry": {"type": "Point", "coordinates": [106.894724, -6.193494]}, "properties": {"jenis": "halte_brt", "nama": "Jl. Pemuda No.2, Jatinegara Kaum, Kec. Pulo Gadung, Kota Jakarta Timur, Daerah Khusus Ibukota Jakarta 13250 (Halte TU Ga", "jenis_asli": "Busway", "sumber": "Halte Dinas Bina Marga"}}, {"type": "Feature", "geometry": {"type": "Point", "coordinates": [106.873496, -6.205348]}, "properties": {"jenis": "halte_brt", "nama": "Jl. Jend. Ahmad Yani RT.12/RW.5, Pisangan Timur, Kec. Pulogadung Kota Jakarta Timur, Daerah Khusus Ibukota Jakarta 13120", "jenis_asli": "Busway", "sumber": "Halte Dinas Bina Marga"}}, {"type": "Feature", "geometry": {"type": "Point", "coordinates": [106.87583, -6.176862]}, "properties": {"jenis": "halte_brt", "nama": "Jl. Jend. Ahmad Yani RT.6/RW.11, Kayu Putih, Kota Jakarta Timur, 10510 (Halte Busway Pulomas Bypass)", "jenis_asli": "Busway", "sumber": "Halte Dinas Bina Marga"}}, {"type": "Feature", "geometry": {"type": "Point", "coordinates": [106.876593, -6.174117]}, "properties": {"jenis": "halte_brt", "nama": "Jl. Jend. Ahmad Yani, RW.12, Kayu Putih, Kec. Pulo Gadung, Kota Jakarta Timur, Daerah Khusus Ibukota Jakarta 10510 (Halt", "jenis_asli": "Busway", "sumber": "Halte Dinas Bina Marga"}}, {"type": "Feature", "geometry": {"type": "Point", "coordinates": [106.892811, -6.350999]}, "properties": {"jenis": "halte_non_brt", "nama": "Jl. Rawamangun Muka Barat No.9P, RT.12/RW.12, Rawamangun, Kec. Pulo Gadung, Kota Jakarta Timur, Daerah Khusus Ibukota Ja", "jenis_asli": "Reguler", "sumber": "Halte Dinas Bina Marga"}}, {"type": "Feature", "geometry": {"type": "Point", "coordinates": [106.880303, -6.199542]}, "properties": {"jenis": "halte_non_brt", "nama": "Jl Raya Bekasi Timur Km 17 Pisangan Timur Pulo Gadung Jakarta Timur DKI Jakarta, RT.9/RW.9, Pisangan Tim., Kec. Pulo Gad", "jenis_asli": "Reguler", "sumber": "Halte Dinas Bina Marga"}}, {"type": "Feature", "geometry": {"type": "Point", "coordinates": [106.884514, -6.21442]}, "properties": {"jenis": "halte_non_brt", "nama": "Jl. R.Mangun Muka Raya, RW.14, Rawamangun, Kec. Pulo Gadung, Kota Jakarta Timur, Daerah Khusus Ibukota Jakarta 13220 (Ha", "jenis_asli": "Reguler", "sumber": "Halte Dinas Bina Marga"}}, {"type": "Feature", "geometry": {"type": "Point", "coordinates": [106.879237, -6.196866]}, "properties": {"jenis": "halte_non_brt", "nama": "Jl. Pemuda 4-1, RT.2/RW.7, Jatinegara Kaum, Kec. Pulo Gadung, Kota Jakarta Timur, Daerah Khusus Ibukota Jakarta 13250 (D", "jenis_asli": "Reguler", "sumber": "Halte Dinas Bina Marga"}}, {"type": "Feature", "geometry": {"type": "Point", "coordinates": [106.868202, -6.19244]}, "properties": {"jenis": "halte_non_brt", "nama": "Jl. Persahabatan Utara 13, RT.16/RW.13, Pisangan Tim., Kec. Pulo Gadung, Kota Jakarta Timur, Daerah Khusus Ibukota Jakar", "jenis_asli": "Reguler", "sumber": "Halte Dinas Bina Marga"}}, {"type": "Feature", "geometry": {"type": "Point", "coordinates": [106.904997, -6.197783]}, "properties": {"jenis": "halte_non_brt", "nama": "Jl. Persahabatan Utara, RT.16/RW.13, Pisangan Tim., Kec. Pulo Gadung, Kota Jakarta Timur, Daerah Khusus Ibukota Jakarta ", "jenis_asli": "Reguler", "sumber": "Halte Dinas Bina Marga"}}, {"type": "Feature", "geometry": {"type": "Point", "coordinates": [106.889809, -6.211593]}, "properties": {"jenis": "halte_non_brt", "nama": "Jl. Bekasi Timur Raya, RT.1/RW.15, Cipinang, Kec. Pulo Gadung, Kota Jakarta Timur, Daerah Khusus Ibukota Jakarta 13240 (", "jenis_asli": "Reguler", "sumber": "Halte Dinas Bina Marga"}}, {"type": "Feature", "geometry": {"type": "Point", "coordinates": [106.890544, -6.211255]}, "properties": {"jenis": "halte_non_brt", "nama": "Jl. Bekasi Timur Raya 195-194, RW.6, Cipinang, Kec. Pulo Gadung, Kota Jakarta Timur, Daerah Khusus Ibukota Jakarta 13240", "jenis_asli": "Reguler", "sumber": "Halte Dinas Bina Marga"}}, {"type": "Feature", "geometry": {"type": "Point", "coordinates": [106.865179, -6.251573]}, "properties": {"jenis": "halte_non_brt", "nama": "Jl. Perintis Kemerdekaan 42, Jakarta D. K. I. Jakarta, RW.5, Kayu Putih, Pulo Gadung, East Jakarta City, Jakarta 13210 (", "jenis_asli": "Reguler", "sumber": "Halte Dinas Bina Marga"}}, {"type": "Feature", "geometry": {"type": "Point", "coordinates": [106.882191, -6.167979]}, "properties": {"jenis": "halte_non_brt", "nama": "Jl. Perintis Kemerdekaan, RW.6, Daerah Khusus Ibukota Jakarta 13260 (Halte Depan Oak Tower)", "jenis_asli": "Reguler", "sumber": "Halte Dinas Bina Marga"}}, {"type": "Feature", "geometry": {"type": "Point", "coordinates": [106.933919, -6.217129]}, "properties": {"jenis": "halte_non_brt", "nama": "Jl. Bekasi Tim. Raya, RT.3/RW.2, Pisangan Tim., Kec. Pulo Gadung, Kota Jakarta Timur, Daerah Khusus Ibukota Jakarta 1323", "jenis_asli": "Reguler", "sumber": "Halte Dinas Bina Marga"}}, {"type": "Feature", "geometry": {"type": "Point", "coordinates": [106.849535, -6.304128]}, "properties": {"jenis": "halte_non_brt", "nama": "4. Jl. TB. Simatupang (T-B) depan gedung ACC Finance", "jenis_asli": "Reguler", "sumber": "Halte Dinas Bina Marga"}}, {"type": "Feature", "geometry": {"type": "Point", "coordinates": [106.852205, -6.303626]}, "properties": {"jenis": "halte_non_brt", "nama": "Jl. TB. Simatupang/Ranco (Sebrang Gedung)", "jenis_asli": "Reguler", "sumber": "Halte Dinas Bina Marga"}}, {"type": "Feature", "geometry": {"type": "Point", "coordinates": [106.865691, -6.303644]}, "properties": {"jenis": "halte_non_brt", "nama": "Jl. TB. Simatupang/Ranco (Depan Yayasan Sekolah)", "jenis_asli": "Reguler", "sumber": "Halte Dinas Bina Marga"}}, {"type": "Feature", "geometry": {"type": "Point", "coordinates": [106.86579, -6.328736]}, "properties": {"jenis": "halte_non_brt", "nama": "Jl. Raya Bogor (U-S) depan Jembatan Timbang Cibubur", "jenis_asli": "Reguler", "sumber": "Halte Dinas Bina Marga"}}, {"type": "Feature", "geometry": {"type": "Point", "coordinates": [106.865142, -6.328736]}, "properties": {"jenis": "halte_non_brt", "nama": "Jl. Raya Bogor (U-S) Seberang Bengkel Honda", "jenis_asli": "Reguler", "sumber": "Halte Dinas Bina Marga"}}, {"type": "Feature", "geometry": {"type": "Point", "coordinates": [106.865243, -6.324633]}, "properties": {"jenis": "halte_non_brt", "nama": "Jl. Raya Bogor (S-U) dekat SMAN 88 Kel.Baru/seberang", "jenis_asli": "Reguler", "sumber": "Halte Dinas Bina Marga"}}, {"type": "Feature", "geometry": {"type": "Point", "coordinates": [106.871704, -6.215159]}, "properties": {"jenis": "halte_brt", "nama": "Jl. Jendral Ahmad Yani RT.4/RW.3, Rw. Bunga, Kecamatan Jatinegara, Kota Jakarta Timur, Daerah Khusus Ibukota Jakarta 134", "jenis_asli": "Busway", "sumber": "Halte Dinas Bina Marga"}}, {"type": "Feature", "geometry": {"type": "Point", "coordinates": [106.864129, -6.21576]}, "properties": {"jenis": "halte_brt", "nama": "Jl. Jatinegara Tim., Bali Mester, Kecamatan Jatinegara, Kota Jakarta Timur, Jawa Timur 13310 (Halte Busway Pasar Jatineg", "jenis_asli": "Busway", "sumber": "Halte Dinas Bina Marga"}}, {"type": "Feature", "geometry": {"type": "Point", "coordinates": [106.865881, -6.221395]}, "properties": {"jenis": "halte_brt", "nama": "Jalan Jatinegara Timur II No.9, RT.12/RW.2, Rawa Bunga, Jatinegara, Kota Jakarta Timur, 13310 (Halte Busway Jatinegara R", "jenis_asli": "Busway", "sumber": "Halte Dinas Bina Marga"}}, {"type": "Feature", "geometry": {"type": "Point", "coordinates": [106.864627, -6.22466]}, "properties": {"jenis": "halte_brt", "nama": "Jl. Jatinegara Timur No.105, Bali Mester, Kecamatan Jatinegara, Kota Jakarta Timur, Daerah Khusus Ibukota Jakarta 13310 ", "jenis_asli": "Busway", "sumber": "Halte Dinas Bina Marga"}}, {"type": "Feature", "geometry": {"type": "Point", "coordinates": [106.864627, -6.22466]}, "properties": {"jenis": "halte_brt", "nama": "Jl. Jatinegara Timur No.105, Bali Mester, Kecamatan Jatinegara, Kota Jakarta Timur, Daerah Khusus Ibukota Jakarta 13310 ", "jenis_asli": "Busway", "sumber": "Halte Dinas Bina Marga"}}, {"type": "Feature", "geometry": {"type": "Point", "coordinates": [106.864129, -6.21576]}, "properties": {"jenis": "halte_brt", "nama": "Jl. Jatinegara Tim., Bali Mester, Kecamatan Jatinegara, Kota Jakarta Timur, Jawa Timur 13310 (Halte Busway Pasar Jatineg", "jenis_asli": "Busway", "sumber": "Halte Dinas Bina Marga"}}, {"type": "Feature", "geometry": {"type": "Point", "coordinates": [106.860427, -6.212867]}, "properties": {"jenis": "halte_brt", "nama": "Jl. Matraman Raya RT.1/RW.6, Bali Mester, Jatinegara, Kota Jakarta Timur, 13320 (Halte Busway Kebon Pala)", "jenis_asli": "Busway", "sumber": "Halte Dinas Bina Marga"}}, {"type": "Feature", "geometry": {"type": "Point", "coordinates": [106.859683, -6.231791]}, "properties": {"jenis": "halte_brt", "nama": "Jl. Otto Iskandardinata RT.5/RW.12, Kp. Melayu, Kecamatan Jatinegara, Kota Jakarta Timur, Daerah Khusus Ibukota Jakarta ", "jenis_asli": "Busway", "sumber": "Halte Dinas Bina Marga"}}, {"type": "Feature", "geometry": {"type": "Point", "coordinates": [106.865772, -6.235385]}, "properties": {"jenis": "halte_brt", "nama": "Jl. Otista Raya, RT.13/RW.8, Kp. Melayu, Kecamatan Jatinegara, Kota Jakarta Timur, Daerah Khusus Ibukota Jakarta 13330 (", "jenis_asli": "Busway", "sumber": "Halte Dinas Bina Marga"}}, {"type": "Feature", "geometry": {"type": "Point", "coordinates": [106.859206, -6.235358]}, "properties": {"jenis": "halte_brt", "nama": "Kp. Melayu, Kecamatan Jatinegara, Kota Jakarta Timur, Daerah Khusus Ibukota Jakarta (Halte Busway Bidara Cina)", "jenis_asli": "Busway", "sumber": "Halte Dinas Bina Marga"}}, {"type": "Feature", "geometry": {"type": "Point", "coordinates": [106.886884, -6.214667]}, "properties": {"jenis": "halte_brt", "nama": "Jl. I Gusti Ngurah Rai Cipinang Muara, Kecamatan Jatinegara, Kota Jakarta Timur, Daerah Khusus Ibukota Jakarta (Halte Bu", "jenis_asli": "Busway", "sumber": "Halte Dinas Bina Marga"}}, {"type": "Feature", "geometry": {"type": "Point", "coordinates": [106.849878, -6.23899]}, "properties": {"jenis": "halte_brt", "nama": "JL. DI. Panjaitan RT.12/RW.1, Cipinang Besar Selatan, Jatinegara, Kota Jakarta Timur, 13340 (Halte Busway Penas Kalimala", "jenis_asli": "Busway", "sumber": "Halte Dinas Bina Marga"}}, {"type": "Feature", "geometry": {"type": "Point", "coordinates": [106.873287, -6.197379]}, "properties": {"jenis": "halte_brt", "nama": "Jl. DI. Panjaitan RT.12/RW.6, Cipinang Besar Sel., Kecamatan Jatinegara, Kota Jakarta Timur, Daerah Khusus Ibukota Jakar", "jenis_asli": "Busway", "sumber": "Halte Dinas Bina Marga"}}, {"type": "Feature", "geometry": {"type": "Point", "coordinates": [106.874288, -6.220537]}, "properties": {"jenis": "halte_brt", "nama": "Jl. DI. Panjaitan RT.2/RW.3, Cipinang Besar Utara, Kecamatan Jatinegara, Kota Jakarta Timur, Daerah Khusus Ibukota Jakar", "jenis_asli": "Busway", "sumber": "Halte Dinas Bina Marga"}}, {"type": "Feature", "geometry": {"type": "Point", "coordinates": [106.868206, -6.215651]}, "properties": {"jenis": "halte_brt", "nama": "Jl. Bekasi Barat, RT.4/RW.2, Rw. Bunga, Kecamatan Jatinegara, Kota Jakarta Timur, Daerah Khusus Ibukota Jakarta 13350 (H", "jenis_asli": "Busway", "sumber": "Halte Dinas Bina Marga"}}, {"type": "Feature", "geometry": {"type": "Point", "coordinates": [106.877513, -6.239119]}, "properties": {"jenis": "halte_brt", "nama": "Jl. DI. Panjaitan, RT.7/RW.11, Cipinang Cempedak, Kecamatan Jatinegara, Kota Jakarta Timur, Daerah Khusus Ibukota Jakart", "jenis_asli": "Busway", "sumber": "Halte Dinas Bina Marga"}}, {"type": "Feature", "geometry": {"type": "Point", "coordinates": [106.897922, -6.213451]}, "properties": {"jenis": "halte_non_brt", "nama": "Jl. DI. Panjaitan, RT.1/RW.1, Cipinang Besar Utara, Kecamatan Jatinegara, Kota Jakarta Timur, Daerah Khusus Ibukota Jaka", "jenis_asli": "Reguler", "sumber": "Halte Dinas Bina Marga"}}, {"type": "Feature", "geometry": {"type": "Point", "coordinates": [106.883001, -6.227682]}, "properties": {"jenis": "halte_non_brt", "nama": "Jl. Jend. Basuki Rachmat 1, RT.4/RW.6, Cipinang Besar Sel., Kecamatan Jatinegara, Kota Jakarta Timur, Daerah Khusus Ibuk", "jenis_asli": "Reguler", "sumber": "Halte Dinas Bina Marga"}}, {"type": "Feature", "geometry": {"type": "Point", "coordinates": [106.867779, -6.234781]}, "properties": {"jenis": "halte_non_brt", "nama": "Jl. Otista Raya 117-119, RT.13/RW.8, Kp. Melayu, Kecamatan Jatinegara, Kota Jakarta Timur, Daerah Khusus Ibukota Jakarta", "jenis_asli": "Reguler", "sumber": "Halte Dinas Bina Marga"}}, {"type": "Feature", "geometry": {"type": "Point", "coordinates": [106.919287, -6.215285]}, "properties": {"jenis": "halte_non_brt", "nama": "Jl. Jatinegara Timur 64, RT.11/RW.3, Bali Mester, Kecamatan Jatinegara, Kota Jakarta Timur, Daerah Khusus Ibukota Jakart", "jenis_asli": "Reguler", "sumber": "Halte Dinas Bina Marga"}}, {"type": "Feature", "geometry": {"type": "Point", "coordinates": [106.874712, -6.22562]}, "properties": {"jenis": "halte_non_brt", "nama": "Jl. DI. Panjaitan Pedati Tunel 5, RW.9, Rw. Bunga, Kecamatan Jatinegara, Kota Jakarta Timur, Daerah Khusus Ibukota Jakar", "jenis_asli": "Reguler", "sumber": "Halte Dinas Bina Marga"}}, {"type": "Feature", "geometry": {"type": "Point", "coordinates": [106.87818, -6.239178]}, "properties": {"jenis": "halte_non_brt", "nama": "Bidaracina Jatinegara Jl. Otto Iskandardinata No.59-A, RT.1/RW.4, Kp. Melayu, Kecamatan Jatinegara, Kota Jakarta Timur, ", "jenis_asli": "Reguler", "sumber": "Halte Dinas Bina Marga"}}, {"type": "Feature", "geometry": {"type": "Point", "coordinates": [106.867175, -6.231617]}, "properties": {"jenis": "halte_non_brt", "nama": "Jl. Otista Raya, RW.5, Kp. Melayu, Kecamatan Jatinegara, Kota Jakarta Timur, Daerah Khusus Ibukota Jakarta 13330 (Halte ", "jenis_asli": "Reguler", "sumber": "Halte Dinas Bina Marga"}}, {"type": "Feature", "geometry": {"type": "Point", "coordinates": [106.867652, -6.234915]}, "properties": {"jenis": "halte_non_brt", "nama": "Jl. Otista Raya, RW.13, Kp. Melayu, Kecamatan Jatinegara, Kota Jakarta Timur, Daerah Khusus Ibukota Jakarta 13330 (Sebra", "jenis_asli": "Reguler", "sumber": "Halte Dinas Bina Marga"}}, {"type": "Feature", "geometry": {"type": "Point", "coordinates": [106.868807, -6.237685]}, "properties": {"jenis": "halte_non_brt", "nama": "Jl. Otista Raya 80, RT.2/RW.5, Kp. Melayu, Kecamatan Jatinegara, Kota Jakarta Timur, Daerah Khusus Ibukota Jakarta 13330", "jenis_asli": "Reguler", "sumber": "Halte Dinas Bina Marga"}}, {"type": "Feature", "geometry": {"type": "Point", "coordinates": [106.878203, -6.239195]}, "properties": {"jenis": "halte_non_brt", "nama": "Jl. DI. Panjaitan Timur Jakarta, RT.12/RW.1, Selatan Cipinang Besar, Jatinegara, Timur Jakarta City, Jakarta 13410 (Halt", "jenis_asli": "Reguler", "sumber": "Halte Dinas Bina Marga"}}, {"type": "Feature", "geometry": {"type": "Point", "coordinates": [106.877811, -6.239645]}, "properties": {"jenis": "halte_non_brt", "nama": "Jl. DI. Panjaitan RT.1/RW.3, Cipinang Cempedak, Jatinegara, East Jakarta City, Jakarta (Halte Penas Kalimalang)", "jenis_asli": "Reguler", "sumber": "Halte Dinas Bina Marga"}}, {"type": "Feature", "geometry": {"type": "Point", "coordinates": [106.920834, -6.215571]}, "properties": {"jenis": "halte_non_brt", "nama": "Jl. Cipinang Jaya No.99, RT.3/RW.7, Cipinang Besar Sel., Kecamatan Jatinegara, Kota Jakarta Timur, Daerah Khusus Ibukota", "jenis_asli": "Reguler", "sumber": "Halte Dinas Bina Marga"}}, {"type": "Feature", "geometry": {"type": "Point", "coordinates": [106.884479, -6.225187]}, "properties": {"jenis": "halte_non_brt", "nama": "Jl. Jend. Basuki Rachmat, RT.5/RW.6, Cipinang Besar Sel., Kecamatan Jatinegara, Kota Jakarta Timur, Daerah Khusus Ibukot", "jenis_asli": "Reguler", "sumber": "Halte Dinas Bina Marga"}}, {"type": "Feature", "geometry": {"type": "Point", "coordinates": [106.866222, -6.262858]}, "properties": {"jenis": "halte_brt", "nama": "Jl. Mayjend Sutoyo Cililitan, Kec. Kramat jati, Kota Jakarta Timur, Daerah Khusus Ibukota Jakarta 13510 (Halte Busway PG", "jenis_asli": "Busway", "sumber": "Halte Dinas Bina Marga"}}, {"type": "Feature", "geometry": {"type": "Point", "coordinates": [106.867611, -6.258075]}, "properties": {"jenis": "halte_brt", "nama": "Jl. Mayjen Sutoyo Cililitan, Kec. Kramat jati, Kota Jakarta Timur, Daerah Khusus Ibukota Jakarta (Halte Busway BKN)", "jenis_asli": "Busway", "sumber": "Halte Dinas Bina Marga"}}, {"type": "Feature", "geometry": {"type": "Point", "coordinates": [106.871606, -6.251842]}, "properties": {"jenis": "halte_brt", "nama": "JL. May. Jend. Sutoyo, Cawang, Kec. Kramat Jati 13630 Jakarta Timur, Indonesia, Daerah Khusus Ibukota Jakarta (Halte Bus", "jenis_asli": "Busway", "sumber": "Halte Dinas Bina Marga"}}, {"type": "Feature", "geometry": {"type": "Point", "coordinates": [106.859114, -6.20843]}, "properties": {"jenis": "halte_brt", "nama": "Kp. Melayu RW.6, Cawang, Kec. Kramat jati, Kota Jakarta Timur, Daerah Khusus Ibukota Jakarta 13630 (Halte Busway Cawang ", "jenis_asli": "Busway", "sumber": "Halte Dinas Bina Marga"}}, {"type": "Feature", "geometry": {"type": "Point", "coordinates": [106.874765, -6.225701]}, "properties": {"jenis": "halte_non_brt", "nama": "Jl. Mayjen Sutoyo, RT.9/RW.6, Cawang, Kec. Kramat jati, Kota Jakarta Timur, Daerah Khusus Ibukota Jakarta 13630 (Bawah S", "jenis_asli": "Reguler", "sumber": "Halte Dinas Bina Marga"}}, {"type": "Feature", "geometry": {"type": "Point", "coordinates": [106.871097, -6.29765]}, "properties": {"jenis": "halte_non_brt", "nama": "Jl. Raya Jakarta-Bogor RT.3/RW.7 Kelurahan Kampung Tengah Kecamatan Kramat Jati (Halte Pasar Induk)", "jenis_asli": "Reguler", "sumber": "Halte Dinas Bina Marga"}}, {"type": "Feature", "geometry": {"type": "Point", "coordinates": [106.873577, -6.250345]}, "properties": {"jenis": "halte_brt", "nama": "JL. May. Jend. Sutoyo, Cawang, 13630 Jakarta Timur, Indonesia, Daerah Khusus Ibukota Jakarta (Halte Busway Cawang UKI)", "jenis_asli": "Busway", "sumber": "Halte Dinas Bina Marga"}}, {"type": "Feature", "geometry": {"type": "Point", "coordinates": [106.864947, -6.350616]}, "properties": {"jenis": "halte_non_brt", "nama": "Jl. Raya Jakarta-Bogor, RT.3/RW.7, Kp. Tengah, Kec. Kramat jati, Kota Jakarta Timur, Daerah Khusus Ibukota Jakarta 13540", "jenis_asli": "Reguler", "sumber": "Halte Dinas Bina Marga"}}, {"type": "Feature", "geometry": {"type": "Point", "coordinates": [106.870784, -6.288204]}, "properties": {"jenis": "halte_non_brt", "nama": "Jl. Raya Jakarta-Bogor 19-1, RT.3/RW.1, Kp. Tengah, Kec. Kramat jati, Kota Jakarta Timur, Daerah Khusus Ibukota Jakarta ", "jenis_asli": "Reguler", "sumber": "Halte Dinas Bina Marga"}}, {"type": "Feature", "geometry": {"type": "Point", "coordinates": [106.87112, -6.297608]}, "properties": {"jenis": "halte_non_brt", "nama": "Jl. Raya Jakarta-Bogor, RT.4/RW.1, Kp. Tengah, Kec. Kramat jati, Kota Jakarta Timur, Daerah Khusus Ibukota Jakarta 13540", "jenis_asli": "Reguler", "sumber": "Halte Dinas Bina Marga"}}, {"type": "Feature", "geometry": {"type": "Point", "coordinates": [106.868706, -6.258075]}, "properties": {"jenis": "halte_brt", "nama": "Jl. Mayjend Sutoyo Cililitan, Kramat Jati, East Jakarta City, Jakarta (Halte Busway BKN)", "jenis_asli": "Busway", "sumber": "Halte Dinas Bina Marga"}}, {"type": "Feature", "geometry": {"type": "Point", "coordinates": [106.864485, -6.252771]}, "properties": {"jenis": "halte_non_brt", "nama": "Jl. Dewi sartika (T-B) depan sekolah SMP Yayasan", "jenis_asli": "Reguler", "sumber": "Halte Dinas Bina Marga"}}, {"type": "Feature", "geometry": {"type": "Point", "coordinates": [106.863474, -6.255117]}, "properties": {"jenis": "halte_non_brt", "nama": "Jl. Dewi Sartika (T-B) samping PGC Cililitan", "jenis_asli": "Reguler", "sumber": "Halte Dinas Bina Marga"}}, {"type": "Feature", "geometry": {"type": "Point", "coordinates": [106.867635, -6.232696]}, "properties": {"jenis": "halte_non_brt", "nama": "Jl. Peta Utara (S-U) depan Gelanggang Remaja", "jenis_asli": "Reguler", "sumber": "Halte Dinas Bina Marga"}}, {"type": "Feature", "geometry": {"type": "Point", "coordinates": [106.867635, -6.232696]}, "properties": {"jenis": "halte_non_brt", "nama": "Jl. Peta Utara (S-U) seberang Sekolah SMK PGRI", "jenis_asli": "Reguler", "sumber": "Halte Dinas Bina Marga"}}, {"type": "Feature", "geometry": {"type": "Point", "coordinates": [106.852131, -6.199045]}, "properties": {"jenis": "halte_brt", "nama": "Flyover Pramuka RT 1/RW1 Palmeriam. Kec Matraman (Halte Matraman 2)", "jenis_asli": "Busway", "sumber": "Halte Dinas Bina Marga"}}, {"type": "Feature", "geometry": {"type": "Point", "coordinates": [106.871708, -6.197191]}, "properties": {"jenis": "halte_brt", "nama": "Jl. Utan Kayu Raya no 109b RW10 (Halte Busway Utan Kayu Rawamangun)", "jenis_asli": "Busway", "sumber": "Halte Dinas Bina Marga"}}, {"type": "Feature", "geometry": {"type": "Point", "coordinates": [106.866372, -6.192227]}, "properties": {"jenis": "halte_brt", "nama": "Jl. Pramuka Raya RT.6/RW8Utan Kayu Utara (Halte Busway Pramuka LIA)", "jenis_asli": "Busway", "sumber": "Halte Dinas Bina Marga"}}, {"type": "Feature", "geometry": {"type": "Point", "coordinates": [106.857091, -6.208505]}, "properties": {"jenis": "halte_brt", "nama": "Jl. Matraman Raya RT.4/RW.3 Palmeriam Kec. Matraman (Halte Busway Slamet Riyadi)", "jenis_asli": "Busway", "sumber": "Halte Dinas Bina Marga"}}, {"type": "Feature", "geometry": {"type": "Point", "coordinates": [106.854926, -6.202944]}, "properties": {"jenis": "halte_brt", "nama": "Jl. Matraman Raya RT.5/RW.4 Palmeriam Kec. Matraman (Halte Busway Tegalan)", "jenis_asli": "Busway", "sumber": "Halte Dinas Bina Marga"}}, {"type": "Feature", "geometry": {"type": "Point", "coordinates": [106.854487, -6.200076]}, "properties": {"jenis": "halte_brt", "nama": "Jl. Matraman Raya RT.4/RW.3 Palmeriam Kec. Matraman (Halte Busway Matraman 1 )", "jenis_asli": "Busway", "sumber": "Halte Dinas Bina Marga"}}, {"type": "Feature", "geometry": {"type": "Point", "coordinates": [106.873543, -6.205402]}, "properties": {"jenis": "halte_brt", "nama": "Jl. Utan Kayu Raya no 109b RW10 (Halte Busway Utan Kayu Rawamangun)", "jenis_asli": "Busway", "sumber": "Halte Dinas Bina Marga"}}, {"type": "Feature", "geometry": {"type": "Point", "coordinates": [106.956267, -6.186685]}, "properties": {"jenis": "halte_non_brt", "nama": "Jl. Bekasi Barat RT.13  RW.16 RW Bunga Kec Matraman (Halte ST. KA Jatinegara)", "jenis_asli": "Reguler", "sumber": "Halte Dinas Bina Marga"}}, {"type": "Feature", "geometry": {"type": "Point", "coordinates": [106.877805, -6.239644]}, "properties": {"jenis": "halte_non_brt", "nama": "Jl. Matraman Raya RT.5/RW.9 Palmeriam Kec. Matraman (Halte Gang Kelor )", "jenis_asli": "Reguler", "sumber": "Halte Dinas Bina Marga"}}, {"type": "Feature", "geometry": {"type": "Point", "coordinates": [106.87377, -6.211392]}, "properties": {"jenis": "halte_non_brt", "nama": "Jl. Jend Ahmad Yani RT.8 RW15 Pisangna Baru Kec Matraman (Sebelum Gerbang Tol Jatinegara)", "jenis_asli": "Reguler", "sumber": "Halte Dinas Bina Marga"}}, {"type": "Feature", "geometry": {"type": "Point", "coordinates": [106.915908, -6.182588]}, "properties": {"jenis": "halte_non_brt", "nama": "Jl. Matraman Raya No 108-98 RT.4/RW.3 Palmeriam Kec. Matraman (Halte Dpn Mess Padya )", "jenis_asli": "Reguler", "sumber": "Halte Dinas Bina Marga"}}, {"type": "Feature", "geometry": {"type": "Point", "coordinates": [106.855606, -6.202945]}, "properties": {"jenis": "halte_brt", "nama": "Jl. Matraman Raya RT.5/RW.4 Palmeriam Kec. Matraman (Halte Busway Tegalan)", "jenis_asli": "Busway", "sumber": "Halte Dinas Bina Marga"}}, {"type": "Feature", "geometry": {"type": "Point", "coordinates": [106.922211, -6.215965]}, "properties": {"jenis": "halte_brt", "nama": "Jl. Raden Intan Raya, Klender, Kec. Duren Sawit, Kota Jakarta Timur, Daerah Khusus Ibukota Jakarta 13470 (Halte Busway F", "jenis_asli": "Busway", "sumber": "Halte Dinas Bina Marga"}}, {"type": "Feature", "geometry": {"type": "Point", "coordinates": [106.882651, -6.21512]}, "properties": {"jenis": "halte_brt", "nama": "Jl. I Gusti Ngurah Rai, RW.9, Jatinegara, Kec. Cakung, Kota Jakarta Timur, Daerah Khusus Ibukota Jakarta 13470 (Halte Bu", "jenis_asli": "Busway", "sumber": "Halte Dinas Bina Marga"}}, {"type": "Feature", "geometry": {"type": "Point", "coordinates": [106.909691, -6.214385]}, "properties": {"jenis": "halte_brt", "nama": "Jl. I Gusti Ngurah Rai RT.14/RW.17, Klender, Duren Sawit, Kota Jakarta Timur, 13470 (Halte Busway Kampung Sumur)", "jenis_asli": "Busway", "sumber": "Halte Dinas Bina Marga"}}, {"type": "Feature", "geometry": {"type": "Point", "coordinates": [106.913033, -6.216636]}, "properties": {"jenis": "halte_brt", "nama": "01, Jl. I Gusti Ngurah Rai No.35, RT.8, Klender, Kec. Duren Sawit, Kota Jakarta Timur, Daerah Khusus Ibukota Jakarta 134", "jenis_asli": "Busway", "sumber": "Halte Dinas Bina Marga"}}, {"type": "Feature", "geometry": {"type": "Point", "coordinates": [106.871073, -6.20347]}, "properties": {"jenis": "halte_brt", "nama": "Jl. I Gusti Ngurah Rai, RT.2/RW.1, Klender, Kec. Duren Sawit, Kota Jakarta Timur, Daerah Khusus Ibukota Jakarta 13470 (H", "jenis_asli": "Busway", "sumber": "Halte Dinas Bina Marga"}}, {"type": "Feature", "geometry": {"type": "Point", "coordinates": [106.94276, -6.240528]}, "properties": {"jenis": "halte_non_brt", "nama": "Jl. H. Naman, RT.17/RW.2, Pd. Klp., Kec. Duren Sawit, Kota Jakarta Timur, Daerah Khusus Ibukota Jakarta 13450 (Halte Dep", "jenis_asli": "Reguler", "sumber": "Halte Dinas Bina Marga"}}, {"type": "Feature", "geometry": {"type": "Point", "coordinates": [106.904048, -6.232308]}, "properties": {"jenis": "halte_non_brt", "nama": "Jl. Raden Inten II No.3, RT.8/RW.14, Klender, Kec. Duren Sawit, Kota Jakarta Timur, Daerah Khusus Ibukota Jakarta 13470 ", "jenis_asli": "Reguler", "sumber": "Halte Dinas Bina Marga"}}, {"type": "Feature", "geometry": {"type": "Point", "coordinates": [106.877895, -6.2419]}, "properties": {"jenis": "halte_non_brt", "nama": "Pd. Klp., Kec. Duren Sawit, Kota Jakarta Timur, Daerah Khusus Ibukota Jakarta (Halte H. Naman)", "jenis_asli": "Reguler", "sumber": "Halte Dinas Bina Marga"}}, {"type": "Feature", "geometry": {"type": "Point", "coordinates": [106.94207, -6.249476]}, "properties": {"jenis": "halte_non_brt", "nama": "Pd. Klp., Kec. Duren Sawit, Kota Jakarta Timur, Daerah Khusus Ibukota Jakarta (Halte H. Naman 2)", "jenis_asli": "Reguler", "sumber": "Halte Dinas Bina Marga"}}, {"type": "Feature", "geometry": {"type": "Point", "coordinates": [106.910179, -6.214167]}, "properties": {"jenis": "halte_non_brt", "nama": "Jl. I Gusti Ngurah Rai, RT.5/RW.9, Klender, Kec. Duren Sawit, Kota Jakarta Timur, Daerah Khusus Ibukota Jakarta 13470 (H", "jenis_asli": "Reguler", "sumber": "Halte Dinas Bina Marga"}}, {"type": "Feature", "geometry": {"type": "Point", "coordinates": [106.868728, -6.237655]}, "properties": {"jenis": "halte_non_brt", "nama": "Jl. Raya Kalimalang 77, RT.10/RW.8, Pd. Klp., Kec. Duren Sawit, Kota Jakarta Timur, Daerah Khusus Ibukota Jakarta 13450 ", "jenis_asli": "Reguler", "sumber": "Halte Dinas Bina Marga"}}, {"type": "Feature", "geometry": {"type": "Point", "coordinates": [106.93006, -6.248776]}, "properties": {"jenis": "halte_non_brt", "nama": "Jl. Raya Kalimalang 23, RT.4/RW.10, Pd. Klp., Kec. Duren Sawit, Kota Jakarta Timur, Daerah Khusus Ibukota Jakarta 13450 ", "jenis_asli": "Reguler", "sumber": "Halte Dinas Bina Marga"}}, {"type": "Feature", "geometry": {"type": "Point", "coordinates": [106.881301, -6.227079]}, "properties": {"jenis": "halte_non_brt", "nama": "Jl. Raden Inten II No.110, RT.8/RW.14, Duren Sawit, Kec. Duren Sawit, Kota Jakarta Timur, Daerah Khusus Ibukota Jakarta ", "jenis_asli": "Reguler", "sumber": "Halte Dinas Bina Marga"}}, {"type": "Feature", "geometry": {"type": "Point", "coordinates": [106.923577, -6.219287]}, "properties": {"jenis": "halte_non_brt", "nama": "Jl. Raden Inten II, RT.9/RW.15, Duren Sawit, Kec. Duren Sawit, Kota Jakarta Timur, Daerah Khusus Ibukota Jakarta 13440 (", "jenis_asli": "Reguler", "sumber": "Halte Dinas Bina Marga"}}, {"type": "Feature", "geometry": {"type": "Point", "coordinates": [106.933919, -6.217129]}, "properties": {"jenis": "halte_non_brt", "nama": "Jl. I Gusti Ngurah Rai, Kec. Duren Sawit, Kota Jakarta Timur, Daerah Khusus Ibukota Jakarta 13460 (Halte Pondok Kopi)", "jenis_asli": "Reguler", "sumber": "Halte Dinas Bina Marga"}}, {"type": "Feature", "geometry": {"type": "Point", "coordinates": [106.897954, -6.213574]}, "properties": {"jenis": "halte_non_brt", "nama": "Jl. I Gusti Ngurah Rai, RT.9/RW.8, Cipinang, Kec. Pulo Gadung, Kota Jakarta Timur, Daerah Khusus Ibukota Jakarta 13240 (", "jenis_asli": "Reguler", "sumber": "Halte Dinas Bina Marga"}}, {"type": "Feature", "geometry": {"type": "Point", "coordinates": [106.781776, -6.25648]}, "properties": {"jenis": "halte_non_brt", "nama": "Jl. Metro Pondok Indah, RT.1/RW.16, Pd. Pinang, Kec. Kby. Lama, Kota Jakarta Selatan, Daerah Khusus Ibukota Jakarta 1231", "jenis_asli": "Reguler", "sumber": "Halte Dinas Bina Marga"}}, {"type": "Feature", "geometry": {"type": "Point", "coordinates": [106.79005, -6.235836]}, "properties": {"jenis": "halte_non_brt", "nama": "Grogol Sel., Kec. Kby. Lama, Kota Jakarta Selatan, Daerah Khusus Ibukota Jakarta (Halte Simprug 1)", "jenis_asli": "Reguler", "sumber": "Halte Dinas Bina Marga"}}, {"type": "Feature", "geometry": {"type": "Point", "coordinates": [106.762292, -6.277507]}, "properties": {"jenis": "halte_non_brt", "nama": "Jl. Ciputat Raya, RT.3/RW.10, Kby. Lama Sel., Kec. Kby. Lama, Kota Jakarta Selatan, Daerah Khusus Ibukota Jakarta 12240 ", "jenis_asli": "Reguler", "sumber": "Halte Dinas Bina Marga"}}, {"type": "Feature", "geometry": {"type": "Point", "coordinates": [106.783712, -6.267423]}, "properties": {"jenis": "halte_non_brt", "nama": "Jl. Sultan Iskandar Muda, Jakarta Selatan, RW.16, Pd. Pinang, Kec. Kby. Lama, Kota Jakarta Selatan, Daerah Khusus Ibukot", "jenis_asli": "Reguler", "sumber": "Halte Dinas Bina Marga"}}, {"type": "Feature", "geometry": {"type": "Point", "coordinates": [106.777478, -6.257243]}, "properties": {"jenis": "halte_non_brt", "nama": "Jl. Metro Pondok Indah, RT.15/RW.13, Pd. Pinang, Kec. Kby. Lama, Kota Jakarta Selatan, Daerah Khusus Ibukota Jakarta 123", "jenis_asli": "Reguler", "sumber": "Halte Dinas Bina Marga"}}, {"type": "Feature", "geometry": {"type": "Point", "coordinates": [106.782035, -6.261438]}, "properties": {"jenis": "halte_non_brt", "nama": "Jl. Sultan Iskandar Muda 24-5, RT.6/RW.9, Kby. Lama Sel., Kec. Kby. Lama, Kota Jakarta Selatan, Daerah Khusus Ibukota Ja", "jenis_asli": "Reguler", "sumber": "Halte Dinas Bina Marga"}}, {"type": "Feature", "geometry": {"type": "Point", "coordinates": [106.788685, -6.232211]}, "properties": {"jenis": "halte_non_brt", "nama": "Jl. Teuku Nyak Arief, RT.4/RW.2, Grogol Sel., Kec. Kby. Lama, Kota Jakarta Selatan, Daerah Khusus Ibukota Jakarta 12220 ", "jenis_asli": "Reguler", "sumber": "Halte Dinas Bina Marga"}}, {"type": "Feature", "geometry": {"type": "Point", "coordinates": [106.783546, -6.21177]}, "properties": {"jenis": "halte_non_brt", "nama": "Jl. Kyai Maja, RT.11/RW.7, Gunung, Kec. Kby. Baru, Kota Jakarta Selatan, Daerah Khusus Ibukota Jakarta 12130 (Halte Samp", "jenis_asli": "Reguler", "sumber": "Halte Dinas Bina Marga"}}, {"type": "Feature", "geometry": {"type": "Point", "coordinates": [106.778536, -6.218499]}, "properties": {"jenis": "halte_non_brt", "nama": "Jl. Raya Kby. Lama 35, RT.6, Grogol Utara, Kec. Kby. Lama, Kota Jakarta Selatan, Daerah Khusus Ibukota Jakarta 11560 (Ha", "jenis_asli": "Reguler", "sumber": "Halte Dinas Bina Marga"}}, {"type": "Feature", "geometry": {"type": "Point", "coordinates": [106.778506, -6.217914]}, "properties": {"jenis": "halte_non_brt", "nama": "Jl. Raya Kby. Lama 40-310, RT.2/RW.1, Grogol Utara, Kec. Kby. Lama, Kota Jakarta Selatan, Daerah Khusus Ibukota Jakarta ", "jenis_asli": "Reguler", "sumber": "Halte Dinas Bina Marga"}}, {"type": "Feature", "geometry": {"type": "Point", "coordinates": [106.796585, -6.239875]}, "properties": {"jenis": "halte_non_brt", "nama": "Jl. Trunojoyo, RT.2/RW.1, Selong, Kec. Kby. Baru, Kota Jakarta Selatan, Daerah Khusus Ibukota Jakarta 12110 (Halte Bus W", "jenis_asli": "Reguler", "sumber": "Halte Dinas Bina Marga"}}, {"type": "Feature", "geometry": {"type": "Point", "coordinates": [106.79966, -6.239836]}, "properties": {"jenis": "halte_non_brt", "nama": "Jl. Raya Kby. Lama, RT.11/RW.1, Grogol Sel., Kec. Kby. Lama, Kota Jakarta Selatan, Daerah Khusus Ibukota Jakarta 12220 (", "jenis_asli": "Reguler", "sumber": "Halte Dinas Bina Marga"}}, {"type": "Feature", "geometry": {"type": "Point", "coordinates": [106.780308, -6.233395]}, "properties": {"jenis": "halte_non_brt", "nama": "Jl. Gatot Subroto 21, RT.9/RW.1, Menteng Dalam, Kec. Tebet, Kota Jakarta Selatan, Daerah Khusus Ibukota Jakarta 12870 (S", "jenis_asli": "Reguler", "sumber": "Halte Dinas Bina Marga"}}, {"type": "Feature", "geometry": {"type": "Point", "coordinates": [106.854908, -6.243013]}, "properties": {"jenis": "halte_non_brt", "nama": "Jl. MT. Haryono , RT.4/RW.2, Tebet Tim., Kec. Tebet, Kota Jakarta Selatan, Daerah Khusus Ibukota Jakarta 12820 (Depan Wi", "jenis_asli": "Reguler", "sumber": "Halte Dinas Bina Marga"}}, {"type": "Feature", "geometry": {"type": "Point", "coordinates": [106.808187, -6.230765]}, "properties": {"jenis": "halte_non_brt", "nama": "Jl. Senopati 49, RT.7/RW.3, Selong, Kec. Kby. Baru, Kota Jakarta Selatan, Daerah Khusus Ibukota Jakarta 12110 (Halte Sek", "jenis_asli": "Reguler", "sumber": "Halte Dinas Bina Marga"}}, {"type": "Feature", "geometry": {"type": "Point", "coordinates": [106.814068, -6.222261]}, "properties": {"jenis": "halte_non_brt", "nama": "Jl. Gatot Subroto, RT.5/RW.3, Senayan, Kec. Kby. Baru, Kota Jakarta Selatan, Daerah Khusus Ibukota Jakarta 12190 (Depan ", "jenis_asli": "Reguler", "sumber": "Halte Dinas Bina Marga"}}, {"type": "Feature", "geometry": {"type": "Point", "coordinates": [106.845629, -6.212562]}, "properties": {"jenis": "halte_non_brt", "nama": "Jl. Senopati 68-44, RT.6, Senayan, Kec. Kby. Baru, Kota Jakarta Selatan, Daerah Khusus Ibukota Jakarta 12110 (Halte Seno", "jenis_asli": "Reguler", "sumber": "Halte Dinas Bina Marga"}}, {"type": "Feature", "geometry": {"type": "Point", "coordinates": [106.818126, -6.228211]}, "properties": {"jenis": "halte_non_brt", "nama": "Jl. Gatot Subroto 10, RT.6/RW.1, Kuningan Bar., Kec. Mampang Prpt., Kota Jakarta Selatan, Daerah Khusus Ibukota Jakarta ", "jenis_asli": "Reguler", "sumber": "Halte Dinas Bina Marga"}}, {"type": "Feature", "geometry": {"type": "Point", "coordinates": [106.822017, -6.232932]}, "properties": {"jenis": "halte_non_brt", "nama": "Jl. Gatot Subroto 44, RT.3/RW.2, Kuningan Bar., Kec. Mampang Prpt., Kota Jakarta Selatan, Daerah Khusus Ibukota Jakarta ", "jenis_asli": "Reguler", "sumber": "Halte Dinas Bina Marga"}}, {"type": "Feature", "geometry": {"type": "Point", "coordinates": [106.819626, -6.230421]}, "properties": {"jenis": "halte_non_brt", "nama": "Jl. Gatot Subroto, No.72, Komp MBAU Jaksel, RT.6/RW.1, Kuningan Bar., Kec. Mampang Prpt., Kota Jakarta Selatan, Daerah K", "jenis_asli": "Reguler", "sumber": "Halte Dinas Bina Marga"}}, {"type": "Feature", "geometry": {"type": "Point", "coordinates": [106.826741, -6.296141]}, "properties": {"jenis": "halte_non_brt", "nama": "Jl. TB Simatupang, RT.1/RW.5, Ragunan, Kec. Ps. Minggu, Kota Jakarta Selatan, Daerah Khusus Ibukota Jakarta 12550 (Halte", "jenis_asli": "Reguler", "sumber": "Halte Dinas Bina Marga"}}, {"type": "Feature", "geometry": {"type": "Point", "coordinates": [106.836038, -6.301133]}, "properties": {"jenis": "halte_non_brt", "nama": "Jl. TB Simatupang, RT.5/RW.9, Ps. Minggu, Kec. Ps. Minggu, Kota Jakarta Selatan, Daerah Khusus Ibukota Jakarta 12520 (Ba", "jenis_asli": "Reguler", "sumber": "Halte Dinas Bina Marga"}}, {"type": "Feature", "geometry": {"type": "Point", "coordinates": [106.805588, -6.224546]}, "properties": {"jenis": "halte_non_brt", "nama": "Jl. Jend. Sudirman 35-55, RT.5/RW.3, Senayan, Kec. Kby. Baru, Kota Jakarta Selatan, Daerah Khusus Ibukota Jakarta 10270 ", "jenis_asli": "Reguler", "sumber": "Halte Dinas Bina Marga"}}, {"type": "Feature", "geometry": {"type": "Point", "coordinates": [106.855711, -6.256147]}, "properties": {"jenis": "halte_non_brt", "nama": "JL. PENGADEGAN TIMUR Jakarta Selatan, Kec. Tebet, Kota Jakarta Selatan, Daerah Khusus Ibukota Jakarta 12820 (Depan Stasi", "jenis_asli": "Reguler", "sumber": "Halte Dinas Bina Marga"}}, {"type": "Feature", "geometry": {"type": "Point", "coordinates": [106.832593, -6.22234]}, "properties": {"jenis": "halte_non_brt", "nama": "Jl. HR. Rasuna Said Jakarta Selatan, RT.2/RW.5, Karet Kuningan, Kecamatan Setiabudi, Kota Jakarta Selatan, Daerah Khusus", "jenis_asli": "Reguler", "sumber": "Halte Dinas Bina Marga"}}, {"type": "Feature", "geometry": {"type": "Point", "coordinates": [106.859423, -6.218366]}, "properties": {"jenis": "halte_non_brt", "nama": "Jl. Bukit Duri Utara 247, RT.2/RW.12, Bukit Duri, Kec. Tebet, Kota Jakarta Selatan, Daerah Khusus Ibukota Jakarta 12840 ", "jenis_asli": "Reguler", "sumber": "Halte Dinas Bina Marga"}}, {"type": "Feature", "geometry": {"type": "Point", "coordinates": [106.818509, -6.228769]}, "properties": {"jenis": "halte_non_brt", "nama": "Jl. Gatot Subroto 10, RT.6/RW.1, Kuningan Bar., Kec. Mampang Prpt., Kota Jakarta Selatan, Daerah Khusus Ibukota Jakarta ", "jenis_asli": "Reguler", "sumber": "Halte Dinas Bina Marga"}}, {"type": "Feature", "geometry": {"type": "Point", "coordinates": [106.816765, -6.225447]}, "properties": {"jenis": "halte_non_brt", "nama": "Jl. Gatot Subroto 27-54, RT.2/RW.4, Karet Semanggi, Kecamatan Setiabudi, Kota Jakarta Selatan, Daerah Khusus Ibukota Jak", "jenis_asli": "Reguler", "sumber": "Halte Dinas Bina Marga"}}, {"type": "Feature", "geometry": {"type": "Point", "coordinates": [106.81807, -6.228132]}, "properties": {"jenis": "halte_non_brt", "nama": "Jl. Gatot Subroto No.27, RT.2/RW.4, Karet Semanggi, Setia Budi, Kota Jakarta Selatan, Daerah Khusus Ibukota Jakarta 1293", "jenis_asli": "Reguler", "sumber": "Halte Dinas Bina Marga"}}, {"type": "Feature", "geometry": {"type": "Point", "coordinates": [106.821889, -6.232817]}, "properties": {"jenis": "halte_non_brt", "nama": "Jl. Gatot Subroto, RT.4/RW.3, Kuningan, Kuningan Tim., Kecamatan Setiabudi, Kota Jakarta Selatan, Daerah Khusus Ibukota ", "jenis_asli": "Reguler", "sumber": "Halte Dinas Bina Marga"}}, {"type": "Feature", "geometry": {"type": "Point", "coordinates": [106.767813, -6.259925]}, "properties": {"jenis": "halte_non_brt", "nama": "Jl. IKPN Bintaro, RT.10/RW.10, Bintaro, Kec. Pesanggrahan, Kota Jakarta Selatan, Daerah Khusus Ibukota Jakarta 12330 (Ha", "jenis_asli": "Reguler", "sumber": "Halte Dinas Bina Marga"}}, {"type": "Feature", "geometry": {"type": "Point", "coordinates": [106.829926, -6.20865]}, "properties": {"jenis": "halte_non_brt", "nama": "Jl. HR. Rasuna Said sisi Timur Jakarta Selatan, RT.5/RW.5, Kuningan, Karet, Kecamatan Setiabudi, Kota Jakarta Selatan, D", "jenis_asli": "Reguler", "sumber": "Halte Dinas Bina Marga"}}, {"type": "Feature", "geometry": {"type": "Point", "coordinates": [106.82147, -6.33931]}, "properties": {"jenis": "halte_non_brt", "nama": "Jl. Moh. Kahfi 1 5, RT.6/RW.6, Ciganjur, Kec. Jagakarsa, Kota Jakarta Selatan, Daerah Khusus Ibukota Jakarta 12630 (Halt", "jenis_asli": "Reguler", "sumber": "Halte Dinas Bina Marga"}}, {"type": "Feature", "geometry": {"type": "Point", "coordinates": [106.88707, -6.214255]}, "properties": {"jenis": "halte_non_brt", "nama": "Jl. Bekasi Tim. Raya, RT.1/RW.9, Pisangan Tim., Kec. Pulo Gadung, Kota Jakarta Timur, Daerah Khusus Ibukota Jakarta 1323", "jenis_asli": "Reguler", "sumber": "Halte Dinas Bina Marga"}}, {"type": "Feature", "geometry": {"type": "Point", "coordinates": [106.890472, -6.193583]}, "properties": {"jenis": "halte_non_brt", "nama": "Jl. Pemuda, RT.2/RW.7, Rawamangun, Kec. Pulo Gadung, Kota Jakarta Timur, Daerah Khusus Ibukota Jakarta 13220 (Halte Bala", "jenis_asli": "Reguler", "sumber": "Halte Dinas Bina Marga"}}, {"type": "Feature", "geometry": {"type": "Point", "coordinates": [106.899101, -6.193455]}, "properties": {"jenis": "halte_brt", "nama": "Jl. Pemuda, RT.12/RW.4, Jati, Kec. Pulo Gadung, Kota Jakarta Timur, Daerah Khusus Ibukota Jakarta 13220 (Halte Busway La", "jenis_asli": "Busway", "sumber": "Halte Dinas Bina Marga"}}, {"type": "Feature", "geometry": {"type": "Point", "coordinates": [106.90583, -6.187418]}, "properties": {"jenis": "halte_brt", "nama": "Jl. Pemuda No.2, Jatinegara Kaum, Kec. Pulo Gadung, Kota Jakarta Timur, Daerah Khusus Ibukota Jakarta 13250 (Halte TU Ga", "jenis_asli": "Busway", "sumber": "Halte Dinas Bina Marga"}}, {"type": "Feature", "geometry": {"type": "Point", "coordinates": [106.887002, -6.193403]}, "properties": {"jenis": "halte_brt", "nama": "Jl. Pemuda RT.8/RW.5, Rawamangun, Kec. Pulo Gadung, Kota Jakarta Timur, Daerah Khusus Ibukota Jakarta 13220 (Halte Buswa", "jenis_asli": "Busway", "sumber": "Halte Dinas Bina Marga"}}, {"type": "Feature", "geometry": {"type": "Point", "coordinates": [106.878053, -6.192915]}, "properties": {"jenis": "halte_brt", "nama": "Jl. Pemuda, RT.13/RW.2, Rawamangun, Kec. Pulo Gadung, Kota Jakarta Timur, Daerah Khusus Ibukota Jakarta 13220 (Halte Bus", "jenis_asli": "Busway", "sumber": "Halte Dinas Bina Marga"}}, {"type": "Feature", "geometry": {"type": "Point", "coordinates": [106.892781, -6.174639]}, "properties": {"jenis": "halte_non_brt", "nama": "Jl. Perintis Kemerdekaan JPO Pedongkelan dekat SMK", "jenis_asli": "Reguler", "sumber": "Halte Dinas Bina Marga"}}, {"type": "Feature", "geometry": {"type": "Point", "coordinates": [106.888816, -6.171951]}, "properties": {"jenis": "halte_non_brt", "nama": "Jl. Perintis Kemerdekaan JPO Pulomas, sebrang smk bahariawan", "jenis_asli": "Reguler", "sumber": "Halte Dinas Bina Marga"}}, {"type": "Feature", "geometry": {"type": "Point", "coordinates": [106.898108, -6.176988]}, "properties": {"jenis": "halte_non_brt", "nama": "Jl. Perintis Kemerdekaan (B-T) depan Halte Busway", "jenis_asli": "Reguler", "sumber": "Halte Dinas Bina Marga"}}, {"type": "Feature", "geometry": {"type": "Point", "coordinates": [106.883024, -6.201799]}, "properties": {"jenis": "halte_non_brt", "nama": "Jl. Persahabatan Utara (T-B) depan RSU.Persahabatan Jakti", "jenis_asli": "Reguler", "sumber": "Halte Dinas Bina Marga"}}, {"type": "Feature", "geometry": {"type": "Point", "coordinates": [106.882981, -6.192695]}, "properties": {"jenis": "halte_non_brt", "nama": "Jl.Pemuda Kavling 61 Rawa mangun", "jenis_asli": "Reguler", "sumber": "Halte Dinas Bina Marga"}}, {"type": "Feature", "geometry": {"type": "Point", "coordinates": [106.889391, -6.192971]}, "properties": {"jenis": "halte_non_brt", "nama": "Jl. Pemuda Kavling depan GOR Balap Sepeda Rawa Mangun", "jenis_asli": "Reguler", "sumber": "Halte Dinas Bina Marga"}}, {"type": "Feature", "geometry": {"type": "Point", "coordinates": [106.869668, -6.245855]}, "properties": {"jenis": "halte_brt", "nama": "Jl. Raya Pd. Gede No.18c, RT.1/RW.1, Pinang Ranti, Kec. Makasar, Kota Jakarta Timur, Daerah Khusus Ibukota Jakarta 13560", "jenis_asli": "Busway", "sumber": "Halte Dinas Bina Marga"}}, {"type": "Feature", "geometry": {"type": "Point", "coordinates": [106.881213, -6.29021]}, "properties": {"jenis": "halte_brt", "nama": "Gg. Madrasah, Pinang Ranti, Kec. Makasar, Kota Jakarta Timur, Daerah Khusus Ibukota Jakarta 13560 (Halte Busway Garuda T", "jenis_asli": "Busway", "sumber": "Halte Dinas Bina Marga"}}, {"type": "Feature", "geometry": {"type": "Point", "coordinates": [106.85662, -6.202403]}, "properties": {"jenis": "halte_non_brt", "nama": "Pintu 1 Tmii, RW.3, Pinang Ranti, Kec. Makasar, Kota Jakarta Timur, Daerah Khusus Ibukota Jakarta 13560 (Halte Bawah Kec", "jenis_asli": "Reguler", "sumber": "Halte Dinas Bina Marga"}}, {"type": "Feature", "geometry": {"type": "Point", "coordinates": [106.889117, -6.290418]}, "properties": {"jenis": "halte_non_brt", "nama": "Jl. Raya Pd. Gede 18, RT.2/RW.1, Halim Perdana Kusumah, Kec. Makasar, Kota Jakarta Timur, Daerah Khusus Ibukota Jakarta ", "jenis_asli": "Reguler", "sumber": "Halte Dinas Bina Marga"}}, {"type": "Feature", "geometry": {"type": "Point", "coordinates": [106.88668, -6.193382]}, "properties": {"jenis": "halte_non_brt", "nama": "Jl. Raya Pd. Gede, Lubang Buaya, Kec. Makasar, Kota Jakarta Timur, Daerah Khusus Ibukota Jakarta 13810 (Depan RS Haji Po", "jenis_asli": "Reguler", "sumber": "Halte Dinas Bina Marga"}}, {"type": "Feature", "geometry": {"type": "Point", "coordinates": [106.889412, -6.29037]}, "properties": {"jenis": "halte_non_brt", "nama": "Jl. Raya Pd. Gede, Lubang Buaya, Kec. Makasar, Kota Jakarta Timur, Daerah Khusus Ibukota Jakarta 13810 (Sebrang RS Haji ", "jenis_asli": "Reguler", "sumber": "Halte Dinas Bina Marga"}}, {"type": "Feature", "geometry": {"type": "Point", "coordinates": [106.891359, -6.256713]}, "properties": {"jenis": "halte_non_brt", "nama": "Jl. Rajawali Raya 2-4, RT.5/RW.11, Halim Perdana Kusumah, Kec. Makasar, Kota Jakarta Timur, Daerah Khusus Ibukota Jakart", "jenis_asli": "Reguler", "sumber": "Halte Dinas Bina Marga"}}, {"type": "Feature", "geometry": {"type": "Point", "coordinates": [106.86906, -6.340052]}, "properties": {"jenis": "halte_non_brt", "nama": "Jl. Raya Jakarta-Bogor, Pekayon, Kec. Ps. Rebo, Kota Jakarta Timur, Daerah Khusus Ibukota Jakarta 13710 (Halte Unex)", "jenis_asli": "Reguler", "sumber": "Halte Dinas Bina Marga"}}, {"type": "Feature", "geometry": {"type": "Point", "coordinates": [106.864943, -6.35067]}, "properties": {"jenis": "halte_non_brt", "nama": "Jl. Raya Jakarta-Bogor, RT.6/RW.2, Pekayon, Kec. Ps. Rebo, Kota Jakarta Timur, Daerah Khusus Ibukota Jakarta 13710 (Halt", "jenis_asli": "Reguler", "sumber": "Halte Dinas Bina Marga"}}, {"type": "Feature", "geometry": {"type": "Point", "coordinates": [106.8638, -6.351444]}, "properties": {"jenis": "halte_non_brt", "nama": "Jl. Raya Jakarta-Bogor, RT.1/RW.3, Pekayon, Kec. Ps. Rebo, Kota Jakarta Timur, Daerah Khusus Ibukota Jakarta 13710 (Sebr", "jenis_asli": "Reguler", "sumber": "Halte Dinas Bina Marga"}}, {"type": "Feature", "geometry": {"type": "Point", "coordinates": [106.835926, -6.301072]}, "properties": {"jenis": "halte_non_brt", "nama": "Jl. TB Simatupang, Gedong, Kec. Ps. Rebo, Kota Jakarta Timur, Daerah Khusus Ibukota Jakarta 13760 (Sebrang Superindo)", "jenis_asli": "Reguler", "sumber": "Halte Dinas Bina Marga"}}, {"type": "Feature", "geometry": {"type": "Point", "coordinates": [106.862488, -6.304655]}, "properties": {"jenis": "halte_non_brt", "nama": "Jl. TB Simatupang, RT.3/RW.11, Gedong, Kec. Ps. Rebo, Kota Jakarta Timur, Daerah Khusus Ibukota Jakarta 13760 (Samping G", "jenis_asli": "Reguler", "sumber": "Halte Dinas Bina Marga"}}, {"type": "Feature", "geometry": {"type": "Point", "coordinates": [106.862541, -6.304681]}, "properties": {"jenis": "halte_non_brt", "nama": "Jl. TB Simatupang 39, RT.3/RW.11, Gedong, Kec. Ps. Rebo, Kota Jakarta Timur, Daerah Khusus Ibukota Jakarta 13760 (Sebran", "jenis_asli": "Reguler", "sumber": "Halte Dinas Bina Marga"}}, {"type": "Feature", "geometry": {"type": "Point", "coordinates": [106.823426, -6.204413]}, "properties": {"jenis": "halte_brt", "nama": "Jl. Galunggung Jakarta Selatan, RT.3/RW.3, Kuningan, Setia Budi, Kecamatan Setiabudi, Kota Jakarta Selatan, Daerah Khusu", "jenis_asli": "Busway", "sumber": "Halte Dinas Bina Marga"}}, {"type": "Feature", "geometry": {"type": "Point", "coordinates": [106.83033, -6.205054]}, "properties": {"jenis": "halte_brt", "nama": "Jl. Sultan Agung, RT.12/RW.6, Guntur, Kecamatan Setiabudi, Kota Jakarta Selatan, Daerah Khusus Ibukota Jakarta 12980 (Ha", "jenis_asli": "Busway", "sumber": "Halte Dinas Bina Marga"}}, {"type": "Feature", "geometry": {"type": "Point", "coordinates": [106.8241, -6.285368]}, "properties": {"jenis": "halte_brt", "nama": "Jl. Warung Jati Barat, RT.3/RW.5, Jati Padang, Kec. Ps. Minggu, Kota Jakarta Selatan, Daerah Khusus Ibukota Jakarta 1254", "jenis_asli": "Busway", "sumber": "Halte Dinas Bina Marga"}}, {"type": "Feature", "geometry": {"type": "Point", "coordinates": [106.85812, -6.242953]}, "properties": {"jenis": "halte_brt", "nama": "Mt Haryono, RT.8/RW.9, Tebet Tim., Kec. Tebet, Kota Jakarta Selatan, Daerah Khusus Ibukota Jakarta 12820 (Halte Busway C", "jenis_asli": "Busway", "sumber": "Halte Dinas Bina Marga"}}, {"type": "Feature", "geometry": {"type": "Point", "coordinates": [106.828128, -6.237028]}, "properties": {"jenis": "halte_brt", "nama": "Gatot Subroto Menteng Dalam, Kec. Tebet, Kota Jakarta Selatan, Daerah Khusus Ibukota Jakarta (Halte Busway Pancoran Bara", "jenis_asli": "Busway", "sumber": "Halte Dinas Bina Marga"}}, {"type": "Feature", "geometry": {"type": "Point", "coordinates": [106.781031, -6.2384]}, "properties": {"jenis": "halte_brt", "nama": "12230, Jl. Sultan Iskandar Muda, Kby. Lama Utara, Kec. Kby. Lama, Kota Jakarta Selatan, Daerah Khusus Ibukota Jakarta 12", "jenis_asli": "Busway", "sumber": "Halte Dinas Bina Marga"}}, {"type": "Feature", "geometry": {"type": "Point", "coordinates": [106.79439, -6.239864]}, "properties": {"jenis": "halte_non_brt", "nama": "Jl. Sultan Iskandar Muda, RT.10/RW.6, Kby. Lama Utara, Kec. Kby. Lama, Kota Jakarta Selatan, Daerah Khusus Ibukota Jakar", "jenis_asli": "Reguler", "sumber": "Halte Dinas Bina Marga"}}, {"type": "Feature", "geometry": {"type": "Point", "coordinates": [106.781055, -6.254146]}, "properties": {"jenis": "halte_non_brt", "nama": "Jl. Iskandar Muda RT.7/RW.8, Kelurahan Kebayoran Lama Selatan, Kecamatan Kebayoran Lama (Halte Kodam)", "jenis_asli": "Reguler", "sumber": "Halte Dinas Bina Marga"}}, {"type": "Feature", "geometry": {"type": "Point", "coordinates": [106.780274, -6.283992]}, "properties": {"jenis": "halte_non_brt", "nama": "Jl. Nasional 12, Jakarta Selatan, RT.6/RW.7, Pd. Pinang, Kec. Kby. Lama, Kota Jakarta Selatan, Daerah Khusus Ibukota Jak", "jenis_asli": "Reguler", "sumber": "Halte Dinas Bina Marga"}}, {"type": "Feature", "geometry": {"type": "Point", "coordinates": [106.781614, -6.258285]}, "properties": {"jenis": "halte_non_brt", "nama": "Jl. RC. Veteran Raya 2-6, RT.4/RW.11, Bintaro, Kec. Pesanggrahan, Kota Jakarta Selatan, Daerah Khusus Ibukota Jakarta 12", "jenis_asli": "Reguler", "sumber": "Halte Dinas Bina Marga"}}, {"type": "Feature", "geometry": {"type": "Point", "coordinates": [106.838954, -6.207136]}, "properties": {"jenis": "halte_brt", "nama": "Jalan Pasar rumput, RT.1/RW.3, Ps. Manggis, Kecamatan Setiabudi, Kota Jakarta Selatan, Daerah Khusus Ibukota Jakarta 129", "jenis_asli": "Busway", "sumber": "Halte Dinas Bina Marga"}}, {"type": "Feature", "geometry": {"type": "Point", "coordinates": [106.84511, -6.208906]}, "properties": {"jenis": "halte_brt", "nama": "Jalan Tambak, Indonesia|Jl. Sultan Agung Manggarai Tebet Jakarta Selatan DKI Jakarta, Indonesia, Daerah Khusus Ibukota J", "jenis_asli": "Busway", "sumber": "Halte Dinas Bina Marga"}}, {"type": "Feature", "geometry": {"type": "Point", "coordinates": [106.819622, -6.305741]}, "properties": {"jenis": "halte_brt", "nama": "Jl. Saco Ragunan, Kec. Ps. Minggu, Kota Jakarta Selatan, Daerah Khusus Ibukota Jakarta 12550 (Halte Busway Kebun Binatan", "jenis_asli": "Busway", "sumber": "Halte Dinas Bina Marga"}}, {"type": "Feature", "geometry": {"type": "Point", "coordinates": [106.827548, -6.278375]}, "properties": {"jenis": "halte_brt", "nama": "Jl. Warung Jati Bar., Kota Jakarta Selatan, Daerah Khusus Ibukota Jakarta 12510 (Halte Busway Pejaten)", "jenis_asli": "Busway", "sumber": "Halte Dinas Bina Marga"}}, {"type": "Feature", "geometry": {"type": "Point", "coordinates": [106.843991, -6.243028]}, "properties": {"jenis": "halte_brt", "nama": "Jl. MT Haryono RT.2/RW.2, Tebet Bar., Kec. Tebet, Kota Jakarta Selatan, Daerah Khusus Ibukota Jakarta 12780 (Halte Buswa", "jenis_asli": "Busway", "sumber": "Halte Dinas Bina Marga"}}, {"type": "Feature", "geometry": {"type": "Point", "coordinates": [106.821623, -6.232508]}, "properties": {"jenis": "halte_brt", "nama": "AH2, RT.5/RW.4, Kuningan Tim., Kecamatan Setiabudi, Kota Jakarta Selatan, Daerah Khusus Ibukota Jakarta, 12710 (Halte Bu", "jenis_asli": "Busway", "sumber": "Halte Dinas Bina Marga"}}, {"type": "Feature", "geometry": {"type": "Point", "coordinates": [106.821051, -6.232586]}, "properties": {"jenis": "halte_brt", "nama": "Jl. Gatot Subroto, RT.6/RW.3, Kuningan, Kuningan Tim., Kecamatan Setiabudi, Kota Jakarta Selatan, Daerah Khusus Ibukota ", "jenis_asli": "Busway", "sumber": "Halte Dinas Bina Marga"}}, {"type": "Feature", "geometry": {"type": "Point", "coordinates": [106.838138, -6.2415]}, "properties": {"jenis": "halte_brt", "nama": "Jl. Gatot Subroto, RT.7/RW.1, Senayan, Kec. Kby. Baru, Kota Jakarta Selatan, Daerah Khusus Ibukota Jakarta 12190 (Halte ", "jenis_asli": "Busway", "sumber": "Halte Dinas Bina Marga"}}, {"type": "Feature", "geometry": {"type": "Point", "coordinates": [106.786253, -6.233828]}, "properties": {"jenis": "halte_brt", "nama": "Jl. Teuku Nyak Arief RW., RT.5/RW.2, Grogol Sel., Kec. Kby. Lama, Kota Jakarta Selatan, Daerah Khusus Ibukota Jakarta 12", "jenis_asli": "Busway", "sumber": "Halte Dinas Bina Marga"}}, {"type": "Feature", "geometry": {"type": "Point", "coordinates": [106.789285, -6.225269]}, "properties": {"jenis": "halte_non_brt", "nama": "Jl. Teuku Nyak Arief 1, RT.7/RW.8, Grogol Sel., Kec. Kby. Lama, Kota Jakarta Selatan, Daerah Khusus Ibukota Jakarta 1222", "jenis_asli": "Reguler", "sumber": "Halte Dinas Bina Marga"}}, {"type": "Feature", "geometry": {"type": "Point", "coordinates": [106.782274, -6.26152]}, "properties": {"jenis": "halte_non_brt", "nama": "Jl. Sultan Iskandar Muda, RT.9/RW.9, Kby. Lama Sel., Kec. Kby. Lama, Kota Jakarta Selatan, Daerah Khusus Ibukota Jakarta", "jenis_asli": "Reguler", "sumber": "Halte Dinas Bina Marga"}}, {"type": "Feature", "geometry": {"type": "Point", "coordinates": [106.790128, -6.22369]}, "properties": {"jenis": "halte_non_brt", "nama": "Depan KANTOR POS Jl. Ciputat Raya RT.9/RW.8, Kby. Lama Utara Kby. Lama, Kota Jakarta Selatan, Daerah Khusus Ibukota Jaka", "jenis_asli": "Reguler", "sumber": "Halte Dinas Bina Marga"}}, {"type": "Feature", "geometry": {"type": "Point", "coordinates": [106.805038, -6.3391]}, "properties": {"jenis": "halte_non_brt", "nama": "Jl. Margasatwa Raya, RT.4/RW.3, Pd. Labu, Kec. Cilandak, Kota Jakarta Selatan, Daerah Khusus Ibukota Jakarta 12550 (Halt", "jenis_asli": "Reguler", "sumber": "Halte Dinas Bina Marga"}}, {"type": "Feature", "geometry": {"type": "Point", "coordinates": [106.84854, -6.304452]}, "properties": {"jenis": "halte_non_brt", "nama": "Jl. TB Simatupang 63-61, RT.6/RW.5, Tj. Bar., Kec. Jagakarsa, Kota Jakarta Selatan, Daerah Khusus Ibukota Jakarta 12530 ", "jenis_asli": "Reguler", "sumber": "Halte Dinas Bina Marga"}}, {"type": "Feature", "geometry": {"type": "Point", "coordinates": [106.850139, -6.304111]}, "properties": {"jenis": "halte_non_brt", "nama": "Jl. Ampera Raya, RT.2/RW.2, Ragunan, Kec. Ps. Minggu, Kota Jakarta Selatan, Daerah Khusus Ibukota Jakarta 12560 (Halte A", "jenis_asli": "Reguler", "sumber": "Halte Dinas Bina Marga"}}, {"type": "Feature", "geometry": {"type": "Point", "coordinates": [106.800335, -6.245915]}, "properties": {"jenis": "halte_non_brt", "nama": "JL. Melawai Raya Jakarta Selatan, RT.4/RW.6, Melawai, Kec. Kby. Baru, Kota Jakarta Selatan, Daerah Khusus Ibukota Jakart", "jenis_asli": "Reguler", "sumber": "Halte Dinas Bina Marga"}}, {"type": "Feature", "geometry": {"type": "Point", "coordinates": [106.807618, -6.234229]}, "properties": {"jenis": "halte_non_brt", "nama": "Jl. Gunawarman 4, RT.4/RW.2, Selong, Kec. Kby. Baru, Kota Jakarta Selatan, Daerah Khusus Ibukota Jakarta 12110 (Halte Gu", "jenis_asli": "Reguler", "sumber": "Halte Dinas Bina Marga"}}, {"type": "Feature", "geometry": {"type": "Point", "coordinates": [106.807747, -6.249066]}, "properties": {"jenis": "halte_non_brt", "nama": "Jl. Prapanca Raya 9, RT.1/RW.1, Petogogan, Kec. Kby. Baru, Kota Jakarta Selatan, Daerah Khusus Ibukota Jakarta 12170 (Ha", "jenis_asli": "Reguler", "sumber": "Halte Dinas Bina Marga"}}, {"type": "Feature", "geometry": {"type": "Point", "coordinates": [106.797203, -6.244333]}, "properties": {"jenis": "halte_non_brt", "nama": "Jl. Bulungan, RT.6/RW.7, Kramat Pela, Kec. Kby. Baru, Kota Jakarta Selatan, Daerah Khusus Ibukota Jakarta 12130 (TK/SD K", "jenis_asli": "Reguler", "sumber": "Halte Dinas Bina Marga"}}, {"type": "Feature", "geometry": {"type": "Point", "coordinates": [106.779431, -6.22969]}, "properties": {"jenis": "halte_non_brt", "nama": "Jl. Raya Kby. Lama, RT.2/RW.10, Grogol Utara, Kec. Kby. Lama, Kota Jakarta Selatan, Daerah Khusus Ibukota Jakarta 11560 ", "jenis_asli": "Reguler", "sumber": "Halte Dinas Bina Marga"}}, {"type": "Feature", "geometry": {"type": "Point", "coordinates": [106.76636, -6.263468]}, "properties": {"jenis": "halte_non_brt", "nama": "Jl. Bintaro Raya, RT.2/RW.10, Kby. Lama Sel., Kec. Kby. Lama, Kota Jakarta Selatan, Daerah Khusus Ibukota Jakarta 12240 ", "jenis_asli": "Reguler", "sumber": "Halte Dinas Bina Marga"}}, {"type": "Feature", "geometry": {"type": "Point", "coordinates": [106.834951, -6.323135]}, "properties": {"jenis": "halte_non_brt", "nama": "Jl. Lenteng Agung Raya, RT.4/RW.1, Lenteng Agung, Kec. Jagakarsa, Kota Jakarta Selatan, Daerah Khusus Ibukota Jakarta 12", "jenis_asli": "Reguler", "sumber": "Halte Dinas Bina Marga"}}, {"type": "Feature", "geometry": {"type": "Point", "coordinates": [106.83974, -6.302098]}, "properties": {"jenis": "halte_non_brt", "nama": "Jl. Tj. Barat Raya, RT.7/RW.7, Ps. Minggu, Kec. Ps. Minggu, Kota Jakarta Selatan, Daerah Khusus Ibukota Jakarta 12520 (H", "jenis_asli": "Reguler", "sumber": "Halte Dinas Bina Marga"}}, {"type": "Feature", "geometry": {"type": "Point", "coordinates": [106.840788, -6.294779]}, "properties": {"jenis": "halte_non_brt", "nama": "Jl. Komp. Depkes, RT.1/RW.7, Ps. Minggu, Kec. Ps. Minggu, Kota Jakarta Selatan, Daerah Khusus Ibukota Jakarta 12520 (Hal", "jenis_asli": "Reguler", "sumber": "Halte Dinas Bina Marga"}}, {"type": "Feature", "geometry": {"type": "Point", "coordinates": [106.807484, -6.231457]}, "properties": {"jenis": "halte_non_brt", "nama": "Jl. Gunawarman (S-U) depan GD. Hypoxy)", "jenis_asli": "Reguler", "sumber": "Halte Dinas Bina Marga"}}, {"type": "Feature", "geometry": {"type": "Point", "coordinates": [106.848643, -6.303977]}, "properties": {"jenis": "halte_non_brt", "nama": "Jl. TB. Simatupang Jakarta Selatan, RT.6/RW.5, Tj. Bar., Kec. Jagakarsa, Kota Jakarta Selatan, Daerah Khusus Ibukota Jak", "jenis_asli": "Reguler", "sumber": "Halte Dinas Bina Marga"}}, {"type": "Feature", "geometry": {"type": "Point", "coordinates": [106.848625, -6.303985]}, "properties": {"jenis": "halte_non_brt", "nama": "Jl. TB Simatupang, RW.5, Tj. Bar., Kec. Jagakarsa, Kota Jakarta Selatan, Daerah Khusus Ibukota Jakarta 12530 (Halte Muar", "jenis_asli": "Reguler", "sumber": "Halte Dinas Bina Marga"}}, {"type": "Feature", "geometry": {"type": "Point", "coordinates": [106.817149, -6.291273]}, "properties": {"jenis": "halte_non_brt", "nama": "Jl. Wolter Monginsidi 88-86, RT.1/RW.4, Rw. Bar., Kec. Kby. Baru, Kota Jakarta Selatan, Daerah Khusus Ibukota Jakarta 12", "jenis_asli": "Reguler", "sumber": "Halte Dinas Bina Marga"}}, {"type": "Feature", "geometry": {"type": "Point", "coordinates": [106.800317, -6.245886]}, "properties": {"jenis": "halte_non_brt", "nama": "Jl. Gunawarman 4, RT.4/RW.2, Selong, Kec. Kby. Baru, Kota Jakarta Selatan, Daerah Khusus Ibukota Jakarta 12110 (Halte Gu", "jenis_asli": "Reguler", "sumber": "Halte Dinas Bina Marga"}}, {"type": "Feature", "geometry": {"type": "Point", "coordinates": [106.807618, -6.234229]}, "properties": {"jenis": "halte_non_brt", "nama": "Jl. Prapanca Raya 9, RT.1/RW.1, Petogogan, Kec. Kby. Baru, Kota Jakarta Selatan, Daerah Khusus Ibukota Jakarta 12170 (Ha", "jenis_asli": "Reguler", "sumber": "Halte Dinas Bina Marga"}}, {"type": "Feature", "geometry": {"type": "Point", "coordinates": [106.807819, -6.24914]}, "properties": {"jenis": "halte_non_brt", "nama": "Jl. Bulungan 76-77, RT.6/RW.6, Kramat Pela, Kec. Kby. Baru, Kota Jakarta Selatan, Daerah Khusus Ibukota Jakarta 12130 (D", "jenis_asli": "Reguler", "sumber": "Halte Dinas Bina Marga"}}, {"type": "Feature", "geometry": {"type": "Point", "coordinates": [106.844515, -6.237559]}, "properties": {"jenis": "halte_non_brt", "nama": "Jl. Dr. Saharjo 82-80, RT.13/RW.8, Ps. Manggis, Kec. Tebet, Kota Jakarta Selatan, Daerah Khusus Ibukota Jakarta 12850 (H", "jenis_asli": "Reguler", "sumber": "Halte Dinas Bina Marga"}}, {"type": "Feature", "geometry": {"type": "Point", "coordinates": [106.778536, -6.218499]}, "properties": {"jenis": "halte_non_brt", "nama": "Jl. RC. Veteran Raya 21-62, RT.8/RW.1, Bintaro, Kec. Pesanggrahan, Kota Jakarta Selatan, Daerah Khusus Ibukota Jakarta 1", "jenis_asli": "Reguler", "sumber": "Halte Dinas Bina Marga"}}, {"type": "Feature", "geometry": {"type": "Point", "coordinates": [106.82934, -6.207382]}, "properties": {"jenis": "halte_non_brt", "nama": "Jl. H. R. Rasuna Said, Guntur, Kecamatan Setiabudi, Kota Jakarta Selatan, Daerah Khusus Ibukota Jakarta (Halte Setia Bud", "jenis_asli": "Reguler", "sumber": "Halte Dinas Bina Marga"}}, {"type": "Feature", "geometry": {"type": "Point", "coordinates": [106.838751, -6.30764]}, "properties": {"jenis": "halte_non_brt", "nama": "Jl. Raya Ps. Minggu, RT.1/RW.8, Ps. Minggu, Kec. Ps. Minggu, Kota Jakarta Selatan, Daerah Khusus Ibukota Jakarta 12520 (", "jenis_asli": "Reguler", "sumber": "Halte Dinas Bina Marga"}}, {"type": "Feature", "geometry": {"type": "Point", "coordinates": [106.840197, -6.297697]}, "properties": {"jenis": "halte_non_brt", "nama": "Jl. Tj. Barat Raya, RT.7/RW.7, Ps. Minggu, Kec. Ps. Minggu, Kota Jakarta Selatan, Daerah Khusus Ibukota Jakarta 12520 (H", "jenis_asli": "Reguler", "sumber": "Halte Dinas Bina Marga"}}, {"type": "Feature", "geometry": {"type": "Point", "coordinates": [106.838711, -6.307613]}, "properties": {"jenis": "halte_non_brt", "nama": "Jl. Lenteng Agung Raya 40-4, RT.4/RW.1, Lenteng Agung, Kec. Jagakarsa, Kota Jakarta Selatan, Daerah Khusus Ibukota Jakar", "jenis_asli": "Reguler", "sumber": "Halte Dinas Bina Marga"}}, {"type": "Feature", "geometry": {"type": "Point", "coordinates": [106.849535, -6.304128]}, "properties": {"jenis": "halte_non_brt", "nama": "4. Jl. TB. Simatupang (T-B) depan gedung ACC Finance", "jenis_asli": "Reguler", "sumber": "Halte Dinas Bina Marga"}}, {"type": "Feature", "geometry": {"type": "Point", "coordinates": [106.705725, -6.154315]}, "properties": {"jenis": "terminal_bus", "nama": "Terminal Kalideres", "jenis_asli": "TERMINAL", "sumber": "Terminal"}}, {"type": "Feature", "geometry": {"type": "Point", "coordinates": [106.723845, -6.160054]}, "properties": {"jenis": "terminal_bus", "nama": "Terminal Rawa Buaya", "jenis_asli": "TERMINAL", "sumber": "Terminal"}}, {"type": "Feature", "geometry": {"type": "Point", "coordinates": [106.790224, -6.166359]}, "properties": {"jenis": "terminal_bus", "nama": "Terminal Grogol", "jenis_asli": "TERMINAL", "sumber": "Terminal"}}, {"type": "Feature", "geometry": {"type": "Point", "coordinates": [106.881854, -6.109772]}, "properties": {"jenis": "terminal_bus", "nama": "Terminal Tanjung Priuk", "jenis_asli": "TERMINAL", "sumber": "Terminal"}}, {"type": "Feature", "geometry": {"type": "Point", "coordinates": [106.847501, -6.209029]}, "properties": {"jenis": "terminal_bus", "nama": "Terminal Manggarai", "jenis_asli": "TERMINAL", "sumber": "Terminal"}}, {"type": "Feature", "geometry": {"type": "Point", "coordinates": [106.843793, -6.283145]}, "properties": {"jenis": "terminal_bus", "nama": "Terminal Pasar Minggu", "jenis_asli": "TERMINAL", "sumber": "Terminal"}}, {"type": "Feature", "geometry": {"type": "Point", "coordinates": [106.820028, -6.305454]}, "properties": {"jenis": "terminal_bus", "nama": "Terminal Bus Ragunan", "jenis_asli": "TERMINAL", "sumber": "Terminal"}}, {"type": "Feature", "geometry": {"type": "Point", "coordinates": [106.932554, -6.221348]}, "properties": {"jenis": "terminal_bus", "nama": "Terminal Bus Klender", "jenis_asli": "TERMINAL", "sumber": "Terminal"}}, {"type": "Feature", "geometry": {"type": "Point", "coordinates": [106.866634, -6.224914]}, "properties": {"jenis": "terminal_bus", "nama": "Kampung Melayu", "jenis_asli": "TERMINAL", "sumber": "Terminal"}}, {"type": "Feature", "geometry": {"type": "Point", "coordinates": [106.883542, -6.310239]}, "properties": {"jenis": "terminal_bus", "nama": "Terminal Kampung Rambutan", "jenis_asli": "TERMINAL", "sumber": "Terminal"}}, {"type": "Feature", "geometry": {"type": "Point", "coordinates": [106.886441, -6.291803]}, "properties": {"jenis": "terminal_bus", "nama": "Terminal Bus Pinang Ranti", "jenis_asli": "TERMINAL", "sumber": "Terminal"}}, {"type": "Feature", "geometry": {"type": "Point", "coordinates": [106.868375, -6.344029]}, "properties": {"jenis": "halte_non_brt", "nama": "Halte Pasar Rebo", "jenis_asli": "TERMINAL", "sumber": "Terminal"}}, {"type": "Feature", "geometry": {"type": "Point", "coordinates": [106.939609, -6.213978]}, "properties": {"jenis": "halte_non_brt", "nama": "Halte Penggilingan", "jenis_asli": "TERMINAL", "sumber": "Terminal"}}, {"type": "Feature", "geometry": {"type": "Point", "coordinates": [106.945345, -6.212529]}, "properties": {"jenis": "halte_non_brt", "nama": "Halte Walikota Jakarta Timur", "jenis_asli": "TERMINAL", "sumber": "Terminal"}}, {"type": "Feature", "geometry": {"type": "Point", "coordinates": [106.952314, -6.211275]}, "properties": {"jenis": "terminal_bus", "nama": "Terminal Pulo Gebang", "jenis_asli": "TERMINAL", "sumber": "Terminal"}}, {"type": "Feature", "geometry": {"type": "Point", "coordinates": [106.891335, -6.197945]}, "properties": {"jenis": "terminal_bus", "nama": "Terminal Bus Rawamangun", "jenis_asli": "TERMINAL", "sumber": "Terminal"}}, {"type": "Feature", "geometry": {"type": "Point", "coordinates": [106.831089, -6.17893]}, "properties": {"jenis": "halte_brt", "nama": "Halte Busway Gambir", "jenis_asli": "TERMINAL", "sumber": "Terminal"}}, {"type": "Feature", "geometry": {"type": "Point", "coordinates": [106.822842, -6.17603]}, "properties": {"jenis": "halte_brt", "nama": "Halte Busway Monas", "jenis_asli": "TERMINAL", "sumber": "Terminal"}}, {"type": "Feature", "geometry": {"type": "Point", "coordinates": [106.830807, -6.168041]}, "properties": {"jenis": "halte_brt", "nama": "Halte Busway Juanda", "jenis_asli": "TERMINAL", "sumber": "Terminal"}}, {"type": "Feature", "geometry": {"type": "Point", "coordinates": [106.828198, -6.167814]}, "properties": {"jenis": "halte_brt", "nama": "Halte Busway Pecenongan", "jenis_asli": "TERMINAL", "sumber": "Terminal"}}, {"type": "Feature", "geometry": {"type": "Point", "coordinates": [106.83091, -6.172236]}, "properties": {"jenis": "halte_brt", "nama": "Halte Busway Istiqlal", "jenis_asli": "TERMINAL", "sumber": "Terminal"}}, {"type": "Feature", "geometry": {"type": "Point", "coordinates": [106.822977, -6.182588]}, "properties": {"jenis": "halte_brt", "nama": "Halte Busway Bank Indonesia", "jenis_asli": "TERMINAL", "sumber": "Terminal"}}, {"type": "Feature", "geometry": {"type": "Point", "coordinates": [106.816946, -6.169994]}, "properties": {"jenis": "halte_brt", "nama": "Halte Busway Petojo", "jenis_asli": "TERMINAL", "sumber": "Terminal"}}, {"type": "Feature", "geometry": {"type": "Point", "coordinates": [106.810098, -6.171165]}, "properties": {"jenis": "halte_brt", "nama": "Halte Busway Rs Tarakan", "jenis_asli": "TERMINAL", "sumber": "Terminal"}}, {"type": "Feature", "geometry": {"type": "Point", "coordinates": [106.827646, -6.180243]}, "properties": {"jenis": "halte_brt", "nama": "Halte Busway Bali Kota", "jenis_asli": "TERMINAL", "sumber": "Terminal"}}, {"type": "Feature", "geometry": {"type": "Point", "coordinates": [106.823134, -6.198575]}, "properties": {"jenis": "halte_non_brt", "nama": "Halte Tosari Icbc", "jenis_asli": "TERMINAL", "sumber": "Terminal"}}, {"type": "Feature", "geometry": {"type": "Point", "coordinates": [106.822265, -6.205289]}, "properties": {"jenis": "halte_non_brt", "nama": "Halte Dukuh Atas 1", "jenis_asli": "TERMINAL", "sumber": "Terminal"}}, {"type": "Feature", "geometry": {"type": "Point", "coordinates": [106.7972321, -6.2079197]}, "properties": {"jenis": "halte_brt", "nama": "Halte Stasiun Palmerah", "jenis_asli": "Pangkal rute 1B dan 1F", "sumber": "Konfirmasi rute resmi TransJakarta (web, 13 Sep 2026) - tidak tercatat di shapefile Bina Marga, OSM, maupun MAPID"}}]}